id,observed_on,Latitude,Longitude
8911554,2017-11-23,28.1207,-80.5753333333
8964834,2017-11-21,25.9428707,-80.1233802
9056538,2017-12-05,28.3409114136,-80.6054185052
9178128,2017-12-17,26.0005059745,-80.1159215626
9212777,2017-12-17,26.30418439,-80.07651791
9260284,2017-12-23,26.2950204459,-80.0775662941
9261542,2017-12-17,26.30161094,-80.07680326
9285661,2017-12-28,26.896095,-80.0575861667
9396441,2018-01-07,26.0575466156,-80.1115951538
9425169,2018-01-09,26.5285986976,-80.0469068137
9509381,2018-01-16,26.8208194013,-80.0374594831
9527991,2018-01-19,26.9245823426,-80.0671771915
9527994,2018-01-19,26.924757734,-80.067125056
9527997,2018-01-19,26.9247713965,-80.0671197754
9527999,2018-01-19,26.9247961231,-80.0671444182
9528001,2018-01-19,26.9247916807,-80.0671442506
9528003,2018-01-19,26.9248126354,-80.0671483577
9528004,2018-01-19,26.9248176646,-80.0671740063
9528005,2018-01-19,26.9248202211,-80.0671706536
9528007,2018-01-19,26.9248401281,-80.0671720785
9528010,2018-01-19,26.9248884078,-80.0672011637
9528012,2018-01-19,26.9249750348,-80.0671843161
9528013,2018-01-19,26.9250421319,-80.0671817177
9528014,2018-01-19,26.9250730193,-80.0672317576
9528152,2018-01-19,26.9250645954,-80.0672228728
9528153,2018-01-19,26.9250935968,-80.0672135689
9528162,2018-01-19,26.9250934292,-80.0671946258
9528165,2018-01-19,26.9251175272,-80.067223711
9528167,2018-01-19,26.9251759071,-80.0672311709
9528168,2018-01-19,26.9251809782,-80.0672488567
9528170,2018-01-19,26.9251886895,-80.0672220346
9528171,2018-01-19,26.9252070878,-80.0672569034
9528173,2018-01-19,26.9251992088,-80.0672333502
9528183,2018-01-19,26.9252613606,-80.0672726613
9535086,2018-01-19,25.67782,-80.1542805
9553040,2018-01-21,26.2222546712,-80.0894431305
9565208,2018-01-22,28.654555,-80.63105
9565808,2018-01-22,24.7522327744,-80.9693275977
9633045,2018-01-27,28.06956665,-80.55669177
9637604,2017-12-04,28.13866,-80.5802544
9697910,2018-02-01,28.3686399559,-80.601731725
9716871,2018-02-03,26.01392069,-80.11516901
9717097,2018-02-03,26.0098393,-80.11521151
9730937,2018-02-04,26.7018833333,-80.0330195
9761973,2018-02-07,26.804925,-80.0332028333
9796124,2018-02-09,26.1254234473,-80.1033096482
9796716,2018-02-08,25.6142940285,-80.3060977964
9811306,2018-02-10,25.7438633333,-80.210495
9811871,2018-02-10,25.7439016784,-80.2105383296
9812882,2018-02-10,25.74394148,-80.21044592
9818730,2018-02-10,29.2316665649,-81.0097198486
9821129,2018-02-10,26.115925,-80.1039416667
9821479,2018-02-11,27.2067211429,-80.1693826821
9821484,2018-02-11,27.2068731487,-80.1693566982
9821509,2018-02-11,27.2066419339,-80.1692789142
9821511,2018-02-11,27.2066261759,-80.1692618989
9821522,2018-02-11,27.2065896308,-80.1692458057
9821524,2018-02-11,27.2063455917,-80.1691223402
9821525,2018-02-11,27.2062298795,-80.1690139622
9821544,2018-02-11,27.2060128721,-80.1690189914
9821625,2018-02-11,27.2057739459,-80.1687500999
9821683,2018-02-11,27.2054178827,-80.1686371957
9823113,2018-02-11,27.1882519964,-80.1602720563
9823234,2018-02-11,27.1891969303,-80.1600457449
9823347,2018-02-11,27.1891799569,-80.1601370239
9824544,2018-02-11,27.2055600398,-80.1686459967
9824548,2018-02-11,27.2054685513,-80.1685673744
9824551,2018-02-11,27.2054445371,-80.1685773489
9824552,2018-02-11,27.2051442135,-80.168344332
9824558,2018-02-11,27.2056049248,-80.1687516087
9824560,2018-02-11,27.2058235249,-80.1688485873
9824566,2018-02-11,27.2067703447,-80.1693427843
9825105,2018-02-11,27.2051148769,-80.1683606767
9825152,2018-02-11,27.2051408608,-80.1683563181
9825156,2018-02-11,27.2049671877,-80.1682723314
9825157,2018-02-11,27.2049301397,-80.1682585851
9825160,2018-02-11,27.2045291076,-80.168085415
9825239,2018-02-11,26.9300583333,-80.0683278333
9826564,2018-02-11,25.7690716667,-80.1302195
9834771,2018-02-12,27.1878568735,-80.1600237005
9834795,2018-02-12,27.1894628881,-80.160369454
9834798,2018-02-12,27.1883985959,-80.160058234
9834799,2018-02-12,27.1883718996,-80.1600537077
9834800,2018-02-12,27.1876041591,-80.1600101218
9834825,2018-02-12,27.1874363534,-80.16013233
9834923,2018-02-12,27.1877594758,-80.1600627602
9845605,2018-02-13,27.2069615359,-80.1694436186
9845801,2018-02-13,27.20711987,-80.16952727
9846272,2018-02-12,27.0653055,-80.1140833333
9849354,2018-02-13,27.1864499292,-80.1603379381
9849610,2018-02-13,27.1863640566,-80.1603435539
9850011,2018-02-13,27.1864863485,-80.1603288856
9869643,2018-02-15,29.0193704004,-80.8836536017
9869681,2018-02-15,29.0167739382,-80.8821760398
9896480,2018-02-17,26.4622241295,-80.0565855165
9928288,2018-02-17,26.5416997397,-80.043007073
9949499,2018-02-21,26.3376254915,-80.0703734626
9977733,2018-02-24,25.751325,-80.1466361667
9979233,2018-02-24,26.0496120453,-80.1126785278
9990490,2018-02-25,29.202340497,-81.0144673318
9992602,2018-02-24,27.2433523746,-80.1896277685
9993562,2018-02-25,28.1935467387,-80.5937612671
9994825,2018-02-25,26.9103366667,-80.0621945
9997993,2018-02-24,29.2940116667,-81.0396888333
10019113,2018-02-27,25.7317796862,-80.1623066795
10024613,2018-02-25,27.66117,-80.3579116667
10032831,2018-02-28,27.210040167,-80.1711647586
10176862,2018-03-10,25.8911296154,-80.1228219643
10191082,2018-03-11,25.7186966667,-80.1484
10191090,2018-03-11,25.7186366667,-80.1484971667
10222345,2018-02-25,28.1476602976,-80.5816920988
10268917,2018-03-16,30.0080888833,-81.3437866667
11075271,2018-02-23,26.3607859415,-80.0685028732
11395407,2018-02-24,27.6763133333,-80.3620833333
11449383,2018-02-28,28.3386116028,-80.6072235107
11695472,2018-04-06,28.369243975,-80.6014974637
12514116,2018-05-16,30.292855,-81.389045
13117402,2018-06-04,28.5990310586,-80.8061458146
13256172,2018-06-08,33.9110263722,-78.2907062397
13363711,2018-06-12,35.606716156,-75.4679107666
13565977,2018-06-18,28.0599439768,-80.5519119493
14983254,2018-04-01,26.7151625124,-80.0330251886
15210056,2018-02-26,28.0616028333,-80.5531383333
16014146,2018-02-23,26.786645,-80.0331805
16067126,2018-02-24,26.71465,-80.0330416667
16407665,2018-02-10,26.9618021142,-80.077447654
16912782,2018-09-25,36.2049012096,-75.7604290461
17529249,2018-10-14,27.46937,-80.291389
18015047,2018-11-01,25.6152216032,-80.3052728623
18142658,2018-11-04,27.4983615875,-80.2994995117
18143517,2018-11-05,25.6156688985,-80.3065573913
18260985,2018-02-15,26.2251583333,-80.0890666667
18357072,2018-11-12,28.7055904399,-80.6682609022
18412155,2018-11-09,35.42505,-75.4845966667
18412233,2018-11-09,35.42495,-75.4846416667
18476401,2018-11-18,28.6574973632,-80.6328959764
18499322,2018-11-18,28.6573725986,-80.6329368801
18509614,2018-11-19,28.009875,-80.5290916667
18511769,2018-11-19,29.2772293091,-81.031867981
18525332,2018-06-23,38.7854898291,-75.086708151
18550440,2018-11-19,24.740305,-80.98085
18574455,2018-02-03,26.442367,-80.060151
18732923,2018-11-30,26.3866653442,-80.0664138794
18742959,2018-11-30,26.39147,-80.0678753889
18744017,2018-11-30,26.391095,-80.0661116667
18778123,2018-12-01,25.7922188156,-80.1260510849
18898016,2018-02-14,25.7761211646,-80.1289047739
18901399,2018-12-08,26.97786589,-80.08225059
18921408,2018-05-10,28.94895,-80.8379216667
19018610,2018-12-14,26.780852053,-80.0338284243
19030563,2018-12-14,26.7921710985,-80.0315985355
19038019,2018-12-15,24.7412116667,-80.9800033333
19047661,2018-12-16,25.87128295,-80.11951905
19099518,2018-12-19,26.184699554,-80.0953224488
19120845,2018-12-08,26.3714332,-80.0770645
19215062,2018-12-25,26.5760000199,-80.03805517
19254693,2018-12-26,25.8041667938,-80.1227798462
19256368,2018-12-27,28.0830367981,-80.5620362052
19257173,2018-12-27,27.0684945,-80.1156388333
19259421,2018-12-27,24.8493633333,-80.7367383333
19270012,2018-12-28,26.887775,-80.0550916667
19276344,2018-12-28,26.1859355914,-80.0951451716
19295178,2018-12-28,24.7414083333,-80.9799416667
19312952,2018-12-30,26.2962283333,-80.0773916667
19331575,2018-12-31,26.1657885811,-80.0979240326
19343980,2018-12-31,25.715612944,-80.149744183
19362717,2019-01-01,25.9719,-80.118225
19364271,2019-01-01,34.6967783333,-76.7298583333
19364620,2019-01-01,25.9724966667,-80.1183028333
19407162,2019-01-03,27.8796356,-80.4580402
19589381,2019-01-12,26.790120774,-80.0316632354
19822261,2019-01-23,25.822829098,-80.1233096275
19824771,2019-01-23,25.7319019782,-80.1620528755
19824794,2019-01-23,25.7317705499,-80.1619814616
19843027,2019-01-24,25.7514716667,-80.1461721667
19844038,2019-01-24,25.7395181673,-80.1696309287
19844375,2019-01-24,25.7342546295,-80.1433621612
19848580,2019-01-24,26.8222964716,-80.037977652
19848587,2019-01-24,26.8222260642,-80.038023399
19862118,2019-01-25,25.7440335564,-80.2103500057
19875378,2019-01-24,27.277989,-80.206704
19890484,2019-01-26,24.9675006866,-80.5622253418
19904796,2019-01-27,25.7906969333,-80.1304570093
19908816,2019-01-27,25.782972076,-80.1277865656
19922642,2019-01-26,28.330117,-80.607108
19969295,2019-01-25,24.8959883333,-80.66407
19987669,2019-01-25,26.8930772,-80.0566595
20011696,2019-02-01,26.0059518647,-80.1155377553
20019786,2019-02-01,25.66993723,-80.15362401
20031906,2019-02-02,28.3720664119,-80.6042856172
20032066,2019-02-02,28.3878372923,-80.6043701456
20033055,2019-02-02,25.7434729313,-80.2104775516
20052996,2019-02-02,26.0134111167,-80.1150666667
20060519,2019-02-02,25.719745,-80.1480861667
20060868,2019-02-03,27.1930830382,-80.1626530079
20085140,2019-02-04,27.0667419769,-80.1147781872
20086896,2019-02-04,26.9330633333,-80.0687638333
20131953,2019-02-05,25.8637858406,-80.1189830527
20145421,2019-02-01,25.6685768945,-80.1581982896
20185916,2019-02-06,26.6279283333,-80.0365445
20201334,2019-02-08,25.87982421,-80.12025397
20212142,2019-02-08,26.8858604431,-80.0545196533
20217691,2019-02-04,28.0548638333,-80.5501033333
20230878,2019-02-09,26.4594643563,-80.0578600961
20253787,2019-02-10,25.7142852713,-80.1507230569
20260062,2019-02-10,27.2659710981,-80.2010516078
20268541,2019-02-07,25.6796796484,-80.2562339517
20301253,2019-02-07,26.821657056,-80.0380493236
20304493,2019-02-12,28.3107149955,-80.607839115
20347232,2019-02-14,26.933340719,-80.0687347167
20355308,2019-02-08,25.9702266704,-80.0985733563
20368570,2019-02-15,26.9625173277,-80.07777703
20374719,2019-02-10,25.9204716667,-80.121125
20431562,2019-02-17,26.3637341545,-80.0681089237
20432444,2019-02-17,27.3654,-80.24617
20463491,2019-02-15,25.6809036944,-80.2590344167
20463495,2019-02-15,25.6811937222,-80.2590766389
20470771,2019-02-18,26.0821266174,-80.1096191406
20488425,2019-02-19,26.1851833333,-80.0952528333
20489785,2019-02-19,26.1406793356,-80.1019839557
20495373,2019-02-15,25.6810321848,-80.2587073669
20500112,2019-02-19,24.9461116791,-80.5983352661
20501096,2019-02-19,28.2731553271,-80.6058352766
20507871,2019-02-19,25.7901086851,-80.126698345
20541627,2019-02-21,25.7788166667,-80.1284028333
20550119,2019-02-18,26.1888812603,-80.0927795976
20579491,2019-02-22,28.3315115283,-80.609732587
20679332,2019-02-23,26.3606579136,-80.068641007
20691267,2019-02-23,26.8857880449,-80.0545435679
20705198,2019-02-21,25.7709314643,-80.1308380144
20792253,2019-02-17,24.7294416667,-81.0017
20808254,2019-02-09,27.1800783333,-80.1589278333
20816654,2019-02-10,25.672005,-80.1529388333
20816862,2019-02-19,25.7167633333,-80.147925
20868536,2019-02-26,28.0278301472,-80.5378707592
20868544,2019-02-26,28.028935385,-80.5383828935
20899132,2019-03-02,26.1430083333,-80.1028583333
20901993,2019-02-20,25.7176016667,-80.148785
20901995,2019-02-20,25.7176616667,-80.14883
21025841,2019-03-07,26.7728317576,-80.0436334313
21111424,2019-03-10,26.883845,-80.05365
21115204,2019-02-23,27.7978076935,-80.4150466919
21213295,2019-03-13,28.3371486096,-80.605973471
21237457,2019-03-14,26.9853716667,-80.085
21261194,2019-02-01,28.6765155792,-80.6465072632
21406156,2019-03-19,25.7651554876,-80.1304102689
21553631,2019-03-10,28.3455866667,-80.6075583333
21754910,2019-03-29,28.3265886217,-80.6068355329
21806612,2019-03-30,25.8029613495,-80.1246948242
21809960,2019-03-30,28.3506537111,-80.6044397041
21996207,2019-04-04,26.5839936544,-80.037720911
22003145,2019-04-04,25.6873166407,-80.1564425956
22311101,2019-03-29,26.5415217793,-80.0438576056
22434463,2019-04-13,26.392305,-80.0657361667
22758797,2019-04-20,35.4077349254,-75.4858105928
23714546,2018-12-28,25.793072286,-80.1319294512
24854622,2019-03-16,30.6801171476,-81.4329765113
24859807,2019-05-09,33.7630577087,-78.7821273804
24987538,2019-05-12,26.1947874645,-80.094043018
25257147,2019-05-17,27.7518195343,-80.3897532375
25340774,2019-05-11,26.616795,-80.0364
25392224,2019-05-19,31.476217672,-81.2041167568
25566904,2019-05-21,28.1242980957,-80.5757522583
25595918,2019-05-22,30.1562555,-81.35395
25640262,2019-05-23,30.60102,-81.4413616667
26210299,2018-02-24,26.1682383333,-80.09835
26754105,2019-06-10,32.5602533333,-80.1644221667
26965220,2019-06-05,32.1164198102,-80.8277309138
27335682,2019-04-03,29.0013141632,-80.8724212646
27600323,2019-06-17,31.3956773954,-81.2610591455
28316375,2019-05-24,29.8643116667,-81.2663716667
30789751,2019-01-05,25.7934716667,-80.1260445
32985278,2019-01-01,34.6944758113,-76.6843287163
33512445,2018-02-04,26.3109275782,-80.0755346737
33554668,2018-01-19,28.071759611,-80.5554256821
33554677,2018-01-19,28.0710774826,-80.5550908921
33680819,2019-02-01,27.204995,-80.16835
33987247,2019-10-06,35.6073641678,-75.4644813556
34330967,2019-10-13,35.2273100515,-75.6230877872
34763016,2019-05-24,31.24728,-81.2782816667
34763021,2019-05-24,31.2937783333,-81.2773066667
35290252,2019-11-04,29.2896938324,-81.0381317139
35380745,2019-11-06,29.9173639518,-81.2901770692
35414743,2019-11-07,35.4745553318,-75.4829588239
35567718,2019-11-11,28.0688422203,-80.5562478187
35672040,2019-11-14,30.5924732828,-81.4427254884
35887822,2019-11-17,25.7316714943,-80.1620868681
35961210,2019-11-15,30.0200117082,-81.3217183084
36168734,2019-11-28,25.7669277191,-80.1319732666
36168931,2019-11-28,25.7667484283,-80.1318130493
36190179,2019-11-29,25.7167177415,-80.1492919308
36190488,2019-11-29,25.7177783037,-80.1488568262
36198672,2019-11-29,26.328774998,-80.0728370716
36242148,2019-11-30,26.465575,-80.0567555
36274484,2019-02-02,26.6128888889,-80.0366583333
36318651,2019-11-30,26.10246667,-80.10448333
36332690,2019-11-30,26.1268249618,-80.1031680563
36364949,2019-11-30,25.85773333,-80.11887217
36404835,2019-12-01,26.090151471,-80.1091642058
36464807,2019-12-08,25.7863216541,-80.1273243498
36464828,2019-12-08,25.7866374815,-80.1272805311
36474823,2019-12-08,26.5854663849,-80.0378646851
36476635,2019-12-08,26.5869216919,-80.0374984741
36499552,2019-12-08,25.73728667,-80.15248883
36533567,2019-12-10,24.7166466667,-81.0241388333
36562183,2019-12-11,24.7166083333,-81.0241611667
36563078,2019-12-11,25.3309898376,-80.2577209473
36631332,2019-12-13,25.8125953674,-80.1212005615
36649774,2019-11-05,35.2310913851,-75.5425298165
36652045,2019-11-07,35.7157841716,-75.4963733622
36709259,2019-12-16,26.8964424133,-80.0576019287
36711519,2019-12-16,26.892370224,-80.0566177368
36733959,2019-12-17,26.4617012954,-80.0574171358
36738387,2019-12-17,25.8368600859,-80.1193995495
36801863,2019-12-20,26.1154842855,-80.1041877414
36802737,2019-12-20,27.64335,-80.35205833
36806288,2019-12-20,29.52218833,-81.14742217
36806302,2019-12-20,29.52010333,-81.14642217
36806305,2019-12-20,29.52058667,-81.1484305
36806318,2019-12-20,29.51794167,-81.145325
36806417,2019-12-20,25.819525,-80.1212388333
36807224,2019-12-19,27.3757313658,-80.252031684
36807228,2019-12-19,27.3766121781,-80.2524903417
36822862,2019-12-21,24.7412192786,-80.9800742136
36824672,2019-12-21,28.09332783,-80.56568
36834153,2019-12-21,26.9430968618,-80.0720322933
36842108,2019-12-21,29.24078833,-81.01366388
36842614,2019-12-21,28.35025333,-80.60478333
36866772,2019-12-22,25.7829394698,-80.1278234385
36874180,2019-02-19,26.6137247806,-80.0364788122
36893559,2019-12-23,25.73635,-80.15364717
36897400,2019-12-23,27.476755,-80.29156333
36951800,2019-12-21,26.923145,-80.0666971667
36969778,2019-12-26,25.70105,-80.1546555
36969945,2019-12-26,26.18379463,-80.09550121
36970049,2019-12-26,26.18393619,-80.09551835
36971288,2019-12-26,29.8438625336,-81.264213562
36972260,2019-12-26,26.8930830682,-80.0566183403
36973165,2019-12-26,26.4615353263,-80.0574072511
36974813,2019-12-26,26.795355,-80.03147217
36975637,2019-12-26,27.90859167,-80.473945
36978130,2019-12-26,28.3216495514,-80.6071395874
36997981,2019-12-27,25.8488138532,-80.1189895906
36998639,2019-12-27,30.2974243164,-81.3904418945
36999095,2019-12-27,28.3376607439,-80.6060477347
36999772,2019-12-27,28.0899894708,-80.5646906951
37001013,2019-12-27,29.648396275,-81.2037819532
37009482,2019-12-27,26.0173451555,-80.1147733133
37009680,2019-12-27,26.0165085454,-80.1147565793
37011210,2019-12-27,30.69125833,-81.428055
37012977,2019-12-27,28.6770436988,-80.6469932479
37012980,2019-12-27,28.6770436988,-80.6469932479
37013008,2019-12-27,28.6770436988,-80.6469932479
37013022,2019-12-27,28.6770436988,-80.6469932479
37030255,2019-12-28,29.04551383,-80.89855833
37030913,2019-12-28,26.4412806449,-80.060409252
37033437,2019-12-28,29.917227129,-81.2899926942
37034639,2019-12-24,28.2752383333,-80.6054533333
37035053,2019-12-28,26.1237666667,-80.1034471667
37036200,2019-12-28,29.8816623688,-81.2724075317
37062411,2019-12-29,29.1992340088,-80.9935455322
37063032,2019-12-29,27.257785321,-80.1972851772
37069576,2019-12-29,29.029950371,-80.9226607041
37069990,2019-12-29,25.77515687,-80.12945269
37070958,2019-12-29,28.33237167,-80.60794667
37070974,2019-12-29,26.1989676024,-80.2816700417
37073264,2019-12-29,26.9165137432,-80.0654756902
37074589,2019-12-29,25.7902370895,-80.1267810632
37075049,2019-12-29,28.2246704101,-80.599209713
37075324,2019-12-29,26.5839848388,-80.0377385226
37077173,2019-12-29,26.4434009869,-80.0599702564
37077443,2019-12-29,28.2979896991,-80.606744187
37077842,2019-12-29,26.143393999,-80.1017777671
37087999,2019-12-27,30.4560508728,-81.4109573364
37095367,2019-12-30,25.85826673,-80.11884795
37096254,2019-12-30,29.1965274811,-80.9918670654
37096262,2019-12-30,29.1967449188,-80.9926071167
37098966,2019-12-30,25.8446271443,-80.119017379
37099230,2019-12-30,34.69469167,-76.70532167
37099287,2019-12-30,26.6224798143,-80.05692757
37099663,2019-12-21,28.0836269221,-80.6081090122
37103922,2019-12-30,26.98104167,-80.083625
37129626,2019-12-27,28.65512167,-80.63152167
37136880,2019-12-31,33.914642334,-78.1655502319
37136900,2019-12-31,33.9137916565,-78.1562576294
37136904,2019-12-31,33.9141845703,-78.1574478149
37148856,2019-12-27,30.74817167,-81.45838
37165891,2020-01-01,34.67876167,-76.93437167
37169030,2020-01-01,35.2982502472,-75.5364009207
37196498,2020-01-02,26.11386667,-80.10402783
37196889,2020-01-02,26.7755951872,-80.0314743911
37199950,2020-01-02,25.74490392,-80.14336641
37204322,2019-12-31,34.6780666667,-76.941345
37224118,2019-12-26,27.47582,-80.29103
37230820,2019-12-27,28.6771949976,-80.64671113
37230828,2019-12-27,28.6771949976,-80.64671113
37230832,2019-12-27,28.6771949976,-80.64671113
37291225,2020-01-04,26.1672763824,-80.097694397
37307783,2019-12-30,32.31910333,-80.46076167
37322427,2020-01-04,26.35245833,-80.06909167
37388493,2019-12-22,28.6552184744,-80.6315799114
37405566,2020-01-08,25.6745887937,-80.1535613806
37454271,2020-01-10,26.927816039,-80.067704497
37454335,2020-01-10,26.9268394215,-80.0675926824
37454349,2020-01-10,26.9269332569,-80.0676128828
37454368,2020-01-10,26.9269139366,-80.0676247851
37454370,2020-01-10,26.9266693108,-80.0676423871
37454379,2020-01-10,26.9262849586,-80.0675403793
37454396,2020-01-10,26.9263336156,-80.0675051753
37454403,2020-01-10,26.9263401954,-80.0674760901
37454412,2020-01-10,26.926325988,-80.067468714
37454417,2020-01-10,26.9262515148,-80.0674920157
37454448,2020-01-10,26.9262369722,-80.0674623438
37454454,2020-01-10,26.9260358066,-80.067360336
37454458,2020-01-10,26.9259801926,-80.0672380441
37454464,2020-01-10,26.9259943161,-80.067426134
37454466,2020-01-10,26.925986521,-80.0674195961
37454475,2020-01-10,26.9259852218,-80.0674335101
37454479,2020-01-10,26.9259537477,-80.0673998148
37454481,2020-01-10,26.9260199648,-80.0674062689
37454486,2020-01-10,26.925943438,-80.0674351026
37454505,2020-01-10,26.9259288535,-80.0674449094
37454509,2020-01-10,26.9260465773,-80.067311721
37454513,2020-01-10,26.925874413,-80.0674289838
37454527,2020-01-10,26.9256471796,-80.0673693885
37454529,2020-01-10,26.9255004963,-80.0674788561
37454545,2020-01-10,26.9254299626,-80.0672896766
37454555,2020-01-10,26.9254139532,-80.067305686
37454573,2020-01-10,26.9253591355,-80.067279283
37454581,2020-01-10,26.9252584689,-80.0672455878
37454587,2020-01-10,26.9252493745,-80.0672361162
37454591,2020-01-10,26.9252309762,-80.0672589988
37454593,2020-01-10,26.9252382266,-80.0672934484
37454601,2020-01-10,26.9252071716,-80.0672797859
37454603,2020-01-10,26.9252041122,-80.0672600047
37454604,2020-01-10,26.925197281,-80.0672648662
37454613,2020-01-10,26.9251873903,-80.0672468451
37454615,2020-01-10,26.9251859654,-80.0672990643
37454620,2020-01-10,26.925120377,-80.0672403072
37454622,2020-01-10,26.9252056629,-80.0672569034
37454633,2020-01-10,26.9251033617,-80.0672428218
37454641,2020-01-10,26.9251210895,-80.0671842322
37454651,2020-01-10,26.9250863046,-80.0672240463
37454654,2020-01-10,26.9251079718,-80.0671222062
37454659,2020-01-10,26.9250532799,-80.0671913569
37454667,2020-01-10,26.9249146432,-80.0671675523
37454676,2020-01-10,26.9248760026,-80.0671450049
37454694,2020-01-10,26.9248305308,-80.067132935
37454706,2020-01-10,26.924839248,-80.067139892
37454723,2020-01-10,26.9247316243,-80.0672201906
37454740,2020-01-10,26.924670646,-80.0671101362
37454762,2020-01-10,26.924612727,-80.0670975634
37454774,2020-01-10,26.9246666646,-80.0670463499
37454794,2020-01-10,26.9246650301,-80.0670476072
37454813,2020-01-10,26.924634981,-80.0671036822
37454822,2020-01-10,26.9245558977,-80.0670394768
37454829,2020-01-10,26.9245505333,-80.0670497865
37454843,2020-01-10,26.9245947479,-80.06708432
37454848,2020-01-10,26.924593742,-80.06689162
37454864,2020-01-10,26.9245035108,-80.067130169
37454868,2020-01-10,26.9244894292,-80.0670453441
37454875,2020-01-10,26.9245292014,-80.0670492836
37454880,2020-01-10,26.9244863279,-80.0670367108
37454899,2020-01-10,26.9243378006,-80.0670169295
37454911,2020-01-10,26.9243068714,-80.0670503733
37454924,2020-01-10,26.9243372558,-80.0670499542
37454931,2020-01-10,26.9242266985,-80.0670044404
37454935,2020-01-10,26.9242115272,-80.0670047757
37454943,2020-01-10,26.9241992478,-80.0670031831
37454945,2020-01-10,26.9242133294,-80.0670605992
37454949,2020-01-10,26.9242319791,-80.0671270677
37455094,2020-01-10,26.9241689891,-80.0670260657
37455105,2020-01-10,26.9241630798,-80.0670119841
37455118,2020-01-10,26.9241577992,-80.0670239703
37455120,2020-01-10,26.9241416641,-80.0669752714
37473201,2020-01-10,25.7799956147,-80.1280935319
37473458,2020-01-10,26.79072833,-80.03170833
37493425,2020-01-10,26.88327,-80.05493883
37499546,2019-12-12,25.7807616667,-80.1281278333
37503904,2020-01-11,26.0713515,-80.110606668
37528420,2020-01-12,25.8448697487,-80.1188765188
37531634,2020-01-12,24.72949167,-81.00167222
37536860,2020-01-12,28.391725,-80.59543667
37563950,2020-01-13,24.8892483395,-80.6763348543
37563993,2020-01-13,24.8892223975,-80.6762874127
37564004,2020-01-13,24.8891742854,-80.6763689686
37570561,2020-01-13,26.19301167,-80.09426117
37587118,2020-01-14,24.7185191978,-81.0207462498
37601125,2020-01-14,29.2880116667,-81.0362916667
37616512,2020-01-15,26.6254773119,-80.0366164687
37617952,2020-01-13,25.7006620835,-80.1546549589
37633601,2020-01-13,26.9419279733,-80.0756256956
37659270,2020-01-16,25.7841025014,-80.1277040039
37664114,2020-01-16,25.5336919304,-80.3223968994
37664194,2020-01-16,25.8726182906,-80.1193946042
37668244,2019-12-14,26.547587394,-80.0422088429
37678453,2020-01-17,26.464155,-80.0567555
37688394,2019-12-28,26.01110833,-80.11512783
37713613,2020-01-18,29.8541523,-81.2788079
37714667,2020-01-18,25.80745833,-80.1216055
37718128,2020-01-18,29.1547592832,-80.9700918979
37722898,2020-01-18,25.7685089111,-80.1313476563
37723304,2020-01-18,28.24216333,-80.60130333
37723978,2020-01-18,26.1117176945,-80.1040932723
37728045,2020-01-18,25.01950283,-80.49868833
37728741,2020-01-18,28.36573833,-80.60216333
37728863,2020-01-18,28.36707,-80.60186667
37728989,2020-01-18,28.36765,-80.60171333
37750563,2020-01-19,26.703929035,-80.0326285791
37752313,2020-01-19,26.6203135568,-80.020032042
37753705,2020-01-18,26.3756446838,-80.0680923462
37768942,2020-01-18,25.80737167,-80.12161383
37770696,2020-01-18,27.464643919,-80.2996663094
37817284,2020-01-19,27.4420963957,-80.2807385288
37846568,2020-01-22,29.185552597,-80.986289978
37871102,2020-01-20,24.8831952778,-80.6905453889
37921794,2020-01-24,29.1163437695,-80.9476908943
37943336,2020-01-25,28.3679404687,-80.6017946792
37945081,2020-01-25,28.1009813396,-80.5690796664
37963342,2020-01-24,28.3975868225,-80.5955657959
37963383,2020-01-24,28.397851944,-80.5936965942
37963407,2020-01-24,28.400680542,-80.5924072266
38047765,2019-02-10,24.88325833,-80.69078833
38105808,2020-01-18,28.4985234305,-80.5770036179
38147520,2020-01-29,28.7611712586,-80.7166720593
38273209,2018-02-19,27.8595239488,-80.4470221005
38376170,2020-02-06,26.7022989679,-80.0327965968
38408710,2020-01-11,24.7412625,-80.9807835
38471284,2020-02-09,25.853145,-80.1188195
38505125,2020-02-09,26.50559167,-80.050925
38515800,2020-02-08,24.8127583333,-80.8193388889
38540695,2020-02-09,26.8222027778,-80.0378416667
38543711,2020-02-11,26.05761667,-80.11151117
38550739,2020-02-10,26.3163133071,-80.0751658157
38558969,2020-02-11,25.78709667,-80.127075
38591847,2019-04-06,26.1218221156,-80.0892522018
38605006,2020-02-12,26.0734638965,-80.1101365934
38710611,2020-02-16,28.3088599722,-80.6073939722
38710701,2020-02-16,26.19236333,-80.0943445
38713887,2020-02-16,26.0583259149,-80.1133138686
38717735,2020-02-16,27.627113401,-80.3485497181
38717756,2020-02-16,27.6270895126,-80.3484976665
38729609,2020-02-16,28.0627513741,-80.5536815181
38732045,2020-02-16,25.9290792961,-80.1205196504
38732046,2020-02-16,25.9286748707,-80.1205056344
38736864,2020-02-16,28.40287167,-80.59153667
38802649,2020-02-18,27.6566619873,-80.3563232422
38805267,2020-02-18,25.6677277243,-80.1548954109
38810605,2020-02-16,26.7207813263,-80.0342254639
38810620,2020-02-16,26.7209587097,-80.0342788696
38810633,2020-02-16,26.7211265564,-80.0344696045
38856159,2020-02-19,27.65532167,-80.35568833
39071133,2020-02-22,26.722530365,-80.0345001221
39082450,2020-02-22,26.7214183807,-80.0344161987
39092682,2020-02-23,26.7209949493,-80.0343704224
39097581,2020-02-23,26.0229595006,-80.1144515444
39163260,2020-02-24,26.36012794,-80.06874598
39167312,2020-02-22,26.70493,-80.03326383
39178727,2020-02-24,26.96455833,-80.07879717
39186489,2020-02-22,26.8756987953,-80.0509629352
39265700,2020-02-26,26.9708499722,-80.0878906111
39451683,2020-03-01,26.8207390556,-80.0379232222
39454016,2020-03-02,26.12608617,-80.10315833
39471885,2020-03-02,26.1454195,-80.10167783
39608247,2020-03-05,25.7242839152,-80.219039026
39697376,2020-03-08,26.249845,-80.08443333
39738967,2020-02-24,26.95074167,-80.07945283
39753007,2020-03-09,25.7626775,-80.1396809
39767926,2020-03-09,26.612725,-80.03653617
39776570,2020-03-09,25.7911918243,-80.1267462668
39816345,2020-03-10,27.0076445177,-80.0905856196
39816413,2020-03-10,27.00766667,-80.09047783
39838970,2020-03-11,27.6665179013,-80.3589967546
39849547,2020-03-11,28.0680060759,-80.5557146576
39849774,2020-03-11,28.0656111986,-80.554801114
39852829,2020-03-11,28.0637398968,-80.5542940088
39858878,2020-03-09,25.7792263268,-80.1282018882
39910989,2020-03-09,25.75246108,-80.1465119049
39911330,2020-03-09,25.7530391789,-80.1464146992
40003627,2020-03-11,28.335225,-80.60603333
40082205,2020-03-16,26.2310677992,-80.0886188166
40082227,2020-03-16,26.2310948141,-80.0886234299
40097653,2020-03-16,29.0357586136,-80.8936667909
40103060,2020-03-15,25.89106167,-80.12121667
40109735,2020-03-16,26.7205489675,-80.0341993709
40124332,2020-03-15,28.39322167,-80.59570333
40124787,2020-03-14,28.35794167,-80.60327833
40126509,2020-03-16,26.2487566185,-80.0848931142
40130712,2020-03-17,28.2156272244,-80.5972249344
40183361,2020-03-18,27.63256667,-80.350525
40203438,2020-03-16,26.719774853,-80.0339841472
40203461,2020-03-16,26.7197795321,-80.0340040644
40203494,2020-03-16,26.7200271918,-80.0340660627
40203587,2020-03-16,26.7200663409,-80.0341346691
40209635,2020-03-18,28.69056167,-80.65796667
40237175,2020-03-19,27.83070333,-80.431655
40293833,2020-03-20,27.45632127,-80.2858261
40328734,2020-03-15,25.8765379361,-80.1201043287
40529849,2020-01-03,35.2227312111,-75.5257061496
40646389,2020-03-17,26.793425,-80.03156383
40669918,2020-03-15,26.19270833,-80.09426117
40772023,2020-03-19,27.45933,-80.2871466667
40967781,2020-03-10,27.5019764234,-80.29831014
40977255,2020-03-20,27.6753113621,-80.3618516858
41127012,2020-03-15,28.407790898,-80.595026108
41207027,2020-01-12,28.338025,-80.60589667
41309606,2020-02-12,26.072565,-80.11034
41309608,2020-02-12,26.0741219973,-80.1100551522
41658235,2020-04-07,28.19801333,-80.60181333
41658357,2020-04-07,28.18678833,-80.59217
41778620,2019-12-27,26.460475,-80.05742783
41869427,2018-02-24,27.6478216667,-80.3535
41885031,2019-05-19,28.0899224122,-80.5655220719
41992868,2020-03-08,26.1165695,-80.10404167
42254286,2020-03-18,26.66849167,-80.0360195
42480792,2020-04-17,27.7771482156,-80.4043646239
42607124,2020-04-14,35.2281549498,-75.5421797938
42907907,2020-01-11,26.0037396537,-80.1942659652
43167651,2018-01-12,24.88292,-80.69239667
43239400,2020-01-11,26.0937559888,-80.1655677679
44335239,2020-03-14,28.40692833,-80.58985833
44446408,2020-01-12,26.468363,-80.0562379722
44463157,2020-05-01,35.2037115334,-75.7065737509
44591100,2018-12-19,26.1439406547,-80.1124006281
45131066,2020-05-03,31.9752715033,-80.8914988115
45202510,2017-12-05,27.6524676146,-80.375702027
45399051,2019-11-30,25.7933273331,-80.1260348997
45519095,2018-12-24,25.8605670368,-80.1234938577
46005249,2020-05-15,28.1543695,-80.58413667
46084018,2020-02-16,26.18951167,-80.094575
46113000,2020-05-15,29.0690600039,-80.9143931419
46238235,2020-05-17,29.0277173158,-80.8885446554
46333095,2020-02-16,27.6369717707,-80.3508852486
46841134,2020-05-16,29.01082778,-80.87902833
47030061,2020-05-23,26.343744787,-80.0701384206
47041253,2020-05-23,34.6953338119,-76.71207771
47325061,2020-05-25,28.33294675,-80.60628508
47461016,2020-05-26,33.64858833,-78.92764167
47663863,2020-05-28,33.6383219053,-78.9396824688
47665307,2020-05-28,33.6496026269,-78.9288444903
47671770,2020-05-28,33.65299046,-78.92273131
47694748,2020-05-27,33.95741333,-77.92363667
47729882,2020-05-28,33.4900657798,-79.0771805739
47731639,2020-05-29,26.469925,-80.05599167
47740977,2020-05-29,34.2853044705,-77.7251677963
47781221,2020-05-29,33.8444165903,-77.9617460729
47785433,2020-05-29,33.91416167,-78.180245
47801429,2020-05-29,33.9056696273,-78.3456763732
47878141,2020-05-30,33.9143630644,-78.1719054102
47903930,2020-05-30,33.863963834,-78.5139062629
47906572,2020-05-30,33.9118961687,-78.1252155934
48177930,2020-06-01,33.7337851172,-78.8262420727
48219596,2020-05-29,33.91135,-78.28524667
48262726,2020-06-01,28.3702038051,-80.6012184173
48289563,2020-06-02,33.6403101404,-78.9377442376
48289663,2020-06-02,33.6406014953,-78.9374528826
48290787,2020-06-02,33.6387625058,-78.9391685744
48320815,2020-06-03,33.82036769,-78.66394301
48321805,2020-06-03,34.400545,-77.58274167
48363476,2020-06-02,33.8160058705,-78.6800161377
48366970,2020-06-03,29.11679717,-80.94783833
48371172,2020-06-03,34.34417167,-77.65303833
48399043,2020-06-02,33.5665780431,-79.0068769584
48444435,2020-06-02,32.791809,-79.778361
48454872,2020-06-04,28.3301312384,-80.606407486
48479792,2020-06-03,34.69437065,-76.70341131
48553699,2020-05-28,33.5159807056,-79.0506786481
48554928,2020-06-02,33.7381915115,-78.8203279866
48566849,2020-06-05,33.91255333,-78.22761667
48569005,2020-06-05,35.1121776251,-75.9772026558
48571910,2020-05-27,33.5734346488,-79.0030009431
48573648,2020-06-05,35.22802833,-75.54659167
48638407,2020-06-05,34.4249,-77.54478333
48638716,2020-06-05,34.52338833,-77.34963833
48650897,2020-06-06,33.9142568875,-78.1951320917
48652052,2020-06-06,34.6951830778,-76.7086940647
48657406,2020-06-03,29.2689616868,-81.0274975374
48678067,2020-06-06,33.8901993819,-78.0286410078
48739960,2020-06-06,33.914045,-78.24236333
48897063,2019-12-27,28.0866146088,-80.568321228
48961343,2020-06-08,30.38271333,-81.39621667
48976940,2020-06-06,33.8554858521,-77.9961256067
48980054,2019-06-09,32.108911631,-80.7100714509
49077201,2020-06-09,33.9103343245,-78.2998138481
49110702,2020-06-10,34.6969383615,-76.7440761881
49120627,2020-06-10,33.9139347532,-78.1970264053
49143212,2020-06-10,34.62729667,-76.51663333
49161284,2020-06-10,33.8554924391,-77.9962538962
49161794,2020-06-04,34.521805,-77.35397167
49165766,2020-06-10,33.8457944444,-77.9697027778
49178384,2020-06-10,33.9107805556,-78.2934916667
49186053,2020-06-10,34.67426333,-76.961595
49186276,2020-06-10,34.674525,-76.95954167
49186364,2020-06-10,34.67522,-76.95521667
49186963,2020-06-10,34.67535333,-76.95461333
49214020,2020-06-09,34.01465278,-77.89874167
49230397,2020-06-11,33.90445833,-78.352905
49254740,2020-06-10,33.9152870872,-78.2489129649
49275004,2020-06-11,35.211859139,-75.6821828434
49281037,2020-06-11,33.90272833,-78.360895
49281101,2020-06-10,33.90262167,-78.36157167
49353845,2020-06-12,34.65942833,-77.03779717
49395412,2020-06-12,34.65121167,-77.07006117
49510763,2020-06-13,33.6475002447,-78.9295678003
49613163,2020-06-14,35.3276056497,-75.5067595152
49617825,2020-06-09,33.998792011,-77.9055249663
49706114,2020-06-15,29.528855,-81.15068883
49761206,2020-06-10,34.65846333,-77.042375
49876475,2020-06-16,29.2862690571,-81.0558893904
49935692,2020-06-17,29.2961188888,-81.0393173375
50057229,2020-06-03,33.82054391,-78.66342142
50057441,2020-06-03,33.82166679,-78.65995406
50057855,2020-06-03,33.82173915,-78.65984527
50071510,2020-06-03,33.82177946,-78.65975117
50071552,2020-06-03,33.82193394,-78.65920679
50071585,2020-06-03,33.822112,-78.65897411
50071678,2020-06-03,33.82212312,-78.65872465
50117823,2020-06-18,28.9378539193,-80.8297932521
50289314,2020-06-03,33.82212707,-78.65867331
50289369,2020-06-03,33.82213223,-78.65864563
50322368,2020-06-20,35.2072092057,-75.6961531811
50537346,2020-06-22,35.0992384377,-75.9642270017
50672875,2019-12-20,26.1352868012,-80.1029833406
50736988,2018-02-26,28.3235767266,-80.6074869312
50985520,2020-06-03,33.8221588,-78.6584867
50985536,2020-06-03,33.82219677,-78.65834913
50985556,2020-06-03,33.82240721,-78.65776001
50985577,2020-06-03,33.82253991,-78.65755459
50985615,2020-06-03,33.82268653,-78.65703838
50985630,2020-06-03,33.82273004,-78.65679767
50985642,2020-06-03,33.82283874,-78.65657261
50985656,2020-06-03,33.82281889,-78.65654293
50985671,2020-06-03,33.82281816,-78.65653929
50985690,2020-06-03,33.8228635,-78.65634852
50985712,2020-06-03,33.82311945,-78.65554471
50985738,2020-06-03,33.82311899,-78.65553138
50985758,2020-06-03,33.82313163,-78.65551877
51044872,2020-06-27,34.7,-76.71
51094294,2020-06-03,33.82325493,-78.65515842
51094360,2020-06-03,33.82326389,-78.6549457
51094410,2020-06-03,33.82351586,-78.65430883
51094544,2020-06-03,33.82375777,-78.65362243
51098043,2020-06-03,33.82396892,-78.65290478
51098077,2020-06-03,33.8241339,-78.6522657
51098133,2020-06-03,33.82429064,-78.6517687
51098218,2020-06-03,33.82444872,-78.65107239
51098241,2020-06-03,33.82450949,-78.65102583
51098252,2020-06-03,33.82450202,-78.65100561
51118620,2020-05-30,35.2250307798,-75.5285040289
51145923,2020-01-12,26.623905,-80.03656117
51349230,2020-02-06,26.7298344797,-80.08325167
51942625,2020-05-30,34.6779,-76.9508
52233660,2020-01-16,28.0913244024,-80.5649479369
53012926,2019-03-10,28.3210783205,-80.607627891
53149334,2020-06-04,30.11074717,-81.34313333
53512938,2019-12-28,28.3671535179,-80.6016985328
54810569,2018-03-09,25.9955802728,-80.1164880903
55101468,2018-01-09,25.779556,-80.128185
55315983,2018-01-13,35.222875,-75.5344383333
55405792,2020-08-04,38.7121193446,-75.0936426977
55692873,2020-01-13,26.4627296378,-80.0574151417
55815192,2020-06-04,34.643780966,-77.0982225984
57144118,2020-01-18,26.8209070433,-80.0377127901
57176984,2020-01-13,28.3633783333,-80.6027966667
57177122,2020-01-13,28.3639333333,-80.60264
57330007,2019-02-22,26.5190913259,-80.0836882328
57434874,2020-05-27,33.6468850452,-78.9293167368
57453103,2020-01-14,29.673105,-81.214355
57815548,2019-06-08,33.9029056139,-78.0747150183
57817891,2019-12-19,25.0932311732,-80.4332720675
57882513,2020-05-22,34.47761167,-77.450675
57948215,2020-08-29,41.2701111111,-70.2020963889
58039362,2020-08-30,41.24082167,-70.09923617
58174316,2020-01-03,25.7395729644,-80.169903352
58286673,2020-09-01,41.2911712159,-70.0931699413
58458819,2020-09-03,41.3409368817,-70.7182142884
58528839,2020-09-04,41.4491,-71.39986333
58573673,2020-09-04,29.8349383494,-81.2631742748
58617674,2020-09-05,41.3548116206,-70.7659901306
58964698,2020-09-08,41.490891046,-70.9383818004
58999589,2020-09-07,41.51007833,-71.01680833
59035916,2020-09-09,41.4798799819,-71.2399775426
59060843,2020-09-09,41.365025,-71.60026667
59104265,2019-12-29,28.33350833,-80.60656167
59150183,2018-02-09,26.4614625,-80.0728201
59189216,2020-09-09,41.4393441475,-71.45097405
59400114,2020-09-03,41.34966667,-70.466055
59421615,2020-09-06,41.3070233333,-70.7860983333
59498058,2020-09-13,41.3094860978,-71.8767099828
59503801,2020-09-13,40.85042167,-72.44428333
59512795,2020-09-13,41.35876167,-71.63289667
59529608,2020-09-12,41.1860411547,-71.5665442795
59530569,2020-09-13,41.3753677438,-71.5121144207
59533478,2020-09-13,41.00148056,-72.02811383
59538384,2020-09-13,41.3752677008,-71.5121188889
59556509,2020-09-13,41.312074289,-71.9785041391
59581412,2020-09-14,41.5046463814,-71.097015543
59602559,2020-09-14,41.48597833,-71.253075
59636494,2020-09-13,41.3484899588,-70.5041267362
59639246,2020-09-14,41.3345444479,-71.9089210174
59650259,2020-09-15,41.4878520042,-71.2585702204
59674929,2020-09-14,41.2618758297,-71.9912168384
59826515,2020-09-16,41.5064817248,-71.0593780317
60014481,2020-09-18,36.32242,-75.80808333
60015494,2020-09-18,36.13474717,-75.729155
60075187,2020-09-19,41.8483657251,-69.9477956817
60082721,2020-09-19,42.05325833,-70.08085
60201685,2020-05-29,33.91418333,-78.17571333
60254229,2020-09-20,36.31136333,-75.80417
60274696,2020-09-20,36.13601383,-75.730055
60331231,2020-09-21,42.0496542051,-70.0733700875
60360587,2020-09-20,36.13569167,-75.72961333
60362667,2020-09-21,41.9997,-70.02056117
60421166,2020-09-22,35.8245416667,-75.5541166667
60452228,2020-09-22,42.0466151801,-70.0677238893
60747656,2019-03-02,26.1410895,-80.1018738
61094414,2020-06-08,34.1943969614,-77.8038143024
61233004,2020-05-28,33.684981,-78.8846269722
61804422,2020-09-09,41.346695,-70.726045
62055087,2020-10-08,41.2943030556,-70.1168716667
62501309,2019-01-01,25.6977936944,-80.1571785833
62554683,2020-10-14,25.7890172987,-80.1273043925
63027530,2020-09-03,41.2798667742,-70.0920906495
64245220,2020-11-01,29.3172612931,-81.0511516319
64259628,2020-11-05,29.8524081288,-81.2660831045
64374203,2020-11-07,28.1243028333,-80.5758883333
64397816,2020-11-07,30.514896,-81.4374669997
64455518,2020-11-08,29.8305883333,-81.2631916667
64606946,2020-11-10,34.1702798532,-77.8257875073
64724817,2020-11-11,32.75405,-79.852975
64736132,2020-11-12,33.9073435776,-78.3303596825
64741042,2020-11-11,34.6597614317,-77.0386819169
64818431,2020-11-13,34.2292583333,-77.778595
64880453,2020-11-14,33.4305084698,-79.120932333
64932495,2020-11-13,32.5993716358,-80.0944887847
64974909,2020-11-13,34.0709670253,-77.8758986007
65011729,2020-11-10,24.9555016551,-80.568741185
65134525,2020-03-15,25.5488022824,-80.3209832663
65202115,2020-01-04,26.8943593728,-80.0567882479
65236734,2020-11-19,25.81351888,-80.1347323135
65248930,2020-06-14,30.1825966667,-81.361075
65398629,2020-11-22,31.0312138,-81.414557
65436352,2020-11-22,25.7800657573,-80.1283577085
65529460,2020-11-24,27.3343364778,-80.2302629527
65555314,2020-11-13,34.2292583333,-77.778595
65602476,2020-11-25,26.4542595234,-80.0583065688
65619949,2020-11-25,27.6067616667,-80.3366916667
65661045,2020-11-26,25.7885579578,-80.1268995827
65661308,2020-11-26,26.7955122118,-80.0312915817
65716418,2020-11-26,24.8545333333,-80.7315533333
65726509,2020-11-27,25.7021742289,-80.1541224401
65726511,2020-11-27,25.7023727999,-80.1540111961
65764036,2020-03-18,28.1719049845,-80.5885399505
65831733,2020-11-27,26.0662350132,-80.1121028513
65860795,2020-11-12,32.7801166667,-79.7973783333
65868896,2020-11-30,25.7867723,-80.1290104
66043338,2020-12-03,26.5936797158,-80.0369832685
66043359,2020-12-03,26.5936685099,-80.0370992621
66065295,2020-12-02,26.1671626352,-80.0977975692
66107967,2020-12-04,25.7051798513,-80.1528926648
66190102,2020-12-04,25.7393072475,-80.1640288168
66212648,2020-11-29,25.1262454738,-80.4054921531
66218960,2020-11-27,25.08775875,-80.4472800717
66298005,2020-11-26,25.8310916667,-80.1193471667
66314485,2019-03-10,26.9310535828,-80.074398694
66422152,2020-12-11,26.8979497673,-80.0579696708
66422155,2020-12-11,26.8981299291,-80.0588117604
66462285,2020-12-12,26.8971358683,-80.0599536672
66492837,2020-12-12,25.7141083333,-80.1539833333
66497497,2020-12-12,26.0567264521,-80.1117220595
66534820,2020-12-13,26.8797819,-80.0533743
66540846,2020-12-13,26.4651285912,-80.0575665012
66547128,2020-12-13,26.88186333,-80.053375
66677283,2020-03-20,28.0674388333,-80.5554716667
66695331,2020-12-11,26.3150633333,-80.0749888333
66746954,2018-02-03,27.4677866667,-80.2906583333
66792435,2020-12-19,26.189645,-80.0945583333
66850648,2020-12-20,26.149718,-80.1007149722
66967237,2020-12-23,24.8478573701,-80.7422062197
66978593,2020-12-23,25.7374651116,-80.1608156122
66981498,2020-12-23,26.704953115,-80.0329451004
67008940,2020-12-24,25.7076105098,-80.1519730001
67009299,2020-12-24,25.7081257222,-80.1517482979
67013883,2020-12-23,25.936568,-80.119896
67018630,2020-12-24,27.6319548553,-80.3499474004
67036483,2020-03-13,28.3710861111,-80.60075
67083224,2019-12-29,26.0647303666,-80.1123959494
67137431,2020-12-24,26.1572166667,-80.1003388889
67195600,2019-02-18,25.9961383333,-80.1164945
67208926,2020-12-28,25.67789036,-80.15424544
67209014,2020-12-28,25.67897307,-80.15439645
67209028,2020-12-28,25.67896146,-80.15441072
67209089,2020-12-28,25.67958034,-80.15465591
67209389,2020-12-28,26.3019,-80.0768195
67263539,2020-12-29,28.2,-80.61
67305811,2020-12-30,28.1223721667,-80.5752633333
67307147,2020-12-30,27.6130883333,-80.3412633333
67312971,2020-12-30,27.559058253,-80.3213695707
67334372,2020-12-30,27.6456368008,-80.3530668243
67365790,2020-12-31,25.0245861667,-80.4943
67366749,2020-12-31,24.8126972997,-80.8145202
67368940,2020-12-31,24.8126972997,-80.8145202
67376502,2020-12-31,27.3263375556,-80.2284109722
67379882,2020-12-29,26.1318267093,-80.1033530546
67382847,2020-12-31,26.5882633333,-80.0374055
67407627,2021-01-01,26.5440867601,-80.0431114966
67408090,2021-01-01,24.847182,-80.7427449722
67414460,2021-01-01,26.0498720367,-80.1123451754
67414537,2021-01-01,26.0490977578,-80.1125764271
67414930,2021-01-01,28.092277127,-80.565911485
67431466,2021-01-01,26.1885216703,-80.0948401785
67470175,2021-01-02,25.7576405628,-80.1426990066
67494549,2020-03-15,26.6753937253,-80.0523273205
67514067,2021-01-03,26.61348,-80.0364083333
67514092,2021-01-03,26.6149706246,-80.0364776212
67514187,2021-01-03,28.2994,-80.6069833333
67624354,2021-01-03,24.7409378227,-80.9800623357
67872215,2021-01-03,25.7206466667,-80.1478195
67943525,2018-12-20,26.0932429779,-80.1082285613
67964610,2021-01-12,26.0812795824,-80.1096654504
68295390,2021-01-18,26.4354113388,-80.0614083045
68342832,2021-01-19,26.7706087461,-80.035028414
68368204,2017-12-04,24.7411833333,-80.9800416667
68368210,2020-03-10,26.34983833,-80.0696195
68609825,2021-01-25,25.9931416667,-80.1171945
68614555,2021-01-25,26.9295783333,-80.0678945
68621926,2021-01-25,24.9666666667,-80.594545
68626659,2021-01-03,25.1258497222,-80.9970597222
68627022,2021-01-04,25.1249347222,-81.0038930556
68653505,2021-01-24,26.0149883002,-80.1149041138
68654493,2021-01-03,25.1390516667,-80.9253616667
68657668,2021-01-04,25.1249472222,-81.0038694444
68660484,2021-01-26,26.9072083333,-80.0608971667
68687947,2021-01-27,26.6630671895,-80.0445847447
68766045,2021-01-26,26.0951031189,-80.1084997732
68770638,2019-04-14,25.0832945,-80.4374
68817007,2021-01-27,24.7410133333,-80.97287
68823586,2021-01-30,25.9297004244,-80.1213101443
68827613,2021-01-30,25.5316419608,-80.3181270766
68828583,2021-01-30,26.01876889,-80.1147315038
68830464,2021-01-30,26.365382,-80.067982
68878470,2021-01-31,26.79507,-80.0315388333
68885823,2021-01-31,25.740775,-80.17122
68892610,2021-01-31,26.0208642846,-80.1151119527
68892638,2021-01-31,26.0288484806,-80.1128908331
68909000,2021-01-02,24.8840030138,-80.6930596009
68914233,2021-01-29,26.0675339033,-80.1108876931
68945633,2021-01-31,24.9473438553,-80.597566925
69009236,2021-02-02,25.6727580549,-80.2604358647
69050840,2021-01-26,24.9512145431,-80.5888349935
69373110,2021-02-10,24.8484911443,-80.7402054389
69375456,2021-02-10,26.0212945,-80.1144471667
69426483,2021-02-11,25.722745,-80.1476028333
69479972,2020-11-11,32.6082373,-80.0848166
69479980,2020-11-11,32.6082373,-80.0848166
69516295,2021-02-13,26.4568154009,-80.058040179
69562486,2021-02-14,26.6381359738,-80.0378261633
69564989,2021-02-14,25.615405,-80.30458
69569219,2021-02-14,26.0756469,-80.1113198
69570214,2021-02-14,25.6154833333,-80.3046716667
69576070,2021-02-14,26.367181122,-80.0681214208
69619628,2021-02-15,28.1408166667,-80.58068
69699995,2021-02-13,26.709807,-80.033212
69783731,2021-02-18,27.2418158766,-80.188849793
69793732,2021-02-18,25.7810142953,-80.1307037947
69796624,2020-09-18,41.4874999956,-71.0383329168
69796627,2020-09-18,41.4874999956,-71.0383329168
69882830,2021-02-20,26.144608,-80.101568
69885186,2021-02-19,26.137955,-80.1022909722
69936948,2021-01-07,25.7190128975,-80.148379029
69939402,2021-02-21,26.3770498651,-80.0677406354
70016920,2021-01-01,26.524225,-80.0475471667
70045751,2021-02-19,26.1053778333,-80.1042028333
70056797,2021-02-23,25.7729381025,-80.1299801546
70194349,2021-02-26,30.1098544779,-81.3360686745
70203885,2021-02-26,26.5841101699,-80.0376261468
70251440,2021-02-27,24.8126323189,-80.8182326065
70254648,2021-02-27,24.81268,-80.8183666667
70261858,2021-02-27,24.8127383333,-80.8182366667
70292992,2021-02-27,27.340226262,-80.2334392816
70326256,2021-02-28,26.3348416124,-80.0726112658
70353449,2018-02-21,26.7153082472,-80.0533748791
70356049,2021-02-11,25.8982156407,-80.1219011521
70359342,2021-02-27,24.8124716667,-80.824325
70359603,2021-02-27,24.8127,-80.8183583333
70389088,2021-03-01,27.6461083333,-80.3528083333
70398299,2021-02-28,26.7794972222,-80.032775
70412352,2021-03-01,24.8506189976,-80.7338598558
70469565,2021-03-02,26.4771432342,-80.0549473159
70505479,2021-03-03,26.4490321828,-80.0590674403
70507713,2021-03-03,26.4403383333,-80.0602111667
70570549,2018-12-20,26.0879888333,-80.1095278333
70645207,2021-02-27,24.81276067,-80.81827391
70647845,2021-02-27,24.8126508622,-80.8182558139
70668169,2021-03-04,26.5155764477,-80.0572414988
70688992,2021-01-03,25.7679509662,-80.2236384731
70755274,2021-03-05,35.9238036749,-75.6022124854
70768863,2021-03-07,26.9280513255,-80.0670259132
70834518,2021-03-08,26.1285857298,-80.1030616277
70892732,2021-03-09,25.8581673,-80.1186876997
70893426,2021-03-09,26.6821883333,-80.0349111667
70895708,2021-03-09,26.6777366667,-80.0355611667
70896070,2021-03-09,26.6817297405,-80.0353910556
70896428,2021-03-09,26.6817257088,-80.0348675531
70913486,2021-03-09,26.2321276393,-80.0883955535
70924687,2021-03-09,26.6819373422,-80.0350235403
70924714,2021-03-09,26.6821419508,-80.0349792838
70937911,2021-03-10,26.9301383333,-80.068025
70937916,2021-03-10,26.9301136672,-80.0681127495
70947974,2021-03-10,26.6830133333,-80.0348445
70948017,2021-03-10,26.6830116667,-80.0348666667
70948029,2021-03-10,26.682975,-80.0348278333
70948043,2021-03-10,26.682975,-80.0348278333
70948266,2021-03-10,26.68293,-80.0348195
70948370,2021-03-10,26.682925,-80.0348055
70948554,2021-03-10,26.6828033333,-80.0348138333
70948575,2021-03-10,26.6832835274,-80.0348541421
70948822,2021-03-10,26.6832707031,-80.0348380488
70948993,2021-03-10,26.6834516684,-80.0347574987
70949636,2021-03-10,26.6834145366,-80.0348187704
70949701,2021-03-10,26.6842760705,-80.034758756
70952247,2021-03-10,26.6822066586,-80.0349641964
70953834,2021-03-10,26.684338348,-80.0347451773
70998120,2021-02-28,25.7190916012,-80.1483642493
71017099,2021-03-11,25.7930514539,-80.127833314
71029987,2021-03-10,26.1101599371,-80.1234673709
71055349,2021-03-12,25.9492985392,-80.1187932026
71056370,2021-03-12,25.791495,-80.1279916667
71059687,2021-03-12,25.7666579554,-80.1314096501
71061422,2021-03-12,25.9546555552,-80.1186905507
71089520,2021-03-12,28.368387877,-80.602910299
71095670,2021-03-12,27.6324212012,-80.352592729
71135951,2021-03-13,28.3201159537,-80.6070128269
71140290,2021-03-13,27.0918139519,-80.1279503328
71169205,2021-03-13,25.6798583333,-80.2561866667
71178287,2021-03-10,24.9337886928,-80.5985810631
71344483,2020-02-09,25.7879734334,-80.1275028455
71370237,2021-01-30,25.7084036,-80.1515801997
71374161,2021-03-16,25.81337,-80.1216721667
71436207,2021-03-12,26.15740833,-80.09951117
71455938,2021-03-12,26.3548115305,-80.0690347551
71552865,2021-03-19,24.8827636219,-80.690869601
71558195,2021-03-19,24.8694216667,-80.7031783333
71577452,2021-02-27,27.0820666667,-80.1288445
71661208,2021-03-20,26.4745136,-80.0552943
71878269,2021-03-11,25.6789978893,-80.1544551374
72047829,2021-03-12,28.3052510189,-80.6070466481
72158436,2020-02-01,29.9719419,-81.4278984
72173407,2021-03-27,26.1,-80.11
72436928,2021-03-28,25.7399631309,-80.1568135992
72455203,2021-03-26,25.7084036,-80.1515801997
72460822,2021-03-30,26.7097772766,-80.0332102237
72718193,2021-03-31,34.6505675449,-77.0736636221
72885979,2021-04-04,25.7953167334,-80.1256325004
72926108,2021-04-04,25.6941118391,-80.1573557857
72926511,2021-04-04,25.6945795983,-80.1573624268
72927441,2021-04-04,25.6942517865,-80.1571060745
72927584,2021-04-04,25.694375688,-80.1573147094
72928347,2021-04-04,25.6943251894,-80.1572068882
72929119,2021-04-04,25.6965410434,-80.1567934392
72929351,2021-04-04,25.6962805646,-80.1559811282
73011547,2021-04-04,26.011775,-80.1150278333
73084876,2021-04-05,28.3353900515,-80.6062750738
73108464,2021-04-06,24.90322,-80.6496716667
73108552,2021-04-06,24.9032466667,-80.6497416667
73306631,2021-03-10,26.190155,-80.0951166667
73309085,2021-04-08,24.7423966667,-80.983095
73432053,2021-04-09,24.7403086252,-80.9831105877
73638151,2021-04-11,35.2316935407,-75.607774118
73658471,2021-04-11,26.456695,-80.0590138333
73704467,2021-04-11,35.2200452652,-75.6576306963
73779950,2021-01-27,26.0843805,-80.1096805
73949031,2021-04-14,28.1438220665,-80.5809659791
74500420,2018-02-02,25.8198406662,-80.1264979049
74550359,2021-04-17,26.3596207152,-80.0687139397
74620374,2021-04-18,26.0086787,-80.1170355
74623194,2021-04-16,26.5316916667,-80.0458445
74749472,2019-07-21,31.017568706,-81.477937963
74955186,2021-04-23,26.7907131231,-80.0315034763
74984615,2021-04-23,26.0174538627,-80.114608343
75105670,2021-04-24,25.8732803501,-80.1196627577
75180306,2021-04-25,28.0511034043,-80.5486168041
75362991,2018-05-21,30.8395722222,-81.4291444444
75383022,2020-06-01,33.857025,-78.5301966667
75467347,2021-03-11,26.0658945021,-80.1111
75543824,2021-02-27,26.16346575,-80.0995967
75581924,2021-04-28,28.3362833333,-80.60575
75587369,2021-04-28,26.3575162285,-80.0974430148
75589681,2021-04-28,28.86280847,-80.77888953
75606657,2021-04-28,27.654075027,-80.3553087484
75670880,2021-04-29,28.3855206975,-80.6002615392
75674518,2021-04-29,29.0396666667,-80.8952033333
76621756,2021-05-02,28.6720837707,-80.6432995998
76924787,2021-02-11,25.7169971206,-80.1491609216
77010291,2021-05-03,26.0409555,-80.1131361667
77015363,2021-05-03,26.0442333333,-80.1129305
77364898,2021-05-04,26.0133058745,-80.1492108795
77734456,2020-03-09,27.2868475225,-80.2480746326
77974431,2021-03-09,25.7662345589,-80.1335784032
78038852,2021-05-09,27.9024728025,-80.4725715435
78700949,2021-05-14,28.6930669722,-80.659941
79093142,2021-05-16,28.3863116667,-80.5970166667
79205415,2021-05-17,28.1811676025,-80.5910263062
79222143,2021-05-17,29.0279842,-81.0754657
79273606,2021-05-18,28.3287705,-80.6227505
79312441,2021-05-17,28.6546216667,-80.6310583333
79391029,2021-05-19,29.3660127499,-81.0672272947
79394112,2021-05-18,27.6768810453,-80.3622688143
79468777,2021-05-17,28.0732221667,-80.558075
79731897,2020-01-14,25.1373205719,-80.9353349874
79884675,2019-04-03,28.0923388333,-80.5653
82206419,2019-01-24,26.108525,-80.1041111667
82897301,2020-01-14,26.0690361563,-80.1108921615
83215403,2021-04-28,25.8081349194,-80.1219528529
84904501,2021-06-28,29.735455,-81.2384116667
86748598,2021-04-17,24.739988327,-80.9820709229
87437046,2021-07-17,41.330345,-71.737945
87551410,2021-07-18,41.3209954,-71.8122852997
87639131,2021-03-29,25.89698,-80.1225278333
87816259,2021-03-30,25.81739,-80.120655
89143368,2020-01-18,27.66457,-80.3585283333
89261861,2021-07-30,41.3373025142,-70.8290489412
89424143,2020-01-11,26.4508610993,-80.0487212464
89593726,2020-01-03,26.0195687545,-80.1145451432
89928606,2019-10-11,35.8245811462,-75.5541534424
89934572,2021-08-04,41.3389333333,-70.7277366667
89960498,2021-08-04,41.3346666667,-70.8261
90615880,2020-02-16,27.0653419495,-80.1141891479
90791163,2021-08-11,41.4558820003,-71.3574197517
90809856,2021-08-11,41.4816354231,-71.2460290038
90900785,2020-02-10,25.795295,-80.1271666667
91194588,2021-08-14,41.3442616667,-70.8359216667
91498310,2021-02-10,26.9294403399,-80.068060644
91832480,2021-08-19,41.514145,-71.2340783333
91869566,2021-08-20,41.4992370605,-71.0429153442
92035860,2021-08-20,41.5112619128,-71.0103455121
92133353,2021-08-22,41.5795246718,-70.4559642478
92135124,2021-08-22,41.5785616667,-70.4568466667
92204769,2021-08-13,26.1224386,-80.1373174
92232832,2021-08-23,41.4884803765,-71.2606392757
92271815,2021-08-23,41.343172,-71.688451
92307036,2021-08-23,41.4894533333,-71.286225
92607213,2021-08-26,41.3635754444,-71.6105883611
92958411,2021-08-29,40.7154782115,-72.9188475105
93000957,2021-08-29,41.1793412408,-71.5645709262
93001381,2021-08-29,41.1809871532,-71.565186577
93001389,2021-08-29,41.1787375342,-71.5642396734
93086315,2021-08-29,41.1799880304,-71.5647536517
93106142,2021-08-29,41.174675,-71.5604083333
93513832,2021-09-03,41.526833463,-70.6962115589
93700785,2021-09-02,41.3861629863,-70.835802335
93862248,2021-09-02,41.55014,-70.717374
94169744,2020-02-01,29.9719419,-81.4278984
94254541,2021-08-31,41.3770366667,-71.5131216667
94282125,2021-01-01,28.3254590349,-80.6068801671
94327310,2021-08-19,41.4615207539,-71.1744129338
94349303,2021-09-10,41.3951024,-71.4650556
94964047,2021-09-15,41.3482194444,-70.6398916667
95295251,2021-09-15,41.5062675476,-71.0907363892
95337321,2021-09-11,41.3782432719,-70.7439199716
95532525,2021-09-20,41.290751989,-70.0924685877
95652342,2021-09-17,40.976838,-72.099581
95840763,2021-09-23,41.43505,-71.4545966667
95857439,2021-09-23,34.671554,-76.977793
95880553,2021-09-23,41.3476572351,-70.6608567644
95892470,2021-09-23,40.9739539722,-72.1082799722
95892497,2021-09-23,40.974085,-72.1077499722
95892619,2021-09-23,40.9702249722,-72.119281
95999558,2021-09-24,40.9521789551,-72.1687469482
96364840,2021-09-27,29.772475,-81.2523583333
96404311,2021-09-27,28.9906127694,-80.8656704798
96415532,2021-09-22,39.2705161101,-74.5799402611
96776068,2021-10-01,30.1506416667,-81.3527
97138930,2021-10-03,27.799825,-80.41607
97583883,2020-03-17,28.3599590692,-80.6032595585
98138430,2021-10-09,25.790654,-80.1300455
99395547,2018-05-20,30.8516805556,-81.4247361111
99846961,2021-10-10,30.2910012125,-81.3878518126
100792735,2021-02-18,25.7828416667,-80.1278083333
101264140,2021-11-16,27.299499,-80.216482
101274547,2021-11-16,26.455411911,-80.0581359863
101297588,2021-11-16,26.6936616667,-80.0333778333
101363144,2021-11-17,25.6750116667,-80.1537778333
101396647,2021-11-18,26.8988877309,-80.0583356246
101461652,2021-11-19,26.9361839294,-80.0705718994
101542674,2021-11-20,28.1125658793,-80.5723346678
101632543,2021-11-21,29.1313916667,-80.9570616667
101635826,2021-11-21,26.1370273959,-80.1023924165
101654233,2021-11-21,28.3953475952,-80.5947494507
101656572,2021-11-20,27.8700710975,-80.5818312522
101678136,2021-11-21,29.1349201202,-80.9624938965
101723526,2021-11-22,29.6382616667,-81.1997383333
101739007,2021-11-22,29.15555315,-80.9704187056
101777742,2021-11-23,28.9511046786,-80.8390649781
101825894,2021-11-24,29.1456405865,-80.9650225193
101846813,2021-11-24,28.995355,-80.8688666667
101847390,2021-11-24,26.4412937164,-80.0601119995
101848258,2021-11-24,28.995395,-80.8688283333
101876515,2021-11-25,29.00175,-80.87275
101890093,2021-11-25,26.7921389062,-80.0326898774
101897377,2021-11-21,25.7868783333,-80.1270611667
101905819,2021-11-25,26.4428217107,-80.0598437116
101907845,2021-11-25,26.4474916667,-80.0591195
101908714,2021-11-25,26.444155,-80.0597
101908767,2021-11-25,26.44368,-80.0597528333
101908951,2021-11-25,26.4434133333,-80.0597916667
101908992,2021-11-25,26.4434133333,-80.0598
101909073,2021-11-25,26.44315,-80.0598305
101921375,2021-11-25,27.6271133333,-80.3486116667
101936689,2021-11-26,28.3596229553,-80.6041946411
101966471,2021-11-26,28.2135133333,-80.5970533333
102009819,2021-11-26,26.3107157655,-80.0755942915
102240514,2019-12-28,29.8439828,-81.2711546
102249578,2021-11-28,28.6604916667,-80.649955
102469402,2021-12-04,26.0165931518,-80.1152038202
102473354,2021-12-04,25.6863118371,-80.1586836065
102480127,2021-12-04,25.9857722651,-80.1175349113
102481010,2021-12-04,26.5444382237,-80.0430571166
102481495,2021-12-04,26.466945,-80.0564333333
102485269,2021-12-04,26.4669133333,-80.0564111667
102491282,2019-11-29,26.7919998712,-80.0320000201
102491459,2019-11-30,26.7949998526,-80.0320000201
102494816,2021-12-04,26.3123957407,-80.0753519695
102508994,2021-12-03,26.1342861667,-80.1025555
102510771,2021-12-03,26.1340833333,-80.1023861667
102895357,2021-12-11,25.80165,-80.1242221667
102929270,2021-12-12,24.740852356,-80.9806442261
103051071,2021-12-14,27.8689147782,-80.4483200071
103110109,2021-12-15,27.214827835,-80.1743766395
103113654,2021-12-15,28.4075319722,-80.5894179722
103130537,2021-12-12,25.6827616667,-80.1552805
103161250,2021-12-16,26.5328079757,-80.0459621519
103163379,2021-12-16,26.0257336551,-80.1144621894
103165816,2021-12-16,28.6500884604,-80.6794711947
103173658,2021-12-16,28.65625833,-80.63204167
103207192,2021-12-17,28.3189849854,-80.6077880859
103250108,2021-12-18,26.967607406,-80.0796918758
103264149,2021-12-18,26.0384166667,-80.1132361667
103315566,2021-12-19,25.6154216667,-80.3050533333
103421824,2021-12-21,28.858405,-80.7763216667
103586928,2021-12-22,24.8652541667,-80.7154586111
103591597,2021-12-24,26.3298475276,-80.0953898308
103598875,2021-12-24,26.3623817778,-80.0681111869
103652887,2021-12-25,26.7724133333,-80.0439083333
103677097,2021-12-25,26.544538,-80.042867
103716505,2019-12-30,26.7826547246,-80.0411614685
103725122,2021-12-26,24.8846229744,-80.6893875918
103727485,2021-12-26,26.1003799438,-80.1043243408
103767221,2021-12-27,25.7866514984,-80.1276115962
103830325,2021-12-28,25.715595,-80.1485666667
103959869,2021-12-30,25.8600521088,-80.1188659668
103981960,2021-12-30,25.8172416667,-80.1206195
104029243,2021-12-31,26.49869404,-80.05203056
104128573,2022-01-01,26.5002037374,-80.051914081
104129867,2021-12-31,26.7808404061,-80.0320505451
104142518,2022-01-01,25.6151616667,-80.3054716667
104209822,2022-01-02,35.2297407874,-75.5491025894
104233282,2022-01-02,26.3657109444,-80.0680504167
104374650,2022-01-03,25.6790111111,-80.2578277778
104384032,2022-01-04,26.3160102863,-80.0749831376
104427342,2022-01-05,26.9026916667,-80.0604861667
104486131,2022-01-04,35.2331320475,-75.5959182769
104553251,2022-01-03,25.6790395688,-80.2579159746
104582721,2022-01-08,26.88567825,-80.05406101
104651737,2022-01-09,28.1178083333,-80.573805
104657693,2022-01-09,26.3630966667,-80.0693055
104665455,2022-01-09,27.6367083333,-80.3508133333
104672333,2022-01-09,26.8984216667,-80.0578833333
104673267,2022-01-09,27.7521083333,-80.3898
104759489,2018-10-09,39.5326783333,-74.2606416667
104781404,2022-01-11,26.0424384997,-80.1130897997
104812485,2022-01-12,28.1102555,-80.5713416667
104825644,2021-12-25,26.9075884,-80.0612323997
104868132,2022-01-13,26.937125,-80.0691445
105136062,2022-01-12,26.6135416667,-80.0366278333
105168296,2022-01-09,26.1202977282,-80.1037752628
105278936,2022-01-20,26.3907966667,-80.0659555
105281719,2022-01-20,26.6066993978,-80.0365805421
105314164,2022-01-21,26.0877067563,-80.1095111668
105325876,2022-01-21,26.3520123753,-80.0690442663
105331667,2022-01-14,29.02108,-80.8850583333
105361723,2022-01-20,25.9780383333,-80.1179971667
105427457,2022-01-22,26.7974781293,-80.0318840146
105522736,2022-01-12,27.763705,-80.3969033333
105646661,2022-01-03,24.8486615559,-80.740834102
105662118,2021-12-04,25.7134366667,-80.1510471667
105673039,2022-01-27,28.6698366667,-80.6416866667
105695739,2021-01-14,26.6744445811,-80.0371651944
105982167,2022-02-01,26.7972583771,-80.0320892334
105999013,2021-03-07,25.7026309514,-80.1547310789
106023984,2022-02-02,25.75109668,-80.14613825
106024035,2022-02-02,26.8217490055,-80.0377180707
106024182,2022-02-02,25.836745,-80.1200166667
106046643,2019-05-09,33.8199804647,-78.6879718863
106050545,2022-02-02,27.6338918114,-80.3520918265
106076113,2022-01-09,27.6604740462,-80.3575377167
106119716,2021-11-21,24.847545,-80.7424916667
106121653,2022-02-04,25.8489366667,-80.1188888333
106125082,2022-02-04,26.0844657692,-80.1093599573
106127851,2022-02-02,25.7511116667,-80.1461333333
106151874,2022-02-02,25.6825716667,-80.1555945
106156630,2022-02-04,25.7618998819,-80.1917902753
106172942,2022-02-05,26.1364555359,-80.1025924683
106212776,2022-02-02,25.7512122362,-80.146367922
106257259,2022-02-05,25.7336,-80.1623611667
106262865,2022-02-06,28.1177536352,-80.5736770761
106270018,2022-02-06,26.0704335,-80.1105443
106378981,2022-02-06,25.7347636,-80.1583832
106382848,2022-02-04,25.8306883333,-80.119475
106471331,2022-02-09,26.9032485371,-80.0594525132
106546387,2022-02-10,27.4784383333,-80.2924283333
106551419,2022-02-11,28.2791046454,-80.605531682
106551462,2022-02-11,28.2797977649,-80.6055847616
106552282,2022-02-11,26.36691064,-80.06770474
106561894,2022-02-11,29.026841,-80.922821
106575277,2022-02-11,28.9606866066,-80.8465891486
106581389,2022-02-11,27.6579756,-80.3566342
106618572,2022-02-12,25.79258,-80.1262138333
106635141,2021-12-28,26.0750916667,-80.11
106687931,2022-02-13,26.2551471452,-80.0837978349
106700411,2022-02-13,25.7715372801,-80.129997795
106754895,2022-02-14,29.158674848,-80.9719986096
106758407,2022-02-14,29.1581553972,-80.9714553778
106758449,2022-02-14,29.1623291,-80.9738846997
106793950,2022-02-15,25.7834129333,-80.1277923584
106795223,2022-02-15,29.0276093705,-80.8888670308
106799445,2022-02-15,27.2523909901,-80.1947065071
106801639,2022-02-15,27.6534079722,-80.3551899722
106812789,2022-02-15,27.8666118986,-80.449892208
106822479,2022-02-15,25.9940947406,-80.116735613
106830134,2022-02-15,27.85221,-80.44795
106833089,2022-02-15,28.8629883333,-80.7789616667
106856664,2022-02-16,26.6135000761,-80.0365879387
106858738,2022-02-16,28.3893623352,-80.5963897705
106859236,2022-02-16,26.7633161,-80.050796
106873022,2022-02-16,24.7403659821,-80.9807357788
106879096,2022-02-11,27.1994926,-80.2022684
106880203,2022-02-11,27.1994926,-80.2022684
106888571,2022-02-16,29.047547,-80.8994459722
106918518,2022-02-17,26.6134136187,-80.0365468361
106977511,2022-02-18,28.3280555556,-80.6066666667
106982095,2022-02-17,25.8021587014,-80.1226200944
106985055,2022-02-18,25.7792686159,-80.1861206722
107039094,2022-02-18,26.362745,-80.0681083333
107075357,2020-12-31,26.301211,-80.122334
107108437,2022-02-20,26.2163198201,-80.0903806907
107108499,2022-02-20,26.1961286029,-80.0939406895
107114262,2022-02-20,27.2717874684,-80.2038362437
107134758,2022-02-17,28.4030549722,-80.5911229722
107136972,2022-02-20,26.7244671755,-80.034360651
107143080,2022-02-20,28.1208356742,-80.5746261126
107163764,2022-02-20,26.0650888333,-80.1111528333
107163842,2022-02-20,26.06895,-80.1107555
107165124,2022-02-13,26.068248884,-80.1107894
107176837,2022-02-21,25.7846666667,-80.1275166667
107180746,2022-02-21,25.9488383333,-80.1188445
107181467,2022-02-21,28.4015979767,-80.5922012329
107184182,2022-02-21,28.384665,-80.605045
107191496,2022-02-21,29.1469278212,-80.9649973735
107195985,2022-02-21,25.8016254187,-80.1243658372
107207708,2022-02-21,28.0939979553,-80.566368103
107214026,2022-02-21,27.6266814396,-80.3481727839
107229781,2022-02-17,26.7122583333,-80.03325
107230686,2022-02-21,24.728675,-81.0030888833
107258682,2022-02-22,35.12344,-75.921165
107259357,2022-02-13,26.1475638333,-80.1009833333
107272462,2022-02-20,25.66938,-80.1536778333
107273429,2022-02-22,28.1688076263,-80.5873278156
107283002,2022-02-22,25.8343162537,-80.1194381714
107311107,2022-02-22,26.7176599722,-80.033433
107314197,2019-12-21,29.2330633333,-81.0107027833
107314601,2022-02-21,29.2235472445,-81.005063206
107316936,2022-02-23,26.7976116667,-80.0316861667
107328383,2022-02-23,28.6560450022,-80.6320033333
107328834,2022-02-23,28.4085439591,-80.589519654
107339522,2022-02-23,25.7010052513,-80.1555331796
107381030,2022-02-24,25.7663454433,-80.1305004582
107383632,2022-02-24,26.1205173936,-80.1045770758
107387528,2022-02-24,28.6572333333,-80.63288
107421759,2022-02-25,26.5460966667,-80.041825
107429799,2022-02-25,25.9944416667,-80.1166166667
107475483,2022-02-26,25.849695,-80.1188195
107500876,2022-02-26,26.8722833333,-80.049675
107513870,2022-02-26,24.72769667,-81.00530278
107522353,2022-02-26,26.0282952813,-80.1140809998
107550194,2022-02-26,25.849195,-80.1188888333
107551511,2022-02-24,25.7362056793,-80.1538326023
107557214,2022-02-27,26.526776,-80.046957
107581548,2022-02-25,26.5244764,-80.0474607
107589244,2022-02-27,26.3779817432,-80.0673835794
107589479,2022-02-27,26.3786842441,-80.066482667
107589637,2022-02-27,26.3786445139,-80.0664540008
107591720,2022-02-27,29.279475,-81.0325388333
107607868,2022-02-25,26.8226127735,-80.0379377604
107697314,2022-03-01,33.846230954,-77.9658185598
107724520,2022-03-01,35.2508966667,-75.522995
107732482,2022-03-01,33.9878383333,-77.910125
107824287,2022-03-03,26.959575,-80.0771861667
107836669,2022-03-03,25.7179489282,-80.1486067101
107859306,2022-02-09,34.6990467955,-76.7402110621
107888450,2022-03-04,26.6163283333,-80.0367888333
107911294,2022-02-11,28.7027944011,-80.667222919
107950282,2022-03-05,33.5055611111,-79.0600388889
107952840,2022-03-05,33.8460283333,-77.95945
107955820,2022-02-24,25.6729462977,-80.1531738678
107970192,2022-03-05,27.2526737314,-80.1947306469
107973145,2022-03-05,27.6604833333,-80.357345
107977289,2022-03-05,26.15780833,-80.0994195
107977655,2022-03-05,26.15843617,-80.099175
107978062,2022-03-05,26.15945,-80.09898333
107981843,2022-03-05,29.6708833333,-81.2134166667
107987763,2022-03-05,34.1954295997,-77.8030228121
107994770,2022-03-05,33.9639963936,-77.9207890481
108010755,2021-12-16,24.8466033333,-80.7432716667
108020627,2022-03-06,28.3439331055,-80.6053695679
108025356,2022-03-06,28.26447,-80.60443
108027567,2022-03-06,28.0950375682,-80.5893710504
108027916,2022-03-06,28.1321746505,-80.5548379717
108036704,2022-03-06,27.6321972366,-80.3503450379
108041016,2022-03-06,27.6305662021,-80.3501160443
108054343,2022-03-06,28.367105,-80.6017616667
108064174,2022-03-06,26.53833333,-80.0444445
108067290,2022-03-06,24.856705,-80.72798
108070006,2022-03-06,25.7923937558,-80.1265954971
108071441,2022-03-06,28.3580033333,-80.60343
108102746,2022-03-07,28.1861743226,-80.5919999821
108110778,2022-03-07,28.275309,-80.6054184997
108113482,2022-03-07,26.15798883,-80.09932783
108114406,2022-03-05,26.9798850262,-80.0830944255
108134210,2022-03-07,26.532075,-80.0463111667
108146803,2022-03-07,28.3451,-80.6050333333
108182027,2022-03-08,26.0951671174,-80.106443119
108187385,2022-03-08,33.8448793575,-77.965992265
108194359,2022-03-08,35.2267028997,-75.6353706
108203805,2022-03-08,26.4721845417,-80.0555234124
108212868,2022-03-08,26.7830007438,-80.04383802
108254245,2022-03-09,35.5223327331,-75.4726461096
108259049,2022-02-02,25.7514366667,-80.1462945
108269794,2022-03-09,33.845705,-77.9610283333
108269818,2022-03-09,33.84485,-77.9592883333
108269937,2022-03-09,33.8446533333,-77.9593116667
108270010,2022-03-09,33.8446166667,-77.9593583333
108271969,2022-03-09,33.8446166667,-77.9593583333
108273384,2022-03-09,33.8449633333,-77.9656616667
108273407,2022-03-09,33.8446383333,-77.9665616667
108307028,2022-02-22,28.406621,-80.590522
108310710,2022-03-10,33.99822555,-77.90527262
108359581,2022-03-10,24.8125616667,-80.8202366667
108364697,2022-03-11,26.4596597571,-80.0575808343
108433653,2022-03-12,26.5417098999,-80.0435256958
108434142,2022-03-11,33.4330218237,-79.1185121244
108444718,2022-03-12,25.1366833333,-80.93332
108450878,2022-03-12,33.9909588281,-77.9079356848
108459334,2022-03-11,26.309375,-80.0756221667
108463153,2022-03-10,25.9245083333,-80.1208416667
108563297,2022-03-11,26.1412815,-80.149857
108580513,2022-03-13,28.95275,-80.8400333333
108592543,2022-03-14,25.7452907562,-80.1431350708
108601686,2022-03-14,25.7846666667,-80.1276028333
108649201,2022-03-15,26.3640548,-80.1078782054
108652994,2022-03-15,29.01224445,-80.879525
108669227,2022-03-15,28.3288166667,-80.6065216667
108690401,2022-03-15,25.7821416667,-80.1277861667
108711705,2022-03-10,28.4975397945,-80.6371497088
108735596,2022-03-16,25.9999116667,-80.1157833333
108744751,2022-03-16,26.0392555,-80.11325
108756027,2022-03-16,26.2391639722,-80.0872109722
108770358,2022-03-16,26.251776,-80.1384465
108813066,2022-03-15,29.161346,-80.9732029722
108846862,2022-03-17,26.9178253466,-80.0646590379
108874958,2022-03-18,26.9292557662,-80.067440667
108878306,2022-03-18,26.2141787489,-80.0910701873
108879733,2022-03-18,26.3940354903,-80.0654931833
108880870,2022-03-17,35.2313168775,-75.5476991506
108917654,2022-03-09,35.2206197392,-75.657600759
108928929,2022-03-18,25.7437588191,-80.1438746174
108949285,2022-03-19,26.1327333333,-80.1027611667
108949988,2022-03-19,26.4602033333,-80.0576333333
108961511,2022-03-19,27.6677783333,-80.3594583333
108964177,2022-03-19,25.8200605713,-80.1204017118
108975273,2022-03-19,25.6982616667,-80.1640333333
108989565,2022-03-19,26.872067847,-80.0491026309
109077731,2022-03-19,27.8136366667,-80.4228366667
109084622,2022-03-20,25.7028012643,-80.2464878932
109084726,2022-03-17,34.23592,-77.7734
109142589,2022-03-13,24.7328017,-81.024073
109142657,2022-03-14,25.7910597003,-80.1276105381
109149609,2022-03-16,25.986975,-80.1175305
109153274,2022-03-21,26.177280426,-80.0965957642
109169701,2022-03-21,26.4169921875,-80.0638961792
109172085,2022-03-18,26.3591833333,-80.0687416667
109191858,2022-03-21,29.1386032997,-80.9603010997
109207645,2022-03-22,25.7238826752,-80.2183303833
109221891,2022-03-21,26.7927439985,-80.0318813939
109222845,2022-02-24,28.7467704268,-80.7528406754
109229161,2022-03-22,26.0907427316,-80.1090929273
109237966,2022-03-18,25.6885616667,-80.1564333333
109253793,2022-03-09,25.7904033333,-80.1266861667
109257625,2022-03-22,29.2861131264,-81.0357593064
109257679,2022-03-22,29.2861131264,-81.0357593064
109257901,2022-03-22,29.2861131264,-81.0357593064
109265761,2022-03-22,29.2388916667,-81.0133222167
109277109,2022-03-23,26.017216,-80.115621
109283772,2022-03-15,25.7913524319,-80.1267782594
109292278,2022-03-23,28.40568,-80.5903783333
109320940,2022-03-23,28.069065094,-80.556892395
109327969,2022-03-23,25.7406166667,-80.1462555
109327991,2022-03-23,25.7391033333,-80.1483695
109328730,2022-03-15,25.7754283883,-80.1303163916
109330092,2022-03-23,25.7436033333,-80.14405
109341977,2022-03-23,25.611428651,-80.3068063769
109368100,2022-03-23,28.3933783333,-80.5952216667
109385497,2022-03-24,25.6833283333,-80.1556861667
109392027,2022-03-24,26.1244055,-80.1033638333
109395152,2022-03-19,25.70815,-80.1517945
109406331,2022-03-23,26.891495,-80.0559305
109408851,2022-03-24,26.123125,-80.1040638333
109409105,2022-03-24,26.125275,-80.1032028333
109426298,2022-03-23,25.7832916667,-80.1276861667
109463700,2022-03-22,27.4754466667,-80.2908116667
109487438,2022-03-23,26.4646554374,-80.0566123689
109602192,2022-03-24,26.2370280171,-80.0874589523
109693247,2022-03-23,28.3200067,-80.6075513
109693249,2022-03-23,28.3200067,-80.6075513
109693252,2022-03-23,28.3200067,-80.6075513
109693255,2022-03-23,28.3200067,-80.6075513
109694770,2022-03-26,24.843229597,-80.7925591618
109785326,2022-03-07,28.3206183172,-80.6077418267
109885942,2022-03-21,26.2455694444,-80.085525
109894411,2022-03-29,26.7041333333,-80.0327
109929582,2022-03-30,26.132925,-80.1027361667
109976551,2022-03-30,25.7932951903,-80.1270357779
110015764,2022-03-21,29.29283,-81.0392611667
110038925,2022-03-30,26.1306144898,-80.102948508
110076695,2022-03-31,25.980653,-80.117721
110140126,2022-04-01,26.1526641846,-80.1003265381
110172912,2022-04-01,27.8585919913,-80.4465317354
110198358,2022-04-02,25.7796916667,-80.1280528333
110202096,2022-04-02,25.68938,-80.1565166667
110233052,2022-04-02,25.7457414807,-80.1986777647
110236754,2022-04-02,25.819251653,-80.1207414738
110282401,2022-04-03,25.7458889498,-80.1925288057
110296113,2022-03-30,25.7861611111,-80.1274
110296115,2022-03-30,25.7861305556,-80.1274222222
110296116,2022-03-30,25.7850722222,-80.1275138889
110478863,2022-04-05,26.1261686007,-80.1040350018
110489597,2022-04-05,25.8169466667,-80.1206666667
110609984,2022-04-06,26.1574033834,-80.0993649569
110620685,2022-04-04,28.17573,-80.58905
110621339,2022-04-06,24.7280783333,-80.9879
110660506,2022-04-07,26.2670853479,-80.0797387655
110665740,2022-04-07,24.8127533333,-80.8182533333
110685540,2022-04-07,35.2276333333,-75.6284866667
110747044,2022-03-19,25.7158666667,-80.1488111667
110929477,2022-02-12,26.9791174407,-80.0828439742
110965285,2022-03-22,26.3639332399,-80.0683366152
111104943,2022-04-11,35.2401836698,-75.5548080177
111138690,2022-04-07,26.3106761996,-80.0755735653
111161971,2022-04-11,26.3185029348,-80.0997656956
111197594,2022-04-12,25.7693463252,-80.1302349583
111197655,2022-04-12,25.7693211205,-80.1302108006
111212150,2022-03-23,25.6798133333,-80.2562633333
111220302,2022-04-12,26.721271247,-80.0342148799
111333384,2022-04-13,26.5426819722,-80.0434719722
111366883,2022-02-20,28.1684957884,-80.5875831503
111411516,2022-04-14,25.7751216667,-80.1293861667
111416214,2022-04-14,25.7762601693,-80.1293813065
111416879,2022-04-14,26.1288916667,-80.1029278333
111423998,2022-03-16,25.9869383333,-80.117425
111455983,2022-04-14,25.9898433685,-80.1175765991
111571060,2022-04-15,25.7165881652,-80.1633199382
111571539,2022-03-14,34.5003656591,-77.4072355468
111637615,2022-04-16,27.653155,-80.3551116667
111667104,2021-12-18,28.7032788091,-80.6673511359
111675241,2022-04-16,27.6533966667,-80.355325
111776005,2022-04-17,26.3116888986,-80.0754154039
111912160,2022-04-18,28.3302746833,-80.6065041995
111917329,2022-04-18,25.9989616667,-80.1160278333
111924999,2022-04-18,27.25498,-80.1960966667
111925856,2022-04-14,26.1035513226,-80.1280847763
112262164,2022-04-20,26.3253533333,-80.0736833333
112264353,2022-04-21,26.4598769997,-80.0576784997
112278756,2022-04-21,27.4598417905,-80.2871832661
112298093,2022-04-21,27.6661968231,-80.3591995239
112299557,2022-04-21,26.61385,-80.0365
112306828,2022-04-21,25.7803916667,-80.1281195
112313771,2022-04-21,28.0690778333,-80.556305
112339873,2022-04-21,25.780495,-80.1280528333
112373572,2022-04-22,29.3209010689,-81.0524497089
112374344,2022-04-22,29.3186825468,-81.0513465666
112398516,2022-04-22,26.0363395304,-80.1136758481
112400622,2022-04-22,26.0352934943,-80.1141130925
112400668,2022-04-22,26.0355262939,-80.1137083722
112401103,2022-04-22,26.0350501716,-80.1137718292
112401736,2022-04-22,26.0344446153,-80.1139544406
112402974,2022-04-22,26.0346999681,-80.113778838
112413097,2022-04-22,29.0333666667,-80.89193
112413122,2022-04-22,29.0331833333,-80.8920583333
112413166,2022-04-22,29.0334111667,-80.8919366667
112434004,2022-04-22,29.0443282208,-80.8985615431
112456189,2022-04-22,26.17970038,-80.09595611
112457367,2022-04-22,30.0034972167,-81.3179033333
112458591,2022-04-22,29.5237860891,-81.1479303986
112468463,2022-04-22,26.0348701477,-80.1140441895
112529143,2022-04-23,29.1210384015,-80.9504799173
112547075,2022-04-21,29.8958966667,-81.2758783333
112547495,2022-04-23,28.3360466667,-80.6059633333
112554282,2022-04-23,28.1873826,-80.5928504
112555079,2022-04-23,26.058525,-80.1115166667
112577124,2022-04-23,28.6630737666,-80.6370562192
112589181,2022-04-23,29.2304477692,-81.0091018677
112655621,2022-04-24,29.31441708,-81.0493762326
112679424,2022-04-24,29.6703380299,-81.2132777673
112725321,2022-04-24,26.1496971667,-80.1011666667
112752892,2022-04-22,28.9607268759,-80.8466407099
112761800,2022-04-24,29.638981,-81.199837
112787446,2022-04-23,25.7175952503,-80.1488158024
112832469,2022-04-25,29.3047606553,-81.0431328035
112874155,2022-04-25,25.7395961794,-80.1624623106
112955779,2022-03-18,26.2342133333,-80.0881111667
112964598,2022-04-26,29.3113983795,-81.0481948872
113001934,2022-04-26,29.3858918,-81.084048
113009924,2022-04-26,27.6333466667,-80.3502966667
113049202,2022-04-26,25.9168194444,-80.1211694444
113076318,2022-04-23,29.5982133184,-81.1822677676
113102140,2022-04-23,29.2076950073,-80.9973449707
113133175,2022-04-23,25.6783716667,-80.1544945
113162920,2022-03-15,28.3744044738,-80.599979622
113224660,2022-04-28,29.3536725068,-81.0619227668
113307522,2022-04-28,25.7929633333,-80.1262195
113361394,2022-04-29,25.7618998819,-80.1917902753
113389272,2022-04-29,29.790225,-81.2574383333
113403537,2022-04-29,29.0403144373,-80.8960251134
113459172,2022-02-15,25.7044583333,-80.1530138333
113501672,2022-04-28,29.1538605685,-80.9693313632
113501673,2022-04-28,29.1533955997,-80.9691040997
113501674,2022-04-28,29.1529371141,-80.96881895
113501680,2022-04-28,29.1515129,-80.9680869
113501681,2022-04-28,29.1512899926,-80.9679113739
113501685,2022-04-28,29.1550925997,-80.9701301
113585881,2022-04-29,27.762755,-80.39633
113779292,2022-04-29,29.2312350102,-81.0087806685
113779807,2022-04-29,29.2309000053,-81.0086277833
113779963,2022-04-29,29.2303916722,-81.0082472167
113788614,2022-04-30,25.7540636065,-80.1464666665
113832103,2022-04-30,26.7941383333,-80.0317611667
113885544,2022-04-30,25.71837,-80.1487361667
114189337,2022-05-01,29.83568,-81.2631083333
114190169,2022-04-30,29.7123216667,-81.2279666667
114324678,2022-05-01,29.3039991169,-81.1208303182
114409127,2022-05-01,28.2132579938,-80.5962793621
114409197,2022-05-01,29.6409366667,-81.2006833333
114413429,2022-05-01,29.6772641654,-81.2161644149
114507380,2022-04-23,27.8536444444,-80.4435972222
114698143,2022-05-01,29.98848,-81.3143616667
114797536,2022-02-26,25.679914253,-80.154583044
114797676,2022-02-26,25.6849522572,-80.1557666463
114869805,2022-04-29,29.5774966197,-81.1734588658
114899953,2022-05-02,28.1361083333,-80.5788416667
115167271,2022-05-03,28.4041203957,-80.5909112142
115176841,2022-05-03,28.3367616667,-80.6059716667
115189271,2022-01-12,25.8157716667,-80.1208333333
115217389,2022-04-30,29.4715764945,-81.1224183714
115222245,2022-05-03,30.3634027778,-81.3969694444
115375589,2022-05-04,30.2519383333,-81.3798916667
115486353,2022-05-04,30.3486466667,-81.3960883333
115562410,2022-04-25,26.5360333333,-80.04515
115638472,2022-05-02,25.724285,-80.147743
115724862,2022-05-03,26.5856969722,-80.037706
115820678,2022-05-03,29.8679240016,-81.2669068202
115959138,2022-05-02,25.725367,-80.147987
115989233,2022-03-18,27.5978555556,-80.3318027778
115989235,2021-03-03,27.8065944444,-80.4195638889
115989240,2021-03-16,27.8141555556,-80.4232166667
115989242,2021-12-15,27.7957083333,-80.41385
117011306,2021-12-31,25.6780616667,-80.15425
117053235,2022-05-14,27.3187333333,-80.2252366667
117081265,2022-05-14,28.132812,-80.5781939722
117188517,2022-03-23,25.8039984981,-80.1338481603
117305796,2022-05-16,29.4588033333,-81.1165916667
117335822,2022-05-16,28.40646895,-80.5902179561
117337847,2022-05-15,29.1563471667,-80.9710916667
117422560,2022-04-22,25.7923966667,-80.1263055
117526551,2019-02-19,26.8601996,-80.0600952
117691957,2022-02-23,26.2307777405,-80.0887756348
117806271,2022-05-19,28.3242348445,-80.6075014919
117847762,2022-05-04,25.8049966667,-80.1225138333
117926211,2022-02-26,25.721805,-80.1476111667
118134079,2019-12-28,28.7017616667,-80.6662966667
118287508,2022-05-22,28.6850337982,-80.6535873413
118433628,2022-03-10,25.7316333333,-80.1619721667
118683171,2022-05-25,25.757805,-80.1493
118715070,2022-05-25,25.9098237986,-80.1372900364
119174314,2022-03-19,27.2117916721,-80.1725916667
119444209,2022-04-03,25.7851524353,-80.1287155151
119514558,2022-05-24,29.8721360997,-81.2688493997
119519614,2022-04-11,26.4621472222,-80.0574333333
119682484,2022-03-16,26.0089888833,-80.11505
120593098,2022-06-06,30.6653116667,-81.4305583333
120704577,2022-04-11,26.0214135772,-80.1145633571
120736380,2022-06-07,30.379038746,-81.3967397847
120756979,2022-06-07,29.278323,-81.031818
120891104,2022-06-07,29.2802289722,-81.033377
121832553,2022-01-10,25.7906133333,-80.185395
122417617,2021-07-19,41.3424358913,-70.8339979113
123043867,2021-06-06,34.7065620039,-76.6808557513
123404117,2018-01-27,28.4064285,-80.5940471
123668872,2020-02-07,24.7153922728,-81.0921805859
124791845,2020-12-29,25.6997033333,-80.15525
124963612,2020-06-10,34.5067977905,-77.3878707886
125526958,2022-07-09,35.2256887397,-75.5347692991
125658051,2022-07-10,36.3535380893,-75.8173299953
125925743,2022-03-21,28.0466098931,-80.5463357594
125984255,2022-07-09,35.2758325073,-75.5699574871
126230569,2022-07-13,41.347275,-70.6537466667
126598979,2020-09-15,41.4875,-71.038333
126727848,2022-05-03,27.788924718,-80.4087181944
126768355,2022-04-25,29.3307885588,-81.0573959357
126891511,2022-03-16,25.717255,-80.1490166667
127110298,2022-07-20,41.310145,-70.7921133333
127521791,2018-02-19,31.1522329416,-81.3652053621
127925214,2022-07-25,41.6518407208,-70.1597202828
127991688,2021-05-06,28.105978587,-80.5696256831
128070649,2022-07-26,41.6520202997,-70.1616109997
128229391,2022-07-26,41.3516825982,-70.5541438732
128356627,2022-07-28,41.6521136663,-70.1636103606
129181957,2022-03-01,25.6760166667,-80.1631166667
129696208,2022-08-06,41.3084866667,-70.7890166667
129782284,2022-05-31,30.75858,-81.45865
129788012,2022-07-27,35.2017270823,-75.7018729248
129867488,2022-08-07,41.6617616667,-70.0667583333
129884729,2022-07-21,41.6637700028,-69.9915383333
129889861,2022-08-07,41.2662658691,-70.1921234131
130116570,2022-08-09,41.3504700018,-70.5711616667
130116670,2022-08-09,41.3503033336,-70.5571883333
130170841,2022-08-09,41.51482,-71.0682611667
130687982,2022-08-13,41.3620607759,-70.806495
130690633,2022-03-07,26.5368866197,-80.0434174736
130705016,2022-03-23,26.1226484864,-80.1373176277
130705149,2022-03-23,26.1609161078,-80.0847855188
131140356,2022-08-09,41.2474144483,-70.1338505466
131226227,2022-08-17,41.1843216667,-71.578225
131486207,2022-06-17,33.625658986,-78.9540779329
132496018,2020-05-23,34.6429264328,-77.0971966535
134125521,2022-03-07,33.9048684666,-78.2497412343
134125525,2022-03-05,33.9583051427,-77.9789345025
134125527,2022-03-05,33.8464958613,-77.9724402012
134125560,2022-03-05,33.9356002805,-77.922603541
134977578,2019-01-24,24.74023,-80.981141
135541492,2019-01-24,24.819859,-80.821734
135541659,2019-01-24,24.819859,-80.821734
136233036,2022-09-23,29.1635897293,-80.9746088965
137025115,2022-04-07,25.9045218179,-80.1211127266
137362828,2022-10-02,25.9094173464,-80.1392375715
137475591,2022-10-03,29.233649321,-80.999786948
138459005,2022-10-09,34.1858773958,-77.8130051621
139312153,2021-03-07,25.7195388889,-80.1482388889
139350138,2022-04-11,26.7269738792,-80.0427212413
139867280,2022-01-10,26.1242666667,-80.103325
139933769,2020-06-04,34.6472666724,-77.0834278333
141112652,2022-11-04,28.6530116667,-80.6299533333
141299676,2022-11-06,34.6305444092,-76.5145222843
141450379,2022-11-07,29.0291840918,-80.8897392824
141582058,2022-11-06,34.6201033333,-76.521545
141647168,2022-11-10,35.9373783333,-75.6114283333
141647179,2022-11-10,35.9361216667,-75.6105633333
141647184,2022-11-10,35.93607,-75.610725
141647203,2022-11-10,35.936325,-75.6108783333
141655419,2022-11-10,35.9425283333,-75.616745
141659282,2022-11-10,35.2202103121,-75.6573939536
141672939,2022-11-10,35.5482616739,-75.464225
141693028,2022-11-06,28.4059839673,-80.5897698097
141704083,2020-09-01,29.216407397,-81.0257891228
141729933,2022-11-11,33.8430172849,-77.9622032675
141739282,2022-11-11,33.842975,-77.9609133333
141789442,2022-11-12,33.8991666667,-78.0587527778
141793926,2022-11-12,34.644795,-77.0899971667
141829282,2022-11-12,33.9127360453,-78.2210123912
141947550,2022-11-12,34.6694133333,-76.9906216667
142067008,2022-11-15,26.0172472222,-80.11475
142137263,2022-11-15,34.0629111667,-77.8797383333
142155045,2022-03-21,27.2997500021,-80.2166216667
142218048,2022-11-17,26.3614883333,-80.068375
142378200,2022-11-19,25.771626,-80.1301169722
142501918,2018-01-07,26.3683064,-80.1289321
142537138,2022-11-21,26.0571221667,-80.1116778333
142568076,2019-12-27,30.7634866667,-81.4589616667
142596152,2022-11-22,26.0461120605,-80.1136932373
142602806,2022-11-21,26.1068111667,-80.1042416667
142677389,2020-05-25,28.1481805,-80.5822216667
142757132,2022-11-24,26.1140531006,-80.1039238641
142757575,2022-11-24,33.9710137464,-77.9591419138
142757576,2022-11-24,33.9103366574,-77.9357753032
142784478,2022-11-24,26.2337666667,-80.0892416667
142872751,2022-11-25,28.5518493652,-80.8481140137
142973930,2022-11-26,35.948625,-75.617805
143106854,2022-11-27,25.9074859619,-80.1210021973
143267957,2022-11-29,26.1971366667,-80.0937583333
143374456,2022-11-30,26.2341918945,-80.087890625
143500208,2022-12-02,26.934245,-80.0686278333
143513031,2022-12-02,27.2534925,-80.1998852
143513695,2022-12-02,27.7470424089,-80.3872387749
143531772,2022-12-02,25.46513,-80.3344633333
143541340,2022-12-02,26.0548248291,-80.111831665
143559855,2022-12-03,27.7819216667,-80.405945
143569486,2022-12-02,33.94495,-77.9289333333
143597915,2022-12-03,25.7092217465,-80.1517800293
143613317,2022-12-03,27.7597805906,-80.3957782738
143623785,2022-11-30,25.8171866667,-80.1203611667
143637911,2022-12-04,25.8913082,-80.1212596997
143683661,2022-12-04,29.7462116667,-81.2432783333
143803936,2022-12-06,34.2072745997,-77.7945555
143872116,2022-12-07,25.76476269,-80.13014744
143876516,2022-12-07,25.764325,-80.13014189
143876527,2022-12-07,25.76427648,-80.13016888
143876534,2022-12-07,25.76491219,-80.13018684
143963171,2022-12-08,26.2535916667,-80.0839766667
143965417,2022-12-08,26.1107111111,-80.1041305556
143999463,2022-12-09,26.1142425537,-80.1051940918
144005653,2022-12-09,33.9649006863,-77.9205389321
144006036,2022-12-09,33.9643923704,-77.9208175465
144081841,2022-12-10,34.196675,-77.80237
144084577,2022-12-10,34.0182505513,-77.8977458552
144105423,2022-12-10,34.2748615689,-77.7203830958
144105468,2022-12-10,34.3011319864,-77.6701395088
144105500,2022-12-10,34.3761425908,-77.6714340561
144110612,2022-12-10,33.9990166667,-77.9048783333
144115554,2022-12-10,29.8060383333,-81.2603916667
144124231,2022-12-10,32.68662,-79.8876633333
144153382,2022-12-11,34.2114605708,-77.7908467501
144199019,2022-12-11,34.1939299675,-77.8045057282
144251921,2022-12-11,30.5555222024,-81.4440248162
144330015,2022-12-13,32.1371388333,-80.7573166667
144362550,2022-05-03,30.363357,-81.397041
144365798,2022-12-14,26.2471631553,-80.0863641724
144366272,2022-12-14,32.5096927,-80.2924404904
144377059,2022-12-14,31.01786613,-81.42615509
144427290,2022-12-15,26.1914215088,-80.0948028564
144428433,2022-12-15,34.4964859262,-77.4105702807
144430511,2022-12-15,34.4984427387,-77.4067354328
144477477,2018-01-08,26.0584347778,-80.1114568889
144479519,2022-12-16,32.6409301758,-79.9702758789
144555912,2022-12-17,25.9214366667,-80.1209333333
144572067,2022-03-22,28.1794891003,-80.5893345928
144627728,2022-12-17,25.7763416667,-80.12905
144674911,2022-12-19,25.8407283333,-80.1187221667
144675745,2022-12-19,25.8606262207,-80.1190490723
144678381,2022-12-19,26.9017652834,-80.0592194125
144681637,2022-12-19,25.8120422363,-80.1219482422
144689553,2022-12-19,25.8348133333,-80.1192028333
144730294,2022-12-20,26.31728,-80.0748221667
144731895,2022-12-20,25.8886940265,-80.1211973001
144737647,2022-12-20,26.4581859671,-80.0577784796
144738513,2022-12-20,26.01394105,-80.11498138
144742852,2022-12-20,25.9301126286,-80.120302753
144742888,2022-12-20,25.9301321381,-80.1203001167
144751208,2022-12-20,25.8592861111,-80.1196333333
144763085,2022-12-19,27.2453859722,-80.190871
144795443,2022-12-20,28.0835934966,-80.6081090122
144817095,2022-12-21,30.1304305,-81.34783
144823958,2022-12-21,30.0418403534,-81.3326238934
144825063,2022-12-21,25.8812833333,-80.1203778333
144871219,2022-12-22,25.7352668513,-80.1553752647
144876476,2022-12-14,25.9020538997,-80.1217199
144983883,2022-12-14,29.0713444444,-80.9108583333
145048793,2022-12-20,26.01409445,-80.1149305
145064316,2022-12-13,32.2162906903,-80.7526079938
145236866,2022-12-20,26.0655888333,-80.1110611667
145261782,2022-12-28,25.8148803711,-80.1207275391
145268043,2022-12-28,25.9394800654,-80.1194322351
145270143,2022-12-28,26.4581604004,-80.0594024658
145274987,2022-12-19,25.7824888889,-80.1296833333
145281614,2022-12-28,27.4842466667,-80.2949533333
145281828,2022-12-28,27.0702679921,-80.1160995942
145284742,2022-12-28,26.13721671,-80.10243132
145284826,2022-12-28,26.720825,-80.0339805
145289932,2022-12-20,26.9787906727,-80.0827571053
145290143,2022-12-20,26.9787878497,-80.0827627231
145290490,2022-12-20,26.9788115733,-80.0828010401
145291753,2022-12-21,26.7024265802,-80.0329388924
145309859,2022-12-28,26.1384092951,-80.102674216
145316006,2022-12-19,26.9633380276,-80.0778066524
145316024,2022-12-19,26.9627366667,-80.0780416667
145316061,2022-12-19,26.9611333333,-80.0775383333
145354545,2022-12-29,25.731659825,-80.1620831341
145356435,2022-12-29,26.2245696582,-80.0898817615
145356465,2022-12-29,26.2240162539,-80.0893828646
145366018,2022-12-29,25.77529732,-80.1294738442
145370506,2022-12-29,26.819881601,-80.0372403861
145371258,2022-12-29,26.373435121,-80.1775005734
145380845,2022-12-29,25.9354416608,-80.1198777265
145380953,2022-12-29,25.9355921739,-80.1199690069
145391400,2022-12-29,25.8043416667,-80.1229416667
145391802,2022-12-29,27.6285393445,-80.3491102298
145419858,2022-12-30,26.1632328033,-80.0983276367
145430659,2022-12-30,24.94263,-80.591775
145433000,2022-12-30,27.258277341,-80.198017929
145441608,2022-12-30,26.1537669125,-80.1000309422
145450909,2022-12-29,28.2282281631,-80.5992912501
145451461,2022-12-30,25.614155,-80.3063716667
145456851,2022-12-30,25.4634083333,-80.331025
145489699,2022-12-30,26.7847500425,-80.0317197113
145500228,2022-12-31,26.1858260779,-80.0955284759
145519500,2022-12-31,27.260945,-80.1986083333
145522538,2022-12-29,27.4722905103,-80.2963546879
145547143,2022-12-30,26.8411482937,-80.0425097992
145564266,2022-12-30,26.1266416667,-80.1032111667
145585907,2022-12-29,26.9596944444,-80.0771583333
145620043,2023-01-01,27.8598883333,-80.4470883333
145620148,2022-12-11,29.3315472222,-81.0578166667
145622055,2022-12-28,29.3024248008,-81.0437424268
145660560,2022-12-30,25.9467083333,-80.118775
145688387,2023-01-02,27.8221530332,-80.3988547996
145688780,2022-12-20,26.9751046164,-80.0815248017
145704646,2023-01-02,26.0696168481,-80.1105367765
145709241,2022-12-29,26.1896116667,-80.0944666667
145748630,2022-12-31,26.30772,-80.0758528333
145767140,2019-12-27,30.781125,-81.4566416667
145774900,2023-01-03,25.8144825904,-80.1226197928
145775034,2023-01-03,26.938659668,-80.0709457397
145781399,2023-01-03,28.0294299218,-80.5385923548
145826300,2023-01-04,26.2521069722,-80.084152
145852695,2023-01-04,26.5043182373,-80.0518951416
145901853,2023-01-03,26.2414133333,-80.086875
145901953,2023-01-04,26.9782466667,-80.0822971667
145913942,2023-01-05,26.0138242779,-80.1146506313
145921720,2023-01-05,25.7316033333,-80.162225
145927985,2023-01-05,26.6264616667,-80.0364528333
145958740,2022-12-28,25.8153213694,-80.1206052778
145958749,2022-12-28,25.8141911997,-80.1208077
145958775,2022-12-28,25.8157406997,-80.1206025
146042613,2022-12-30,25.9897116667,-80.1169805
146058386,2023-01-02,27.6216366667,-80.3460166667
146068641,2023-01-07,26.4601135254,-80.058380127
146086532,2023-01-05,25.7038360158,-80.153375057
146095853,2023-01-06,25.711805,-80.1513971667
146131981,2023-01-08,26.9739071,-80.08091957
146169484,2023-01-02,25.7412916667,-80.1453388333
146179316,2023-01-08,26.961105,-80.0773861667
146179344,2023-01-08,26.9611866667,-80.0773166667
146218196,2022-12-29,26.0904138333,-80.1090471667
146246327,2023-01-09,26.138125,-80.1030055
146249045,2023-01-09,26.0216361667,-80.1145778333
146262212,2023-01-05,25.6702132385,-80.1532637913
146286451,2020-09-19,41.8417736,-69.9459909
146302550,2023-01-10,28.98959,-80.8650566667
146356846,2023-01-11,26.1044951609,-80.1139390008
146401253,2023-01-08,26.3136,-80.0753111667
146402893,2023-01-12,25.7049366667,-80.1530083333
146404391,2023-01-12,25.7038033529,-80.1535976093
146584969,2023-01-12,26.1773435052,-80.0964693809
146708431,2023-01-02,25.8118166667,-80.1222527778
146876302,2023-01-08,26.0214213818,-80.1144491136
146898033,2023-01-19,26.5450932602,-80.0429024692
147029658,2022-12-08,26.38558,-80.0663083333
147077837,2023-01-19,24.7149188336,-81.0673292333
147140691,2023-01-06,24.902555,-80.6933133333
147146258,2023-01-04,25.6686339856,-80.1541871909
147146375,2023-01-22,26.0447277778,-80.1127305556
147221241,2023-01-22,26.0836666667,-80.1093888333
147223033,2023-01-22,25.7120274193,-80.2436739206
147288771,2023-01-24,26.8928055556,-80.056225
147289991,2023-01-24,26.4485448719,-80.0586934853
147295819,2023-01-04,25.8442598801,-80.1190752536
147324578,2023-01-24,26.1252029895,-80.1034010947
147340082,2023-01-25,27.951025,-80.4981
147457117,2022-11-30,25.9902444444,-80.1168944444
147531295,2023-01-28,26.1416583333,-80.1018444444
147531440,2023-01-28,26.1421694444,-80.1022277778
147544535,2023-01-28,26.1531294383,-80.1001433275
147545077,2023-01-28,27.2148964835,-80.1739378251
147546727,2023-01-28,25.9930945909,-80.1173686221
147555302,2023-01-28,28.1010861788,-80.5682747719
147558066,2023-01-28,27.0665448095,-80.1151961596
147578153,2023-01-28,27.090085,-80.1260883333
147591988,2023-01-28,26.9607716667,-80.077325
147613185,2023-01-28,27.646564,-80.3963265
147644737,2023-01-29,26.9786133333,-80.0825278333
147646149,2023-01-28,26.9802351157,-80.0832184531
147651425,2023-01-29,28.3716027778,-80.6018111111
147654047,2022-12-30,27.4194678623,-80.2718865366
147672399,2023-01-29,28.320000152,-80.607551448
147721686,2023-01-29,26.685087663,-80.0345412018
147731568,2023-01-10,28.98959,-80.8650566667
147741477,2023-01-29,26.1398611111,-80.1021194444
147741485,2023-01-29,26.1392138889,-80.1021416667
147747478,2022-12-28,26.9091027778,-80.0617611111
147757026,2023-01-30,25.7145463341,-80.1503550731
147758326,2023-01-30,26.928745,-80.0673361667
147826397,2023-02-01,25.7317121726,-80.1626768718
147831777,2023-02-01,28.3049416667,-80.6071383333
147860561,2022-03-30,25.8494600389,-80.1203790672
147866235,2022-12-29,26.9775299653,-80.082151629
147921442,2023-02-02,26.0151527833,-80.1149055
147954227,2023-02-03,25.2287354676,-80.3255784692
147954336,2023-02-03,25.2288130354,-80.3254693526
147954600,2023-02-03,25.2288166667,-80.3254616667
147954641,2023-02-03,25.2293337928,-80.3248000146
147963688,2023-02-02,28.361295,-80.60305
147969923,2023-02-03,25.7858762797,-80.1273330209
147969942,2023-02-03,25.7859139564,-80.1272976492
148047232,2023-02-04,25.7906389448,-80.1300454885
148053082,2023-02-04,26.0328674316,-80.1143417358
148073482,2023-02-04,26.1174095634,-80.1038661227
148079446,2023-02-04,27.2070777778,-80.1696416667
148106202,2023-02-05,25.089295189,-80.4318838567
148110150,2023-02-05,26.256855,-80.0831611667
148132902,2023-02-05,25.7317361809,-80.1625023281
148187334,2023-02-06,28.1977309455,-80.594478026
148188994,2023-02-06,26.1407,-80.1021195
148201684,2023-02-06,28.2428436279,-80.6011428833
148220385,2023-02-05,25.71628,-80.149483
148256348,2023-02-07,26.0594083333,-80.1114555556
148256479,2023-02-07,28.3296826389,-80.606710408
148256952,2023-02-07,27.2518834625,-80.1944726648
148257740,2023-02-07,27.2538541032,-80.1954567454
148258330,2023-02-07,26.0482350091,-80.1129523002
148268308,2023-02-07,27.7948113112,-80.4131706712
148269531,2023-02-07,26.5047333333,-80.051225
148273452,2023-02-07,26.3165283333,-80.0748528333
148275303,2023-02-07,28.2767283388,-80.6053871503
148275539,2023-02-07,26.784330368,-80.0324020386
148289134,2023-02-07,26.316555,-80.0748583333
148296023,2023-02-07,26.4146333333,-80.0635916667
148313224,2023-02-08,28.2776572583,-80.6056055174
148313332,2023-02-08,26.1544695,-80.0998916667
148314116,2023-02-08,24.720025,-81.0156861167
148333083,2023-02-08,26.0723571777,-80.110244751
148347379,2023-02-08,28.0606899261,-80.5535049438
148351050,2023-02-08,25.7949216667,-80.1258305
148363828,2023-02-08,27.4752833333,-80.2908033333
148380220,2023-02-06,26.3142634791,-80.0754292056
148385440,2023-02-09,25.9370574821,-80.1197919064
148386169,2023-02-09,25.7789383333,-80.1282971667
148386210,2023-02-09,25.7792209347,-80.1282991742
148397746,2023-02-09,26.20522,-80.0923388333
148406243,2023-02-09,28.2556994,-80.6030877997
148406862,2023-02-09,26.3340616667,-80.0722361667
148450991,2023-02-10,25.74448,-80.1436083333
148451188,2023-02-10,25.744245,-80.1436916667
148456492,2023-02-10,26.0603166667,-80.1114888333
148464812,2023-02-09,27.6480466667,-80.3535916667
148465237,2023-02-10,25.6735630035,-80.1532821655
148467530,2023-02-09,27.3506336583,-80.2386394963
148480824,2023-02-10,24.8233316099,-80.8150471602
148484458,2023-02-10,28.367401123,-80.6017379761
148486535,2023-02-10,27.1684518876,-80.1556061022
148528616,2023-02-11,25.6963666667,-80.1559833333
148532185,2023-02-11,29.0161743164,-80.882522583
148550494,2023-02-11,27.1851930288,-80.1599033261
148558867,2023-02-11,24.7328185,-81.024073
148558913,2023-02-11,24.8775333333,-80.6719133333
148580520,2023-02-11,29.0263863886,-80.8884650656
148613396,2023-02-12,25.7635216667,-80.1888966667
148627734,2018-02-14,24.8134410804,-80.7963888025
148667662,2023-02-09,26.3165666667,-80.074875
148667678,2023-02-09,26.3165533333,-80.0748888333
148673876,2023-01-09,25.6673805556,-80.1550361111
148817690,2022-12-30,27.6267431723,-80.3483531625
148834088,2023-02-10,25.7367224914,-80.1671240718
148841584,2023-02-15,26.0035829267,-80.1155966833
148849354,2022-12-31,27.0666947287,-80.1152212545
148912374,2023-02-10,25.7441416667,-80.1436916667
148921102,2023-02-16,25.99717,-80.116325
148973911,2023-02-17,25.7737293243,-80.1309738159
148978850,2023-02-17,25.7917277528,-80.185413744
148979308,2023-02-17,25.7821502686,-80.1278991699
149049761,2023-02-18,25.8378133333,-80.1189278333
149049790,2023-02-18,25.8371966667,-80.1189333333
149081080,2023-02-17,26.91327,-80.0631416667
149096278,2023-02-15,25.7858582807,-80.1292277661
149096280,2023-02-15,25.7858582807,-80.1292277661
149134931,2023-02-19,26.3607710693,-80.0684696809
149138774,2023-02-19,26.0195,-80.1149528333
149138910,2023-02-19,26.0195388333,-80.1146778333
149144213,2023-02-19,26.4237802424,-80.0628650752
149165054,2023-02-19,25.7933666667,-80.1260388333
149165293,2023-02-19,26.2941763901,-80.0779191032
149192921,2023-02-19,25.8158635,-80.143897
149246485,2023-02-20,25.787595,-80.1270528333
149351441,2023-02-21,26.4534716667,-80.0580138333
149371884,2023-02-07,26.0433751122,-80.1132047062
149434152,2023-02-22,25.7050133333,-80.1529695
149455454,2023-02-22,25.8151866667,-80.1211695
149499134,2023-02-23,26.5308292,-80.055064
149508539,2023-02-23,26.3181332636,-80.0746627198
149508663,2023-02-23,26.3180592244,-80.074729437
149510389,2023-02-20,25.6896,-80.156425
149608344,2023-02-24,34.6884033333,-76.6504366667
149663102,2023-02-24,26.6985626221,-80.0331115723
149667951,2023-02-25,35.2229283333,-75.6479116667
149679962,2023-02-25,35.2234138889,-75.6479277778
149722445,2023-02-24,24.84992,-80.7381366667
149798395,2023-02-24,26.798325,-80.0522528333
149847016,2023-02-27,26.3503545216,-80.0692411567
150051725,2023-03-02,26.1782116667,-80.0960166667
150209841,2023-03-04,33.9203383832,-78.1608195975
150217012,2023-03-04,34.65944199,-77.03866885
150217393,2023-03-04,34.65923329,-77.03847382
150222561,2023-03-03,33.956264937,-78.2765639717
150223338,2023-03-04,34.5753669739,-77.270149231
150318203,2023-03-05,33.9203383832,-78.1608195975
150367885,2023-03-05,34.7084943822,-76.6593739763
150404373,2023-03-04,34.6818939722,-76.9134009722
150410155,2023-02-11,27.1859481069,-80.1601759041
150455859,2023-02-04,26.7953936967,-80.0717069897
150535944,2023-03-05,33.4317704069,-79.119557862
150542081,2023-03-07,25.6923483609,-80.1643868163
150574773,2023-03-08,26.4656358084,-80.0568638193
150837605,2018-02-25,25.8148495594,-80.1622777316
150861259,2023-03-11,26.4500616667,-80.0587221667
150869898,2023-02-09,26.0606221667,-80.11145
150936102,2023-03-11,25.8878609385,-80.1615507316
150953680,2023-01-02,26.6156946832,-80.0311088969
150953681,2023-01-02,26.6148750705,-80.0335121562
150953682,2023-01-02,26.6131099279,-80.0288771435
150953684,2023-01-02,26.6112684266,-80.0339413096
150953685,2023-01-02,26.6135462793,-80.0301646005
150953686,2023-01-02,26.6118055936,-80.0314522197
150985828,2023-02-20,25.7820133333,-80.1278695
150994949,2023-03-09,25.8585633333,-80.1188666667
151078136,2021-03-11,25.8158635,-80.143897
151306404,2023-03-16,25.7138073351,-80.1508727577
151313017,2023-03-16,25.7009308902,-80.1556256085
151359153,2023-03-14,25.7416856011,-80.1719703384
151359483,2023-03-14,25.7417367035,-80.1719881363
151710579,2023-02-10,25.0036505556,-80.5299827778
152040555,2023-03-23,26.9736916667,-80.0811388333
152040900,2023-03-13,32.001595561,-80.8429739624
152084788,2023-01-28,28.6556486146,-80.6320858611
152550827,2023-03-27,26.0427888889,-80.1129222222
152878106,2023-02-12,25.7709729472,-80.1304455573
152880995,2023-03-30,28.20873,-80.596375
152941373,2023-03-31,28.2734024339,-80.6052926929
152996881,2018-12-15,24.9477116667,-80.59765
153094979,2023-04-01,26.52923,-80.0466305
153196784,2023-03-18,25.7616798,-80.1917902
153273064,2023-01-08,25.7078105879,-80.151854026
153397102,2023-01-14,32.4799561425,-80.3327538656
153546398,2019-12-31,25.6778137897,-80.2565488932
153673434,2023-04-06,29.2263793945,-81.0068435669
154004298,2023-04-08,29.3410916667,-81.06195
154350336,2023-04-10,29.1529178344,-80.9689899075
154555686,2023-04-12,29.1138611667,-80.94673
154625905,2023-04-12,29.8609333333,-81.26635
154725778,2023-04-11,26.9786666667,-80.0826861667
154779463,2023-04-03,27.655358368,-80.4308095556
155134071,2023-04-12,28.320000152,-80.607551448
155648916,2023-02-16,32.4935100065,-80.3461673632
155993504,2018-12-25,25.675771,-80.1585861
156055925,2022-12-31,27.297826,-80.2157949722
156273436,2021-08-22,41.50452,-71.0987555
156452645,2023-04-24,30.2585966667,-81.38157
156496273,2018-03-06,29.1597222222,-80.9744444444
156643427,2023-04-25,25.7839476457,-80.1275339351
156881169,2023-04-26,29.871255,-81.2685866667
157147642,2023-04-28,35.2253690267,-75.6361709163
157293277,2023-04-28,34.738045,-76.4308083333
157341221,2023-04-28,33.84327,-77.9600616667
157808634,2023-04-11,28.2394614113,-80.6075172499
157874034,2023-04-29,33.9137466667,-78.2294783333
158074463,2023-04-28,34.431855,-77.533225
158374609,2023-04-30,25.7702866667,-80.1301278333
159297754,2023-05-02,34.7087986906,-76.6678238039
160375950,2022-04-12,24.7399383333,-80.9822783333
160992153,2022-02-04,26.345393271,-80.0745244324
162528174,2023-05-19,29.9689701941,-81.3180608052
162728417,2023-05-20,28.671679,-80.6430306
162751211,2023-05-20,29.19804479,-80.9923743457
163322833,2023-05-23,29.7947666667,-81.2586883333
163386933,2023-05-23,29.1337388333,-80.95803
163435948,2022-04-01,25.7333985009,-80.1624475792
163472817,2023-05-23,29.7907666667,-81.2573466667
163530109,2023-05-24,29.1580555556,-80.9715194444
163558052,2023-05-24,30.3760071209,-81.3970491043
164212229,2023-05-28,35.3285716667,-75.50567
164230360,2023-05-28,35.2177226336,-75.6666369918
164700722,2022-02-24,27.2555833333,-80.1962583333
165257676,2020-05-28,33.5203706189,-79.0420778096
165325674,2023-05-28,35.2051783333,-75.7021716667
165362858,2023-06-03,35.7329133333,-75.4991533333
165375681,2023-06-03,35.858843,-75.56829
165379919,2023-06-03,35.737595,-75.50107
165381027,2023-06-03,35.72977,-75.497955
165390875,2023-06-03,36.1788972222,-75.7491944444
165391840,2023-06-03,36.1822194444,-75.7508944444
165486217,2023-06-03,36.3100083333,-75.8036033333
165492601,2023-06-03,36.1827166667,-75.75058
165508342,2023-06-04,36.7319416667,-75.9377283333
165550673,2023-06-03,36.1771444444,-75.7489666667
165559325,2023-06-04,36.91923913,-76.1295246047
165572324,2023-06-04,36.31802,-75.8064716667
165591841,2023-06-04,36.7523708102,-75.9450661764
165635734,2023-05-30,35.2269971462,-75.5272938677
165635738,2023-05-30,35.2269971462,-75.5272938677
165637592,2023-06-03,35.736705,-75.5008083333
165640059,2023-06-04,37.9225216667,-75.3206783333
165652770,2023-06-04,36.3923216667,-75.828055
165678375,2023-06-05,36.114431492,-75.7227447481
165741149,2023-06-05,35.8569333333,-75.5682133333
165776387,2023-06-02,36.0307184637,-75.676010102
165788916,2023-06-05,35.7973517,-75.547052
166044727,2023-06-04,36.385820992,-75.8253570572
166057680,2023-06-04,36.6897913079,-75.9424147541
166250649,2023-06-03,36.0765863723,-75.6960814362
166346462,2023-06-01,38.2477916667,-75.1308361667
166488054,2022-12-06,34.1875792335,-77.8104778563
166512700,2023-06-04,36.8658,-75.97837
166935541,2023-02-09,28.0715416667,-80.5574583333
167108486,2023-06-12,35.2284916667,-75.624895
167476683,2023-06-12,35.2188754029,-75.6066067598
167765317,2022-12-08,25.7671479722,-80.1303539722
168012582,2023-02-23,25.7316449319,-80.1622340083
168676984,2023-06-21,36.3785696802,-75.835992589
168717071,2023-06-21,36.6928405,-75.92246204
168777388,2023-05-25,28.9364666667,-80.8287883333
168920792,2023-06-22,35.2269366667,-75.63167
169181613,2023-06-23,35.2044894034,-75.7040251885
169537421,2021-12-04,25.7119458579,-80.1514548808
169593039,2023-06-26,34.6353133333,-77.1319361667
169966288,2023-06-28,41.3470916667,-70.656655
170091338,2023-06-29,34.7074168967,-76.6799693183
170174998,2023-06-29,34.7137145996,-76.6795272827
170563672,2023-06-28,33.877,-77.9997033333
170641658,2023-07-02,41.346715,-70.662254
170641799,2023-07-02,41.3466669722,-70.6626619722
170644390,2023-07-02,41.34987,-70.5522533333
170818222,2023-07-02,41.6368862284,-70.2201153039
170824778,2023-07-03,33.8914116667,-78.4170616667
170845759,2023-07-03,33.8827400208,-78.4514160156
170847030,2023-07-03,34.6414546025,-77.0996871884
170869953,2023-02-11,28.3200067,-80.6075513
170936207,2023-07-03,41.5966703464,-70.6459402387
171434409,2023-07-06,41.5090533333,-71.0760278333
171626101,2023-07-07,41.345685,-70.6764809722
171626598,2023-07-07,41.3481319722,-70.6428729722
171648627,2023-07-07,41.34653,-70.6643533333
171759992,2023-07-08,41.5115089417,-70.9953308105
171767208,2023-07-08,41.3487316,-70.5080114997
171889852,2023-07-08,34.6574103803,-77.0481192693
172445128,2023-07-10,40.843625,-72.4624783333
172607798,2023-07-12,41.5498281667,-70.5554137339
172676622,2023-07-08,40.7694534547,-72.7386338264
172751916,2023-07-13,41.331032,-71.7345516
172853095,2023-07-14,41.3770208407,-71.5278165322
172921784,2023-07-14,41.6304512024,-70.3225326538
173092406,2023-07-15,34.6779330154,-76.9507762045
173193055,2023-07-16,40.8916383333,-72.3274466667
173214512,2023-07-16,41.6335693819,-70.3555551505
173339667,2023-07-15,40.9022333333,-72.3000033333
174267009,2023-03-12,26.8066466667,-80.0336305
174955782,2023-07-25,41.6701315131,-70.0222928882
175139335,2023-07-26,41.5040995384,-71.2725336187
175262653,2023-07-26,41.3432383333,-70.8348216667
176103268,2023-05-28,35.2376358033,-75.5265114902
176831387,2022-03-09,26.0691505877,-80.1107692617
177492219,2023-08-08,41.7384634251,-70.3677350026
177493356,2023-08-08,41.7383233333,-70.3719866667
177577287,2023-08-08,41.3467416667,-70.663095
178330585,2021-04-04,26.0400445,-80.1132055
179057205,2023-07-15,34.6778577441,-76.6393811256
179631661,2020-06-06,33.9072116667,-78.1017528333
180461031,2023-08-16,41.3334697565,-70.7489230579
180764586,2023-07-13,41.4871891479,-71.289904667
183107590,2023-02-05,25.817295,-80.1204695
183755887,2022-03-22,25.6987408581,-80.1639276304
184436870,2023-01-08,26.0746754,-80.1114437
184875237,2023-09-13,41.3144866667,-70.7668383333
187542790,2023-07-07,41.4115637804,-70.4647083574
188606759,2022-03-11,34.2048416724,-77.7957
188931328,2023-10-25,26.1583025,-80.0999598
188931386,2023-10-25,26.1598651106,-80.0990288064
188973912,2023-10-25,26.9641666667,-80.0787027778
189063653,2023-10-25,26.9651166667,-80.0790888889
189219689,2023-10-28,41.4911072476,-71.1423221104
189588614,2023-10-27,29.1328392251,-80.957993304
189887872,2023-11-03,26.0715020369,-80.1105068262
189896952,2023-11-03,26.4634811925,-80.0570684486
189967261,2023-11-03,25.7742416667,-80.1300971667
189998861,2023-11-04,24.9741400389,-80.6539425091
190232234,2023-07-28,41.6637916667,-69.9916083333
190500392,2023-11-09,25.7524043084,-80.1462731883
190531445,2023-11-09,25.7325616667,-80.1607055
190996021,2022-12-02,27.7615663317,-80.3967348486
191036206,2023-11-14,27.064475,-80.1138445
191036977,2023-11-14,27.0894695,-80.1265111667
191096080,2022-01-09,26.1530611667,-80.1006611667
191112003,2023-11-15,28.9160670261,-80.824442997
191136270,2023-11-15,26.976675,-80.0818166667
191265496,2023-11-17,28.3508620737,-80.6047669799
191265699,2023-11-17,28.3521916531,-80.6046415028
191590006,2023-11-18,33.3826798183,-79.1462710222
191620979,2022-12-13,31.1704083333,-81.3545533333
191710599,2023-11-21,31.01309445,-81.4249633333
191727175,2022-06-22,31.2078063992,-81.3161493398
191799318,2023-11-22,35.2122833333,-75.6816333333
191818676,2023-10-31,29.7600183333,-81.2482466667
192136374,2023-11-25,25.8571887744,-80.1188562486
192587033,2018-12-30,26.3014444444,-80.0768583333
192642780,2023-11-30,25.75139386,-80.14623487
192673898,2023-11-30,27.0766555,-80.11885
192674313,2023-11-30,27.0682916667,-80.1154333333
192863067,2023-12-02,25.7076443545,-80.1515522526
192886145,2023-12-01,25.6755213047,-80.1590676606
193072552,2023-12-01,24.7406194444,-80.9805972222
193432401,2023-12-08,26.8221813407,-80.0378337647
193444993,2023-12-08,26.544288,-80.043199
193445593,2023-12-08,26.5427849722,-80.043672
193445994,2023-12-08,26.5406629722,-80.0440169722
193499228,2023-12-09,26.0244820929,-80.1144747842
193516692,2023-12-09,27.2617333333,-80.1988916667
193516885,2023-12-09,27.2629666667,-80.199455
193534444,2023-12-09,26.0590028333,-80.1113666667
193615226,2023-12-10,25.8008333333,-80.1241221667
193640330,2023-12-10,27.1687914385,-80.1547177881
193766460,2023-08-12,32.6655153672,-79.9255536421
193817509,2023-12-11,25.7336166667,-80.1581195
193819247,2023-12-12,27.271445,-80.2042616667
193903477,2023-12-13,27.6477022888,-80.3536181711
193913334,2023-07-25,41.6409287,-70.6409552
193959517,2023-11-15,31.2402916667,-81.2819666667
193971084,2023-12-14,27.6557217722,-80.3562410001
193986238,2023-12-14,28.272206,-80.6053124
194027284,2023-12-15,28.2952864934,-80.6074133143
194043743,2023-12-15,27.0598195,-80.1112888333
194044725,2023-12-15,27.0549945,-80.1090778333
194044929,2023-12-15,27.0602333333,-80.111725
194045175,2023-12-15,27.0652778333,-80.1144416667
194048129,2023-12-15,26.0724569336,-80.1101424465
194078598,2023-12-13,25.67539,-80.1538483333
194078608,2023-12-13,25.67459,-80.1535916667
194078694,2023-12-13,25.67313,-80.1533033333
194078700,2023-12-13,25.6726933333,-80.153125
194078718,2023-12-13,25.6710783333,-80.15294
194105004,2023-12-15,29.7535216667,-81.2458416667
194121794,2023-12-16,25.9301960817,-80.1205016732
194123740,2023-12-16,25.4650133333,-80.3341916667
194133679,2023-12-16,27.223545,-80.179205
194147828,2023-12-16,25.7718116667,-80.1301416667
194147954,2023-12-16,24.8117866667,-80.8262116667
194192887,2023-12-17,24.836175,-80.79888
194205967,2023-12-16,25.779105,-80.1283861667
194206052,2023-12-16,25.7792,-80.1283555
194221159,2023-12-17,27.8301616667,-80.4315033333
194234812,2023-12-16,25.4644707392,-80.3337899188
194258466,2023-12-17,29.1372528094,-80.9603196493
194293173,2023-12-18,33.8438598952,-77.9617446717
194295152,2023-12-18,33.843375,-77.9602966667
194298751,2022-03-06,33.9136737997,-78.1898421
194298877,2022-03-06,33.9137229997,-78.1921665997
194313493,2023-12-17,25.0021861167,-80.5309366667
194500915,2023-12-21,26.377505104,-80.0666799769
194502373,2023-12-21,25.73589,-80.1544833333
194514803,2023-12-21,29.2465365,-81.0164635997
194519385,2023-12-21,29.79777,-81.25927
194519822,2023-12-21,29.8178583333,-81.2616666667
194519865,2023-12-21,29.8208966667,-81.2619333333
194519907,2023-12-21,29.8247783333,-81.2622133333
194519927,2023-12-21,29.8293583333,-81.26248
194523930,2023-12-21,29.4145966667,-81.0988528333
194596174,2023-12-22,26.64023,-80.037225
194599265,2023-12-22,29.1644323593,-80.9755542129
194621518,2023-12-22,29.8155333333,-81.2618716667
194621584,2023-12-22,29.8212616667,-81.2623883333
194621631,2023-12-22,29.823555,-81.2626033333
194621715,2023-12-22,29.8162416667,-81.2633366667
194630969,2023-12-22,26.8260883,-80.0433328
194669255,2023-12-23,27.3383539722,-80.2332449722
194680809,2023-12-23,25.7720383333,-80.1311861667
194685661,2023-12-23,25.7712833333,-80.1301028333
194688661,2023-12-23,28.4064869582,-80.5902285829
194695733,2023-12-22,29.1552833694,-80.9701572978
194723496,2023-12-20,26.1858962,-80.095549
194738064,2023-12-24,25.673650167,-80.1534012233
194744601,2023-12-24,28.3366289391,-80.6059779972
194745756,2023-12-24,28.33512986,-80.60611009
194750805,2023-12-24,25.7807116667,-80.128075
194752619,2023-12-24,27.22157,-80.17803
194753292,2023-12-24,28.3359859113,-80.6060812622
194753620,2023-12-24,26.4571743483,-80.0581923073
194753671,2023-12-24,26.4569775176,-80.0581727355
194753785,2023-12-24,26.4566638675,-80.0585096873
194753913,2023-12-24,26.4566282068,-80.0581687479
194754051,2023-12-24,26.4568801046,-80.0581667392
194754095,2023-12-24,26.4568450257,-80.0581702446
194766670,2023-12-24,28.1406111667,-80.58023
194791269,2023-12-23,26.9008416667,-80.0589361667
194791337,2023-12-23,26.9013616667,-80.0591971667
194791409,2023-12-23,26.9013333333,-80.0591666667
194814204,2023-12-25,26.7808366667,-80.0314028333
194816333,2023-12-25,24.8480316667,-80.7423133333
194816508,2023-12-25,24.847905,-80.7422233333
194816977,2023-12-25,27.2151383806,-80.1741095206
194817224,2023-12-25,27.2157007784,-80.1745162055
194818112,2023-12-25,27.2188544327,-80.176447801
194819131,2023-12-24,26.1572638333,-80.0999138333
194822913,2023-12-25,29.2010549333,-80.9942425374
194831971,2023-12-23,29.7533798,-81.2454337
194834397,2023-12-25,24.8830753266,-80.6904530263
194835477,2023-12-25,25.8008216667,-80.1255333333
194837961,2023-12-25,25.89763,-80.1220471667
194842274,2023-12-25,26.7180861111,-80.0336666667
194846917,2023-12-25,30.404474253,-81.4028080067
194847468,2023-12-25,29.14762917,-80.96614621
194858932,2023-12-24,26.7046666667,-80.0325083333
194896998,2023-12-26,33.3930883333,-79.1402805
194907988,2023-12-26,25.8611675225,-80.1189976723
194907993,2023-12-26,25.8612205046,-80.1190043778
194907995,2023-12-26,25.8612330129,-80.1190117539
194907997,2023-12-26,25.8612365055,-80.1190017333
194907998,2023-12-26,25.8612497164,-80.1190097799
194908000,2023-12-26,25.8612502879,-80.1190057566
194908004,2023-12-26,25.861095111,-80.1189768946
194908005,2023-12-26,25.861095111,-80.1189768946
194908006,2023-12-26,25.861095111,-80.1189768946
194908008,2023-12-26,25.8609423268,-80.11897534
194908014,2023-12-26,25.8605392549,-80.1189329751
194908015,2023-12-26,25.860507878,-80.1189386148
194908018,2023-12-26,25.8604518118,-80.118929227
194908019,2023-12-26,25.8604518118,-80.118929227
194908020,2023-12-26,25.8604518118,-80.118929227
194908024,2023-12-26,25.8604518118,-80.118929227
194908027,2023-12-26,25.8603713883,-80.1189220868
194908029,2023-12-26,25.8603713883,-80.1189220868
194908049,2023-12-26,25.860341703,-80.118914106
194916389,2023-12-26,30.705745,-81.4549033333
194918927,2023-12-24,25.7934466667,-80.1261971667
194928773,2023-12-26,25.7906389448,-80.1300454885
194979212,2023-12-27,32.7612690852,-79.8292361391
194993271,2023-12-26,24.8124745354,-80.8243370957
195004486,2023-12-27,34.4904617098,-77.4234164052
195011810,2023-12-27,30.7054495804,-81.4497469731
195012408,2023-12-27,29.3347198262,-81.0592774173
195030661,2023-12-26,26.3444834966,-80.0706513226
195070650,2023-12-28,29.1027638333,-80.939225
195180332,2023-12-29,35.227001127,-75.525260375
195268055,2023-02-19,26.6074966667,-80.0364611667
195302750,2023-12-25,25.7916333333,-80.1266416667
195337300,2023-12-20,26.1888857,-80.0950226
195337304,2023-12-20,26.1888857,-80.0950226
195337309,2023-12-20,26.1889077,-80.0950007999
195337646,2023-12-20,26.1879512,-80.0949537
195338169,2023-12-20,26.1869114,-80.0951374
195431606,2023-12-28,32.7615366667,-79.8253633333
195475513,2023-12-31,25.7332616667,-80.159225
195476461,2023-12-25,28.3833703818,-80.5984054513
195486964,2024-01-01,35.2270010999,-75.5255242624
195879199,2023-12-21,29.0944805,-80.932755
195943843,2024-01-06,27.184295,-80.1600333333
196136371,2024-01-08,25.73463399,-80.15644805
196136472,2024-01-08,25.73477089,-80.15626118
196138903,2024-01-08,24.812125,-80.82515
196183699,2024-01-08,26.1325888333,-80.1027833333
196208470,2024-01-09,25.8552889043,-80.1190082897
196220519,2024-01-09,24.7272329722,-81.033555
196233454,2024-01-09,26.9866166667,-80.0852055
196271218,2023-12-26,26.3020643825,-80.0778080478
196289056,2024-01-10,25.753384,-80.195845
196299005,2024-01-08,26.191405,-80.0943611667
196386314,2018-09-24,40.0637030177,-74.0435516462
196474588,2024-01-11,25.745360509,-80.1768112963
196474590,2024-01-11,25.745362925,-80.1768595761
196474603,2024-01-11,25.7456914944,-80.1775220817
196475039,2024-01-11,26.3370333333,-80.0729833333
196515146,2024-01-08,26.3272755155,-80.0731797468
196638134,2018-02-06,26.0541386354,-80.1118882746
196680650,2024-01-14,35.1079758298,-75.9527426586
196734277,2024-01-10,25.6755027778,-80.1621638889
196757843,2024-01-11,26.3371283333,-80.0732805
196767997,2024-01-15,26.23752,-80.0875166667
196772974,2024-01-15,25.8841416667,-80.1207805
196773072,2024-01-15,26.1434611667,-80.1018055
196773424,2024-01-15,26.0798798348,-80.1096674423
196778331,2024-01-15,27.26017,-80.198355
196807755,2024-01-15,26.4611866667,-80.05825
196808573,2024-01-15,25.790895,-80.1267166667
196845497,2024-01-16,26.904475,-80.0601278333
196848388,2024-01-16,25.8103291,-80.1211555997
196950480,2024-01-17,26.0667695021,-80.1107778333
197000546,2024-01-15,25.7042990394,-80.1533690721
197021621,2024-01-08,25.8157,-80.1209638333
197047633,2024-01-15,25.702805,-80.1537166667
197073629,2024-01-19,25.9595694444,-80.1184777778
197112519,2024-01-17,25.3973083333,-80.235175
197112535,2024-01-17,25.3973283333,-80.2352133333
197140071,2021-11-01,41.6718166667,-69.96653
197251238,2024-01-15,25.7086120723,-80.1523430372
197310677,2024-01-22,27.6682191,-80.3600412
197326981,2024-01-22,27.2481,-80.192305
197327162,2024-01-22,27.2445533333,-80.1903833333
197327963,2024-01-22,27.2312966667,-80.1831966667
197344912,2024-01-21,26.311131754,-80.0755088819
197378449,2024-01-22,26.2531033333,-80.0841611667
197381291,2024-01-23,28.3462208,-80.60522246
197381891,2024-01-22,26.9784305556,-80.082525
197384459,2024-01-23,25.7367083333,-80.1533138333
197416894,2024-01-23,26.98358,-80.084275
197423113,2024-01-17,26.2599300834,-80.0802708096
197426452,2023-04-12,32.5657716667,-80.183005
197445540,2024-01-23,26.9788583333,-80.0827111667
197456226,2024-01-23,25.7791150954,-80.1283158403
197459105,2024-01-24,28.3188857837,-80.607252298
197459290,2024-01-24,28.3170942024,-80.6072344306
197467946,2024-01-23,26.2274996817,-80.0894415379
197479293,2024-01-24,27.1852783333,-80.1602166667
197487386,2024-01-24,26.909995,-80.0622333333
197489280,2024-01-24,26.3183054914,-80.0751731917
197528044,2024-01-24,26.040525,-80.1133305556
197542172,2024-01-09,24.8456529239,-80.7449828088
197542332,2024-01-10,24.8264666667,-80.8143583333
197543899,2024-01-25,25.7050833997,-80.1528794
197548811,2024-01-25,26.7637628216,-80.0504274666
197551801,2024-01-25,26.0833583333,-80.1093972222
197556580,2024-01-25,26.2199224328,-80.0998012349
197556789,2024-01-25,25.788655,-80.1282416667
197558519,2024-01-25,25.79462,-80.127175
197560888,2024-01-25,28.1183194444,-80.5739666667
197602318,2024-01-25,27.2225356695,-80.1816783914
197606276,2024-01-26,25.942025,-80.119225
197614066,2024-01-26,25.7072296143,-80.1520614624
197622013,2024-01-26,26.9282645527,-80.0673527969
197622054,2024-01-26,26.9280351613,-80.0672738337
197622073,2024-01-26,26.9279897918,-80.0672703371
197622096,2024-01-26,26.9277991136,-80.0672189828
197622122,2024-01-26,26.9277696202,-80.0672121213
197622176,2024-01-26,26.9273754085,-80.0670855524
197622182,2024-01-26,26.9273595203,-80.0670667171
197622202,2024-01-26,26.9272292842,-80.0670217229
197622211,2024-01-26,26.9271903979,-80.0669771989
197622231,2024-01-26,26.9270062977,-80.0669402671
197622290,2024-01-26,26.9269609448,-80.0669496416
197622305,2024-01-26,26.9267720741,-80.0668986988
197622321,2024-01-26,26.9267853716,-80.0669120203
197622361,2024-01-26,26.9266280471,-80.0668585261
197622382,2024-01-26,26.9265958831,-80.0668773444
197622405,2024-01-26,26.9265080065,-80.0668126971
197622435,2024-01-26,26.9264053615,-80.066830585
197622447,2024-01-26,26.9263202272,-80.0667528218
197622493,2024-01-26,26.9263107212,-80.0667530933
197622514,2024-01-26,26.926094045,-80.0667031562
197622555,2024-01-26,26.9260581083,-80.066724047
197622789,2024-01-26,26.9246524805,-80.0673889071
197622825,2024-01-26,26.9258655447,-80.0666768365
197622858,2024-01-26,26.9258025281,-80.0666808569
197622926,2024-01-26,26.9257524288,-80.0666907781
197622934,2024-01-26,26.9257397323,-80.0666588226
197622956,2024-01-26,26.9256737215,-80.0666246538
197622975,2024-01-26,26.9255502221,-80.0666342321
197623005,2024-01-26,26.9254824802,-80.0666328605
197626950,2024-01-26,26.1555508,-80.1007487
197630050,2024-01-26,26.0196305,-80.1155778333
197633511,2024-01-26,26.0719689344,-80.1101953582
197640621,2024-01-26,25.9571534865,-80.1185674781
197651193,2023-12-02,27.2549125211,-80.1960655551
197653350,2024-01-23,28.1285083333,-80.5769583333
197671492,2024-01-27,25.6957944444,-80.15615
197687046,2024-01-27,28.40725618,-80.5898667909
197689857,2024-01-27,26.3354949951,-80.0717773438
197692185,2024-01-27,25.0087768429,-80.5153055862
197693770,2024-01-27,25.1709421864,-80.3672194016
197693850,2024-01-27,25.1709283333,-80.36722
197699505,2024-01-27,26.1184317483,-80.1039912972
197702681,2024-01-27,26.3354333333,-80.0717695
197708696,2024-01-27,27.6694793701,-80.3604049683
197713607,2024-01-27,28.36502,-80.6022333333
197725873,2024-01-27,25.9292026,-80.1210972
197749280,2024-01-27,24.7281606003,-81.0041309876
197754262,2024-01-27,25.7824533333,-80.1278138333
197761631,2024-01-27,25.6757757413,-80.1638924381
197778974,2024-01-27,27.9389618532,-80.4913384185
197778975,2024-01-27,27.9356599698,-80.4894621897
197797800,2024-01-23,26.3293194444,-80.0728388889
197798985,2024-01-27,26.1578833333,-80.0998083333
197851740,2023-12-13,26.9773810092,-80.082134902
197930491,2023-12-24,26.7194216667,-80.033975
197948510,2023-12-13,27.2001216667,-80.1656195
198082160,2024-01-31,25.7316866667,-80.1624666667
198093783,2024-01-24,26.8210166667,-80.0374833333
198217072,2024-01-25,28.3299777778,-80.6079916667
198262776,2024-01-15,34.70381945,-76.742871
198295204,2024-02-03,26.3900114693,-80.0671700513
198393358,2024-01-24,26.978995,-80.0826861667
198394914,2024-02-04,26.1561916667,-80.0995778333
198399029,2024-02-04,26.781918,-80.031394
198405430,2024-02-04,26.7770906,-80.0314161
198405537,2024-02-04,26.7760016997,-80.0313419997
198406206,2024-02-04,26.777915,-80.031209
198406273,2024-02-04,26.7783429722,-80.0312299722
198406327,2024-02-04,26.77946,-80.0313759722
198525796,2024-02-04,26.0586583333,-80.1114916667
198601607,2024-02-04,26.0825195,-80.1094805
198682058,2024-02-07,26.7141333333,-80.0331805
198702409,2023-01-02,26.4631957046,-80.0571674809
198747376,2024-02-08,26.8968,-80.0575028333
198750657,2024-02-08,26.0135772764,-80.1165439908
198751343,2024-02-08,26.1289111667,-80.1030361667
198751486,2024-02-08,26.0376105324,-80.1658484651
198818459,2024-02-09,25.731705,-80.1630028333
198828138,2024-02-09,25.7317883333,-80.1619028333
198836072,2024-02-09,26.2259467598,-80.0891038372
198900080,2024-02-10,26.1695404053,-80.0976028442
198902213,2024-02-10,26.0878195,-80.1091778333
198902745,2024-02-10,26.1455565479,-80.1015043391
198902826,2024-02-10,26.0880195,-80.1091471667
198902951,2024-02-10,26.0881888421,-80.1091611667
198922985,2024-02-10,25.8200620394,-80.1199400146
198933975,2024-02-10,26.4436501384,-80.0597868039
198939001,2024-02-10,25.7052751613,-80.1528737513
198945841,2024-02-10,26.3175775278,-80.0748089896
199010693,2024-02-09,26.466375,-80.0565555
199020083,2024-02-10,26.1522416667,-80.1003888333
199020158,2024-02-10,26.1687,-80.0977083333
199027448,2024-02-10,25.860814606,-80.1189666098
199041733,2024-02-11,25.0926205,-80.44204
199053267,2024-02-11,25.7463560044,-80.1996173251
199121024,2024-02-04,25.6990916667,-80.1571733333
199165992,2024-02-12,25.7768013401,-80.1289834299
199232335,2024-02-13,25.74667,-80.2008283333
199336722,2024-02-09,26.0148472222,-80.1155444444
199361696,2024-01-10,25.689474777,-80.157068409
199367425,2024-02-15,25.7907666667,-80.1266721667
199375727,2024-02-15,26.1625997729,-80.0984895566
199376146,2024-02-08,25.7331283333,-80.1449805
199407541,2024-02-10,25.6157947997,-80.3057244
199423183,2024-02-11,26.9134416667,-80.0633
199461403,2024-02-16,25.8234779772,-80.1199195409
199471617,2024-02-16,26.1579669,-80.1005061
199485978,2024-02-16,26.616505,-80.0365138333
199487057,2024-02-16,26.2518215,-80.1384465
199523355,2024-02-16,26.90925,-80.0618445
199524022,2024-01-21,25.7909133333,-80.1267388333
199534410,2024-02-16,25.9408633333,-80.1185695
199569035,2024-02-17,26.089383,-80.108984
199576980,2024-02-17,25.9097783333,-80.1296695
199577868,2024-02-17,25.9097216667,-80.1296833333
199579673,2024-02-17,25.9079,-80.1298138333
199579727,2024-02-17,25.9078666667,-80.1298221667
199579812,2024-02-17,26.020525,-80.1145778333
199580017,2024-02-17,25.9072583333,-80.1299055
199580750,2024-02-17,25.9065616667,-80.1302721667
199580830,2024-02-17,25.9064689479,-80.1303230303
199581205,2024-02-17,25.9061184118,-80.1305905094
199593228,2024-02-17,26.8195133333,-80.0370945
199602728,2024-02-17,26.0753748602,-80.1099817701
199640302,2024-02-17,25.8628141914,-80.1188420471
199660380,2024-02-15,26.0173325146,-80.1147897542
199673725,2024-02-16,25.019075,-80.4989055556
199683537,2024-02-18,24.7259965874,-81.0446261242
199763718,2024-02-17,26.7246226568,-80.0348689207
199782943,2024-02-18,26.1426333333,-80.1018971667
199841504,2024-02-19,24.8457222041,-80.7460255734
199942114,2024-02-20,27.2066216667,-80.1692666667
200082468,2024-02-22,26.3903185353,-80.0661654957
200158811,2024-02-08,26.1914111111,-80.0944888889
200607953,2024-02-27,26.0079,-80.1151861111
200627296,2021-04-14,26.3141805556,-80.075225
200639062,2024-02-27,25.920996124,-80.1209656706
200641133,2024-02-27,25.790505,-80.1267388333
200657399,2024-02-27,25.699925,-80.1550055
200711840,2024-02-28,26.4580116667,-80.0579
200720777,2024-02-28,26.4667575108,-80.0565303304
200737110,2024-02-28,26.0126388833,-80.1150445
200740202,2024-02-22,26.7165083333,-80.0333721667
200746953,2024-02-28,25.7318133333,-80.1618333333
200747585,2024-02-28,25.7320937561,-80.1611445286
200751412,2024-02-28,25.79142,-80.126625
200756743,2024-02-28,25.8593123565,-80.1200163552
200764981,2024-02-28,25.7914216667,-80.1266416667
200765182,2024-02-28,25.7458216667,-80.1780083333
200787423,2024-02-11,34.0389630047,-77.8889166936
200806514,2024-02-29,26.31572,-80.0749805
200814025,2024-02-29,25.68108,-80.1548528333
200815415,2024-02-29,25.687427,-80.156439
200854727,2024-02-29,25.7316952555,-80.1628328814
200855928,2024-02-29,25.73152615,-80.163502
200878841,2024-02-29,24.74015,-80.9814916667
200888249,2024-02-29,25.9954133333,-80.1163333333
200897795,2024-02-29,25.8114262212,-80.1211733412
200904106,2024-03-01,26.1287841797,-80.1030807495
200904662,2024-03-01,25.8835601807,-80.1206436157
200908998,2021-12-10,25.7316333333,-80.1621083333
200925759,2024-03-01,25.7910739398,-80.1267995965
200930075,2024-03-01,25.92055,-80.1210471667
200938130,2024-03-01,25.7316716667,-80.1627805
200948363,2024-03-01,27.1869133333,-80.1604083333
200950432,2024-03-01,25.9942599898,-80.1165189409
200993761,2024-03-01,25.0245521998,-80.4941365868
200996888,2024-03-01,26.9072235,-80.0611478
201013552,2024-03-02,25.88022,-80.1202083333
201023131,2024-03-01,25.8880333333,-80.1209333333
201082626,2024-01-25,26.8961,-80.0571055
201083021,2023-12-22,25.7904416667,-80.1267471667
201092151,2024-03-02,25.995945,-80.1163028333
201117129,2024-03-02,25.9955416667,-80.1170805556
201127708,2024-03-01,26.24587,-80.0853888333
201134467,2024-03-03,26.1631934953,-80.0982456968
201143771,2024-03-03,26.1657562256,-80.0984573364
201150239,2024-03-03,26.1137221667,-80.1040028333
201151769,2024-03-03,26.0570220947,-80.1117858887
201183978,2024-03-03,26.884139576,-80.0537395757
201223717,2023-07-05,40.8805538377,-72.36432072
201253894,2024-03-03,26.4575251512,-80.0582720291
201262161,2024-03-04,26.0733593705,-80.1111375913
201279909,2024-03-04,26.6139667388,-80.0367119909
201339379,2024-03-04,25.6755213047,-80.1590676606
201364032,2024-03-04,26.0164881176,-80.1148792961
201408011,2024-03-05,27.9349822998,-80.4894332886
201540259,2023-12-16,28.6614277778,-80.6360111111
201540260,2023-12-16,28.6614,-80.636025
201540261,2023-12-16,28.6613111111,-80.6359777778
201635726,2023-12-27,34.4660083333,-77.473525
201727015,2024-03-08,26.1427721667,-80.1018221667
201744151,2018-01-11,26.1659753023,-80.09731117
201779935,2024-03-09,26.8798208979,-80.0533742085
201908411,2024-03-10,24.7298616667,-81.0009916667
201944783,2024-01-21,26.9323696488,-80.06831201
202190983,2024-03-12,26.4596707374,-80.0578921382
202191825,2024-03-12,26.4600838395,-80.0576297846
202211647,2024-01-15,25.8141892092,-80.122261086
202266684,2024-03-13,25.84705,-80.1185445
202328061,2024-03-13,27.0631111667,-80.1127695
202342121,2024-03-13,26.8986133333,-80.0578221667
202396775,2024-03-14,26.0234528333,-80.1143416667
202404983,2024-03-14,27.4706333333,-80.29007
202453871,2024-03-12,26.8383381744,-80.0463463314
202537808,2024-03-15,26.6413558391,-80.0376695302
202538636,2024-03-13,25.9839396444,-80.1162006838
202550757,2024-03-15,26.0579666667,-80.1115333333
202591031,2024-03-15,25.7694149722,-80.130245
202653371,2024-03-16,26.5331616667,-80.0460971667
202667125,2024-03-16,26.6167267319,-80.0364862663
202672467,2024-03-16,26.2519783333,-80.0841833333
202726312,2024-03-15,25.815105,-80.1207361667
202884034,2024-03-13,25.7691166667,-80.1302111667
203020828,2024-03-13,25.711875,-80.1513528333
203168258,2024-03-16,26.2569735598,-80.0827973709
203391771,2019-05-22,31.170830555,-81.3544
203401798,2024-03-21,24.8126366667,-80.8156666667
203413861,2024-03-21,26.6107216667,-80.0366278333
203513547,2024-03-22,26.1168117123,-80.104024876
203523632,2024-03-22,28.1395021174,-80.5799153914
203662692,2024-03-23,25.6669633333,-80.1553805
203691902,2024-03-22,27.8056166667,-80.4189083333
203752360,2024-03-23,25.6669633333,-80.1554028333
203757260,2024-03-24,25.0090247774,-80.515101403
203922174,2024-03-25,27.256025,-80.1965116667
203951345,2024-03-25,27.1036166667,-80.1347583333
203954722,2024-03-25,27.0955138333,-80.1301028333
203954734,2024-03-25,27.0944721667,-80.1296611667
203976761,2024-03-25,25.783415,-80.127887
203978940,2023-12-27,32.7798738274,-79.7970953184
204019741,2024-03-26,27.0666166667,-80.1148445
204024892,2024-03-26,25.8493976593,-80.1187362671
204044457,2022-03-16,26.9050366667,-80.0603028333
204059077,2023-07-08,41.4793348466,-71.3608785277
204063977,2024-03-25,24.7410533333,-80.9810783333
204128728,2024-03-27,26.3153780345,-80.0751539972
204138920,2024-03-27,26.1907746154,-80.0949994102
204173789,2024-03-27,26.8946919028,-80.0570154809
204173890,2024-03-27,26.8947159453,-80.0570469071
204179751,2024-03-27,25.8557281494,-80.1194229126
204180320,2024-03-27,26.0607716904,-80.1113380098
204197650,2024-02-10,26.6389783333,-80.0371861667
204266696,2024-03-28,26.4603592269,-80.0577463769
204268027,2024-03-28,26.4639982721,-80.0570500922
204290331,2024-03-01,25.7316616667,-80.1628278333
204296082,2024-03-28,25.7902064191,-80.1273193904
204355451,2024-03-03,25.82752,-80.1194
204357310,2024-03-26,25.71585,-80.1496805
204564816,2023-12-15,29.08059363,-80.92086409
204570735,2023-12-01,25.6949223994,-80.1562932159
204834280,2024-03-31,25.7761966667,-80.1291055
204843014,2024-03-31,25.7293180757,-80.1586891338
204921398,2024-04-01,27.7533208067,-80.3904793505
205035414,2024-04-01,26.8876033333,-80.0546333333
205079849,2023-12-20,29.8661663742,-81.2728369573
205145498,2024-04-02,26.3922978997,-80.0658246997
205150824,2024-04-02,28.321297083,-80.6067526034
205245845,2023-12-26,25.7450040388,-80.1762881033
205298419,2024-02-16,26.8858704,-80.0603027
206153192,2024-04-08,26.3799166667,-80.066545
206153465,2024-03-26,26.9637151276,-80.0785253
206267296,2024-04-09,26.1268899417,-80.1032028817
206305590,2024-04-09,26.700662472,-80.0325606991
206305684,2024-04-09,26.7007991397,-80.0325820899
206467918,2024-04-10,25.7384722222,-80.1506805556
206490307,2024-04-10,26.3020643825,-80.0778080478
206512424,2020-03-28,25.1546388333,-80.88378
206638676,2024-04-11,26.3861583333,-80.0663083333
206642514,2023-06-02,36.1370166667,-75.72992
206736423,2024-03-16,34.210672,-77.7980065
207856889,2024-04-17,26.787313779,-80.0318257422
207935812,2024-02-11,25.7664216069,-80.1305448291
208013411,2024-04-18,24.845506584,-80.7915172437
208169189,2024-04-19,25.8462905005,-80.1186341029
208224925,2024-04-15,26.0444528333,-80.1128221667
208257998,2024-04-20,26.1299523181,-80.1028693997
208354639,2022-12-31,27.297826,-80.2157949722
208508729,2024-04-21,26.2843933105,-80.0787658691
208720499,2024-04-21,36.8928420265,-76.2927366834
208766808,2024-04-21,26.0900333333,-80.108815
208815725,2024-04-10,25.7058419096,-80.1522160684
208933843,2024-04-10,26.3016416667,-80.0766527778
209095176,2024-04-24,26.8935546875,-80.0568084717
209401489,2024-04-25,26.3457374572,-80.0703582761
209438125,2024-02-28,25.902205,-80.135025
209553497,2024-04-21,26.4614217887,-80.057952404
209621102,2024-01-20,26.9962571679,-80.0880034704
209669029,2024-04-26,26.8226019899,-80.0379177277
209676416,2024-04-26,25.7187649751,-80.1485643327
209684384,2024-04-26,26.110925,-80.1041111667
209758571,2024-04-26,26.9647111111,-80.0794777778
209964058,2024-04-24,26.0559527801,-80.1115959138
210150604,2024-04-27,26.8668520999,-80.0479893611
210160214,2024-04-27,26.8672166667,-80.0480805
210214265,2024-04-27,26.7948781746,-80.0317005348
210216297,2024-04-27,26.7953324737,-80.0316292886
210226700,2024-04-27,26.796678314,-80.0315885526
210232518,2024-04-27,26.7950738501,-80.0316868723
210254560,2024-04-27,26.8970783333,-80.0575111667
210389730,2024-04-27,26.8200583333,-80.0374833333
210430152,2024-04-27,26.9061083333,-80.0608361667
210439853,2024-04-27,26.0794339608,-80.1099533096
210456109,2024-04-27,26.9332966667,-80.0687778333
210475396,2024-04-27,26.9161583333,-80.0641471667
210537149,2024-04-27,25.7119616667,-80.151375
210602587,2024-04-27,25.7026444444,-80.1538694444
210609547,2022-02-25,25.8173883333,-80.1206055
210778758,2024-04-28,26.5092666667,-80.050225
210852775,2024-04-28,25.671175,-80.1528471667
210855118,2024-04-28,25.6690466667,-80.153825
210879348,2024-04-28,25.7242448163,-80.1477313881
210883999,2024-04-28,26.06533212,-80.11095733
210886467,2024-04-28,25.725096561,-80.147911726
210888474,2024-04-28,25.725118462,-80.147957448
210890383,2024-04-28,25.7251464157,-80.1479190589
210894858,2024-04-28,25.725356449,-80.1479824965
210913786,2024-04-28,24.7314266772,-80.997781679
210968627,2024-04-28,28.4018426997,-80.5921186
211072493,2024-04-27,25.726375,-80.1484666667
211096634,2024-04-28,26.8228866667,-80.0380861667
211126558,2024-04-28,26.9403614688,-80.0707567626
211133277,2024-04-28,26.9413485654,-80.0711477981
211178172,2024-04-28,26.1438828093,-80.1016555328
211182983,2024-04-28,26.144882,-80.1021478
211185782,2024-04-28,26.1476004215,-80.1010830818
211194893,2024-04-28,26.2530832603,-80.0840375519
211197033,2024-04-28,26.254156488,-80.0838257466
211200157,2024-04-28,26.2538660942,-80.0845380961
211330848,2024-04-27,26.941675,-80.0711833333
211334834,2024-04-27,26.94228,-80.0713945
211487589,2024-04-28,26.1257333333,-80.1031028333
211502108,2024-04-29,25.74999705,-80.14452008
211545925,2024-04-29,25.7537116667,-80.1465
211549308,2024-04-28,29.0195277778,-80.8843611111
211575968,2022-02-28,29.1583668041,-80.9718484582
211746002,2024-04-29,25.753038837,-80.1463067542
211959409,2024-04-29,26.8986659738,-80.0580808312
211970030,2024-04-29,26.8959197771,-80.0571460324
212231434,2024-04-28,26.1040528333,-80.1041861667
212300525,2024-04-30,28.0910471667,-80.56492
212320579,2024-04-30,28.0885445,-80.5639583333
212456735,2024-04-30,28.1091916667,-80.5709533333
212566282,2024-04-28,28.7755083333,-80.7225716667
212601432,2024-04-29,25.7502444108,-80.1453889567
212638674,2024-04-27,26.8923333333,-80.0560305
212667502,2024-04-26,25.71991212,-80.14807137
212677655,2024-04-28,26.3625997,-80.0686883
212703377,2024-05-01,28.2898410727,-80.6065530607
212723335,2024-05-01,28.2896804789,-80.60641089
212750853,2024-05-01,28.1441583333,-80.5811466667
212754010,2024-04-28,26.0655065104,-80.1110397514
212944809,2024-05-02,28.3948192596,-80.5949859619
213195979,2024-04-27,26.8908166667,-80.0555333333
213271608,2024-05-03,25.8397827148,-80.1187667847
213313698,2024-05-03,28.320000152,-80.607551448
213440218,2024-05-04,28.3937416667,-80.5950383333
213440574,2024-05-04,28.3949,-80.5949033333
213442443,2024-05-04,28.394925,-80.594895
213446654,2024-05-04,29.4899083333,-81.13115
213505339,2024-04-28,26.8918966667,-80.0559695
213565713,2024-03-05,26.0398425,-80.17556895
213574713,2024-04-28,26.89232,-80.0560305
213631525,2024-04-29,25.5192611111,-80.3306194444
213793244,2024-05-05,28.0893226795,-80.5641828185
213856549,2024-05-05,29.9247589111,-81.293548584
213870920,2024-05-05,24.7408056693,-80.9802293032
213989527,2024-04-18,25.7689783333,-80.1303028333
214036257,2024-05-04,28.3882865,-80.6063395
214037685,2024-05-06,30.3309203591,-81.3944275026
214109043,2024-05-06,28.4046333333,-80.5910716667
214119138,2024-05-06,29.8464055556,-81.2645138889
214282649,2024-05-07,30.3904416667,-81.395325
214386759,2024-05-08,29.9486253964,-81.3024188588
214442953,2024-05-08,33.8503417969,-77.9844284058
214496924,2024-05-07,30.245955,-81.3780366667
214567829,2024-05-08,26.0714111667,-80.1103528333
214578673,2024-05-07,30.3132333333,-81.3925083333
214678490,2024-03-27,25.9886333333,-80.1171945
215580622,2024-05-12,35.1115627746,-75.9753516689
216033019,2023-12-18,29.0708833011,-80.9108288214
216334905,2024-04-25,26.188905,-80.0949471667
217662127,2024-05-23,26.2406232767,-80.0870175754
217667169,2024-05-23,29.8400583333,-81.2636633333
217989860,2022-04-22,29.3613044,-81.0717261
218205086,2023-01-23,26.076133498,-80.1098855865
218532781,2021-08-26,25.9047517535,-80.1214452925
218628839,2023-12-27,24.8115225074,-80.8263509406
218708342,2024-05-27,34.69313,-76.6881783333
218898416,2024-05-28,34.7092593081,-76.6735853734
218898850,2024-05-28,34.7088309355,-76.6723993439
218991272,2024-05-27,34.6933927993,-76.6946368945
219075234,2024-05-28,34.693475,-76.692695
219205899,2024-04-03,28.557767201,-80.5652793064
219221070,2024-05-28,34.6934666667,-76.692725
219233233,2021-09-21,35.2467394342,-75.5890524596
219241522,2024-05-12,29.3134516524,-81.0489666354
219336033,2024-04-11,25.6656801289,-80.301731514
219890819,2024-06-01,29.8498122573,-81.2647173927
220008420,2024-06-02,26.1887138889,-80.095075
220159639,2024-02-12,25.7544317062,-80.1938791596
220226132,2024-06-03,34.52055,-77.3570783333
220244661,2024-06-02,29.8725666667,-81.26908
220336935,2024-06-03,34.7036818402,-76.6214808493
220596200,2024-04-08,26.8895783333,-80.0549305
220669859,2024-06-05,29.0327361667,-80.8911883333
220951203,2024-06-06,34.6960144043,-76.712020874
221158383,2024-06-06,30.2932713291,-81.3886294024
221658517,2024-02-02,26.8198371,-80.03720222
222542743,2023-12-26,25.7346966667,-80.1562945
222718607,2024-02-17,26.0334381787,-80.1140892786
222769555,2024-06-14,29.9269492206,-81.2958709896
223204011,2024-06-16,29.7,-81.23
223278751,2018-01-14,26.189314566,-80.0953353569
223435728,2024-06-17,29.7424926758,-81.241897583
223445424,2024-06-17,30.63043944,-81.43721084
223579776,2024-06-17,31.0402971667,-81.4118416667
223600176,2024-06-17,32.5391212661,-80.2846968123
223646964,2024-06-18,31.0157111167,-81.42243
223667254,2024-01-14,25.7822083333,-80.1278611667
223965713,2024-06-20,31.0260355848,-81.4172667637
224169391,2024-06-21,32.1674179245,-80.732739697
224178255,2024-06-21,33.7437803667,-78.812315762
224499754,2024-06-22,33.720212,-78.885521
224539948,2024-06-22,32.780945,-79.7949533333
224622900,2024-06-23,32.5976951796,-80.1008713295
224684195,2024-06-23,33.1359472222,-79.2407222222
224688845,2024-06-22,32.5391212661,-80.2846968123
224745994,2024-06-23,32.5709364089,-80.1875116836
225198181,2024-06-25,33.5363629268,-79.0264086453
225334342,2024-06-25,33.7481333333,-78.8055633333
225340500,2024-06-26,33.8351516672,-78.6199983849
225421469,2024-06-26,33.7239506869,-78.8392324956
225423026,2024-06-26,33.8244466667,-78.65033
225682730,2024-06-23,32.6208682065,-80.0356800109
226257602,2024-06-30,34.4587327997,-77.4873663997
226344773,2024-06-30,34.6424417135,-77.1007504239
226449688,2024-07-01,33.9031982422,-78.3751373291
226500248,2021-08-17,41.486725,-71.2936866667
227662423,2024-07-06,33.8680305556,-78.501625
227844298,2024-06-15,29.7597631997,-81.2481556997
227871798,2024-07-07,34.6505244922,-77.0767358142
228293916,2022-11-21,25.7864833333,-80.1272666667
229044482,2024-07-13,34.6957771488,-77.1073406919
229533486,2024-07-15,41.3504616667,-70.5638633333
230035471,2024-06-27,33.8708130764,-78.4907091781
231461377,2021-11-25,25.784144,-80.127677
232536523,2022-12-13,34.2145846,-77.7884054
233021807,2024-07-31,33.8478133333,-78.56817
233377482,2023-12-16,28.66134,-80.635945
233377493,2023-12-16,28.6613166667,-80.63596
233723206,2021-12-25,26.544538,-80.042867
235158755,2024-05-07,29.87489044,-81.270547229
237107095,2023-12-22,25.9395466667,-80.1196583333
238176310,2022-03-11,26.5837,-80.0377055
238666624,2024-06-24,32.779214,-79.7989239722
239733681,2024-07-05,34.34972,-77.6465616667
240526586,2024-01-27,27.0723528333,-80.1170111667
242892457,2024-09-20,33.9123047595,-78.2090928974
244688880,2024-09-29,34.6969524151,-76.7203311649
244737911,2024-03-13,28.3262801434,-80.6069504907
244941987,2024-01-26,28.0875028003,-80.5634388858
245226499,2022-04-30,29.8405906176,-81.294203629
245298373,2024-04-18,25.7689805556,-80.1303027778
245436599,2024-10-03,40.0592920812,-74.0462436655
246044699,2024-10-06,33.6403616667,-78.9374
246049131,2024-04-19,25.85975,-80.11885
246968058,2024-05-01,27.9654777778,-80.5063166667
247132182,2024-04-26,27.1181971667,-80.141
247378481,2018-02-11,27.0662247874,-80.114460626
247570216,2024-04-28,28.9959533333,-80.8688133333
247570621,2024-04-28,28.9936383333,-80.86747
247652776,2024-01-27,28.3391366667,-80.6058366667
248694202,2024-09-28,29.1024148331,-80.8959015235
249543603,2024-10-28,25.8130137761,-80.1374924183
249543606,2024-10-28,25.8130137761,-80.1374924183
249804798,2024-10-30,27.3787783333,-80.2534033333
249917971,2024-10-31,28.3606083333,-80.6032783333
249943629,2024-10-31,27.22532,-80.1800533333
327998162,2024-10-11,35.9118583333,-75.5967333333
