id,observed_on_string,observed_on,url,image_url,place_guess,Latitude,Longitude,place_country_name,Classification
8911554.0,Thu Nov 23 2017 13:18:43 GMT-0500 (EST),2017-11-23,https://www.inaturalist.org/observations/8911554,https://static.inaturalist.org/photos/11996090/medium.jpg,"2145 N Highway A1A, Indialantic, FL, US",28.120700000000003,-80.57533333,United States,Not Juvenile
8964834.0,2017/11/21 8:27 AM EST,2017-11-21,https://www.inaturalist.org/observations/8964834,https://inaturalist-open-data.s3.amazonaws.com/photos/12086191/medium.jpeg,"Sunny Isles Beach, FL 33160, USA",25.9428707,-80.1233802,United States,Not Juvenile
9056538.0,Tue Dec 05 2017 16:03:17 GMT-0500 (EST),2017-12-05,https://www.inaturalist.org/observations/9056538,https://static.inaturalist.org/photos/12225972/medium.jpg,"Atlantic Ocean, Cocoa Beach, , US",28.34091141,-80.60541851,United States,Not Juvenile
9178128.0,Sun Dec 17 2017 09:06:23 GMT-0500 (EST),2017-12-17,https://www.inaturalist.org/observations/9178128,https://static.inaturalist.org/photos/12419289/medium.jpg,"200‚Äì398 Hyacinth Ter, Hollywood, FL, US",26.00050597,-80.11592156,United States,Not Juvenile
9212777.0,2017-12-17 1:56:54 PM EST,2017-12-17,https://www.inaturalist.org/observations/9212777,https://static.inaturalist.org/photos/12543998/medium.jpeg,"1231 Hillsboro Mile, Hillsboro Beach, FL 33062, USA",26.30418439,-80.07651791,United States,Not Juvenile
9260284.0,Sat Dec 23 2017 12:57:16 GMT-0500 (EST),2017-12-23,https://www.inaturalist.org/observations/9260284,https://inaturalist-open-data.s3.amazonaws.com/photos/12541901/medium.jpg,"Hillsboro Beach, FL  33062, Hillsboro Beach, FL, US",26.29502045,-80.07756629000001,United States,Not Juvenile
9261542.0,2017-12-17 2:22:23 PM EST,2017-12-17,https://www.inaturalist.org/observations/9261542,https://static.inaturalist.org/photos/12544000/medium.jpeg,"1207 Hillsboro Mile, Hillsboro Beach, FL 33062, USA",26.30161094,-80.07680326,United States,Not Juvenile
9285661.0,Thu Dec 28 2017 11:32:17 GMT-0500 (EST),2017-12-28,https://www.inaturalist.org/observations/9285661,https://inaturalist-open-data.s3.amazonaws.com/photos/12586159/medium.jpg,"3925 S Highway A1A, Jupiter, , US",26.896095,-80.05758617000001,United States,Not Juvenile
9396441.0,2018-01-07 7:11:38 AM EST,2018-01-07,https://www.inaturalist.org/observations/9396441,https://static.inaturalist.org/photos/12769599/medium.jpeg,"300n N Beach Rd, Dania Beach, FL 33004, USA",26.05754662,-80.11159515,United States,Not Juvenile
9425169.0,Tue Jan 09 2018 15:20:12 GMT-0500 (EST),2018-01-09,https://www.inaturalist.org/observations/9425169,https://inaturalist-open-data.s3.amazonaws.com/photos/12809708/medium.jpg,"6393 N Ocean Blvd, Ocean Ridge, , US",26.5285987,-80.04690681,United States,Not Juvenile
9509381.0,Tue Jan 16 2018 14:15:27 GMT-0500 (EST),2018-01-16,https://www.inaturalist.org/observations/9509381,https://static.inaturalist.org/photos/12959813/medium.jpg,"Straits of Florida, North Palm Beach, , US",26.8208194,-80.03745948,United States,Not Juvenile
9527991.0,Fri Jan 19 2018 08:58:29 GMT-0500 (EST),2018-01-19,https://www.inaturalist.org/observations/9527991,https://static.inaturalist.org/photos/12992312/medium.jpg,"865 S Highway A1A, Jupiter, FL, US",26.92458234,-80.06717719,United States,Juvenile
9527994.0,Fri Jan 19 2018 08:58:54 GMT-0500 (EST),2018-01-19,https://www.inaturalist.org/observations/9527994,https://static.inaturalist.org/photos/12992316/medium.jpg,"Palm Beach County, US-FL, US",26.92475773,-80.06712506,United States,Not Juvenile
9527997.0,Fri Jan 19 2018 08:59:05 GMT-0500 (EST),2018-01-19,https://www.inaturalist.org/observations/9527997,https://static.inaturalist.org/photos/12992319/medium.jpg,"865 S Highway A1A, Jupiter, FL, US",26.924771399999997,-80.06711978,United States,Not Juvenile
9527999.0,Fri Jan 19 2018 08:59:22 GMT-0500 (EST),2018-01-19,https://www.inaturalist.org/observations/9527999,https://static.inaturalist.org/photos/12992320/medium.jpg,"865 S Highway A1A, Jupiter, FL, US",26.92479612,-80.06714442,United States,Not Juvenile
9528001.0,Fri Jan 19 2018 08:59:43 GMT-0500 (EST),2018-01-19,https://www.inaturalist.org/observations/9528001,https://static.inaturalist.org/photos/12992321/medium.jpg,"865 S Highway A1A, Jupiter, FL, US",26.92479168,-80.06714425,United States,Not Juvenile
9528003.0,Fri Jan 19 2018 09:00:01 GMT-0500 (EST),2018-01-19,https://www.inaturalist.org/observations/9528003,https://static.inaturalist.org/photos/12992324/medium.jpg,"865 S Highway A1A, Jupiter, FL, US",26.92481264,-80.06714836,United States,Not Juvenile
9528004.0,Fri Jan 19 2018 09:00:12 GMT-0500 (EST),2018-01-19,https://www.inaturalist.org/observations/9528004,https://static.inaturalist.org/photos/12992325/medium.jpg,"865 S Highway A1A, Jupiter, FL, US",26.92481766,-80.06717401,United States,Not Juvenile
9528005.0,Fri Jan 19 2018 09:00:25 GMT-0500 (EST),2018-01-19,https://www.inaturalist.org/observations/9528005,https://static.inaturalist.org/photos/12992327/medium.jpg,"865 S Highway A1A, Jupiter, FL, US",26.92482022,-80.06717065000001,United States,Not Juvenile
9528007.0,Fri Jan 19 2018 09:00:36 GMT-0500 (EST),2018-01-19,https://www.inaturalist.org/observations/9528007,https://static.inaturalist.org/photos/12992330/medium.jpg,"865 S Highway A1A, Jupiter, FL, US",26.92484013,-80.06717208,United States,Uncertain
9528010.0,Fri Jan 19 2018 09:00:49 GMT-0500 (EST),2018-01-19,https://www.inaturalist.org/observations/9528010,https://static.inaturalist.org/photos/12992336/medium.jpg,"865 S Highway A1A, Jupiter, FL, US",26.92488841,-80.06720116,United States,Uncertain
9528012.0,Fri Jan 19 2018 09:01:03 GMT-0500 (EST),2018-01-19,https://www.inaturalist.org/observations/9528012,https://static.inaturalist.org/photos/12992339/medium.jpg,"Carlin Park, Jupiter, FL, US",26.92497503,-80.06718432,United States,Not Juvenile
9528013.0,Fri Jan 19 2018 09:01:54 GMT-0500 (EST),2018-01-19,https://www.inaturalist.org/observations/9528013,https://static.inaturalist.org/photos/12992342/medium.jpg,"Carlin Park, Jupiter, FL, US",26.92504213,-80.06718172000001,United States,Not Juvenile
9528014.0,Fri Jan 19 2018 09:02:08 GMT-0500 (EST),2018-01-19,https://www.inaturalist.org/observations/9528014,https://static.inaturalist.org/photos/12992630/medium.jpg,"Carlin Park, Jupiter, FL, US",26.92507302,-80.06723176,United States,Not Juvenile
9528152.0,Fri Jan 19 2018 09:02:20 GMT-0500 (EST),2018-01-19,https://www.inaturalist.org/observations/9528152,https://static.inaturalist.org/photos/12992632/medium.jpg,"Carlin Park, Jupiter, FL, US",26.9250646,-80.06722287,United States,Not Juvenile
9528153.0,Fri Jan 19 2018 09:02:36 GMT-0500 (EST),2018-01-19,https://www.inaturalist.org/observations/9528153,https://static.inaturalist.org/photos/12992635/medium.jpg,"Carlin Park, Jupiter, FL, US",26.9250936,-80.06721357,United States,Not Juvenile
9528162.0,Fri Jan 19 2018 09:02:51 GMT-0500 (EST),2018-01-19,https://www.inaturalist.org/observations/9528162,https://static.inaturalist.org/photos/12992637/medium.jpg,"Carlin Park, Jupiter, FL, US",26.92509343,-80.06719463,United States,Not Juvenile
9528165.0,Fri Jan 19 2018 09:32:25 GMT-0500 (EST),2018-01-19,https://www.inaturalist.org/observations/9528165,https://static.inaturalist.org/photos/12992639/medium.jpg,"Carlin Park, Jupiter, FL, US",26.92511753,-80.06722371000001,United States,Not Juvenile
9528167.0,Fri Jan 19 2018 09:32:45 GMT-0500 (EST),2018-01-19,https://www.inaturalist.org/observations/9528167,https://static.inaturalist.org/photos/12992641/medium.jpg,"Carlin Park, Jupiter, FL, US",26.92517591,-80.06723117,United States,Not Juvenile
9528168.0,Fri Jan 19 2018 09:33:02 GMT-0500 (EST),2018-01-19,https://www.inaturalist.org/observations/9528168,https://static.inaturalist.org/photos/12992642/medium.jpg,"Carlin Park, Jupiter, FL, US",26.92518098,-80.06724886,United States,Not Juvenile
9528170.0,Fri Jan 19 2018 09:33:22 GMT-0500 (EST),2018-01-19,https://www.inaturalist.org/observations/9528170,https://static.inaturalist.org/photos/12992647/medium.jpg,"Carlin Park, Jupiter, FL, US",26.92518869,-80.06722203,United States,Not Juvenile
9528171.0,Fri Jan 19 2018 09:33:43 GMT-0500 (EST),2018-01-19,https://www.inaturalist.org/observations/9528171,https://static.inaturalist.org/photos/12992651/medium.jpg,"Carlin Park, Jupiter, FL, US",26.92520709,-80.06725689999999,United States,Not Juvenile
9528173.0,Fri Jan 19 2018 09:34:00 GMT-0500 (EST),2018-01-19,https://www.inaturalist.org/observations/9528173,https://static.inaturalist.org/photos/12992652/medium.jpg,"Carlin Park, Jupiter, FL, US",26.92519921,-80.06723335,United States,Not Juvenile
9528183.0,Fri Jan 19 2018 09:34:22 GMT-0500 (EST),2018-01-19,https://www.inaturalist.org/observations/9528183,https://static.inaturalist.org/photos/12992868/medium.jpg,"Carlin Park, Jupiter, FL, US",26.92526136,-80.06727266,United States,Juvenile
9535086.0,Fri Jan 19 2018 11:33:03 GMT-0500 (EST),2018-01-19,https://www.inaturalist.org/observations/9535086,https://inaturalist-open-data.s3.amazonaws.com/photos/13004658/medium.jpg,"Bill Baggs Cape Florida State Park, Key Biscayne, FL, US",25.67782,-80.1542805,United States,Not Juvenile
9553040.0,Sun Jan 21 2018 16:04:43 GMT-0500 (EST),2018-01-21,https://www.inaturalist.org/observations/9553040,https://static.inaturalist.org/photos/13035345/medium.jpg,"33062, Pompano Beach, , US",26.22225467,-80.08944313,United States,Not Juvenile
9565208.0,Mon Jan 22 2018 13:14:06 GMT-0500 (EST),2018-01-22,https://www.inaturalist.org/observations/9565208,https://static.inaturalist.org/photos/13055282/medium.jpg,"Canaveral National Seashore, Orlando, FL, US",28.654555,-80.63105,United States,Not Juvenile
9565808.0,Mon Jan 22 2018 16:14:21 GMT-0500 (EST),2018-01-22,https://www.inaturalist.org/observations/9565808,https://static.inaturalist.org/photos/13056266/medium.jpg,"57069‚Äì57251 Overseas Hwy, Marathon, FL, US",24.75223277,-80.9693276,United States,Not Juvenile
9633045.0,2018-01-27 2:28:29 PM EST,2018-01-27,https://www.inaturalist.org/observations/9633045,https://inaturalist-open-data.s3.amazonaws.com/photos/13152770/medium.jpeg,"901 Atlantic St, Melbourne Beach, FL 32951, USA",28.06956665,-80.55669177,United States,Not Juvenile
9637604.0,2017/12/04 2:00 PM EST,2017-12-04,https://www.inaturalist.org/observations/9637604,https://inaturalist-open-data.s3.amazonaws.com/photos/13160398/medium.jpeg,"3299 N Hwy A1A, Indialantic, FL 32903, USA",28.13866,-80.5802544,United States,Not Juvenile
9697910.0,2018-02-01 3:05:58 PM EST,2018-02-01,https://www.inaturalist.org/observations/9697910,https://inaturalist-open-data.s3.amazonaws.com/photos/13263202/medium.jpeg,"393-399 Hendry Ave, Cocoa Beach, FL 32931, USA",28.36863996,-80.60173173,United States,Not Juvenile
9716871.0,2018-02-03 11:52:09 AM EST,2018-02-03,https://www.inaturalist.org/observations/9716871,https://static.inaturalist.org/photos/13289769/medium.jpeg,"201-299 N Broadwalk, Hollywood, FL 33019, USA",26.01392069,-80.11516901,United States,Not Juvenile
9717097.0,2018-02-03 12:22:25 PM EST,2018-02-03,https://www.inaturalist.org/observations/9717097,https://static.inaturalist.org/photos/13290387/medium.jpeg,"301-399 S Broadwalk, Hollywood, FL 33019, USA",26.0098393,-80.11521151,United States,Not Juvenile
9730937.0,Sun Feb 04 2018 10:12:41 GMT-0500 (EST),2018-02-04,https://www.inaturalist.org/observations/9730937,https://inaturalist-open-data.s3.amazonaws.com/photos/13314382/medium.jpg,"411‚Äì429 S Ocean Blvd, Palm Beach, FL, US",26.70188333,-80.0330195,United States,Not Juvenile
9761973.0,Wed Feb 07 2018 08:26:42 GMT-0500 (EST),2018-02-07,https://www.inaturalist.org/observations/9761973,https://static.inaturalist.org/photos/13368538/medium.jpg,"5250 N Ocean Dr, Riviera Beach, FL, US",26.804924999999997,-80.03320283000001,United States,Not Juvenile
9796124.0,Fri Feb 09 2018 07:53:58 GMT-0500 (EST),2018-02-09,https://www.inaturalist.org/observations/9796124,https://static.inaturalist.org/photos/13404514/medium.jpg,"209 N Fort Lauderdale Beach Blvd, Fort Lauderdale, FL, US",26.12542345,-80.10330965,United States,Not Juvenile
9796716.0,Thu Feb 08 2018 12:26:03 GMT-0500 (EST),2018-02-08,https://www.inaturalist.org/observations/9796716,https://static.inaturalist.org/photos/13405616/medium.jpg,"Deering Estate, Palmetto Bay, FL, US",25.61429403,-80.3060978,United States,Not Juvenile
9811306.0,Sat Feb 10 2018 11:42:16 GMT-0500 (EST),2018-02-10,https://www.inaturalist.org/observations/9811306,https://inaturalist-open-data.s3.amazonaws.com/photos/13426689/medium.jpg,"Vizcaya Museum & Gardens, Miami, FL, US",25.74386333,-80.210495,United States,Not Juvenile
9811871.0,Sat Feb 10 2018 12:38:58 GMT-0500 (EST),2018-02-10,https://www.inaturalist.org/observations/9811871,https://static.inaturalist.org/photos/13427645/medium.jpg,"Vizcaya Museum & Gardens, Miami, FL, US",25.74390168,-80.21053833,United States,Uncertain
9812882.0,2018-02-10 2:09:53 PM EST,2018-02-10,https://www.inaturalist.org/observations/9812882,https://inaturalist-open-data.s3.amazonaws.com/photos/13429454/medium.jpeg,"3251 S Miami Ave, Miami, FL 33129, USA",25.74394148,-80.21044592,United States,Not Juvenile
9818730.0,2018-02-10 2:57:15 PM EST,2018-02-10,https://www.inaturalist.org/observations/9818730,https://inaturalist-open-data.s3.amazonaws.com/photos/13439655/medium.jpeg,"78 Florida A1A, Daytona Beach, FL 32118, USA",29.23166656,-81.00971985,United States,Not Juvenile
9821129.0,Sat Feb 10 2018 14:53:08 GMT-0500 (EST),2018-02-10,https://www.inaturalist.org/observations/9821129,https://static.inaturalist.org/photos/13459438/medium.jpg,"508‚Äì540 S Fort Lauderdale Beach Blvd, Fort Lauderdale, FL, US",26.115924999999997,-80.10394167,United States,Not Juvenile
9821479.0,Sun Feb 11 2018 07:39:54 GMT-0500 (EST),2018-02-11,https://www.inaturalist.org/observations/9821479,https://inaturalist-open-data.s3.amazonaws.com/photos/13444340/medium.jpg,"55 NE MacArthur Blvd, Stuart, FL, US",27.20672114,-80.16938268,United States,Not Juvenile
9821484.0,Sun Feb 11 2018 07:42:48 GMT-0500 (EST),2018-02-11,https://www.inaturalist.org/observations/9821484,https://inaturalist-open-data.s3.amazonaws.com/photos/13444356/medium.jpg,"NE MacArthur Blvd, Stuart, FL, US",27.20687315,-80.1693567,United States,Not Juvenile
9821509.0,Sun Feb 11 2018 07:53:30 GMT-0500 (EST),2018-02-11,https://www.inaturalist.org/observations/9821509,https://inaturalist-open-data.s3.amazonaws.com/photos/13444506/medium.jpg,"55 NE MacArthur Blvd, Stuart, FL, US",27.20664193,-80.16927891,United States,Not Juvenile
9821511.0,Sun Feb 11 2018 07:54:03 GMT-0500 (EST),2018-02-11,https://www.inaturalist.org/observations/9821511,https://inaturalist-open-data.s3.amazonaws.com/photos/13444511/medium.jpg,"55 NE MacArthur Blvd, Stuart, FL, US",27.20662618,-80.1692619,United States,Not Juvenile
9821522.0,Sun Feb 11 2018 07:56:57 GMT-0500 (EST),2018-02-11,https://www.inaturalist.org/observations/9821522,https://inaturalist-open-data.s3.amazonaws.com/photos/13444602/medium.jpg,"55 NE MacArthur Blvd, Stuart, FL, US",27.20658963,-80.16924581,United States,Not Juvenile
9821524.0,Sun Feb 11 2018 07:58:26 GMT-0500 (EST),2018-02-11,https://www.inaturalist.org/observations/9821524,https://inaturalist-open-data.s3.amazonaws.com/photos/13444606/medium.jpg,"55 NE MacArthur Blvd, Stuart, FL, US",27.20634559,-80.16912234,United States,Not Juvenile
9821525.0,Sun Feb 11 2018 07:59:22 GMT-0500 (EST),2018-02-11,https://www.inaturalist.org/observations/9821525,https://inaturalist-open-data.s3.amazonaws.com/photos/13444609/medium.jpg,"45 NE MacArthur Blvd, Stuart, FL, US",27.20622988,-80.16901396,United States,Not Juvenile
9821544.0,Sun Feb 11 2018 08:00:06 GMT-0500 (EST),2018-02-11,https://www.inaturalist.org/observations/9821544,https://inaturalist-open-data.s3.amazonaws.com/photos/13444622/medium.jpg,"55 NE MacArthur Blvd, Stuart, FL, US",27.20601287,-80.16901899,United States,Not Juvenile
9821625.0,Sun Feb 11 2018 08:14:30 GMT-0500 (EST),2018-02-11,https://www.inaturalist.org/observations/9821625,https://inaturalist-open-data.s3.amazonaws.com/photos/13444726/medium.jpg,"45 NE MacArthur Blvd, Stuart, FL, US",27.20577395,-80.1687501,United States,Not Juvenile
9821683.0,Sun Feb 11 2018 08:21:27 GMT-0500 (EST),2018-02-11,https://www.inaturalist.org/observations/9821683,https://inaturalist-open-data.s3.amazonaws.com/photos/13444798/medium.jpg,"45 NE MacArthur Blvd, Stuart, FL, US",27.20541788,-80.16863719999999,United States,Not Juvenile
9823113.0,Sun Feb 11 2018 11:27:51 GMT-0500 (EST),2018-02-11,https://www.inaturalist.org/observations/9823113,https://inaturalist-open-data.s3.amazonaws.com/photos/13447176/medium.jpg,"1345 SE MacArthur Blvd, Stuart, FL, US",27.188252,-80.16027206,United States,Not Juvenile
9823234.0,Sun Feb 11 2018 11:38:11 GMT-0500 (EST),2018-02-11,https://www.inaturalist.org/observations/9823234,https://inaturalist-open-data.s3.amazonaws.com/photos/13447373/medium.jpg,"1271 SE MacArthur Blvd, Stuart, FL, US",27.18919693,-80.16004574,United States,Not Juvenile
9823347.0,Sun Feb 11 2018 11:39:07 GMT-0500 (EST),2018-02-11,https://www.inaturalist.org/observations/9823347,https://inaturalist-open-data.s3.amazonaws.com/photos/13447807/medium.jpg,"1303 SE MacArthur Blvd, Stuart, FL, US",27.18917996,-80.16013702000001,United States,Not Juvenile
9824544.0,Sun Feb 11 2018 08:20:44 GMT-0500 (EST),2018-02-11,https://www.inaturalist.org/observations/9824544,https://inaturalist-open-data.s3.amazonaws.com/photos/13449726/medium.jpg,"45 NE MacArthur Blvd, Stuart, FL, US",27.20556004,-80.168646,United States,Not Juvenile
9824548.0,Sun Feb 11 2018 08:21:52 GMT-0500 (EST),2018-02-11,https://www.inaturalist.org/observations/9824548,https://inaturalist-open-data.s3.amazonaws.com/photos/13449728/medium.jpg,"45 NE MacArthur Blvd, Stuart, FL, US",27.20546855,-80.16856737,United States,Not Juvenile
9824551.0,Sun Feb 11 2018 08:22:38 GMT-0500 (EST),2018-02-11,https://www.inaturalist.org/observations/9824551,https://inaturalist-open-data.s3.amazonaws.com/photos/13449735/medium.jpg,"45 NE MacArthur Blvd, Stuart, FL, US",27.20544454,-80.16857735,United States,Not Juvenile
9824552.0,Sun Feb 11 2018 08:24:41 GMT-0500 (EST),2018-02-11,https://www.inaturalist.org/observations/9824552,https://inaturalist-open-data.s3.amazonaws.com/photos/13449739/medium.jpg,"23 NE MacArthur Blvd, Stuart, FL, US",27.20514421,-80.16834433,United States,Not Juvenile
9824558.0,Sun Feb 11 2018 08:35:41 GMT-0500 (EST),2018-02-11,https://www.inaturalist.org/observations/9824558,https://inaturalist-open-data.s3.amazonaws.com/photos/13449761/medium.jpg,"45 NE MacArthur Blvd, Stuart, FL, US",27.20560492,-80.16875161,United States,Not Juvenile
9824560.0,Sun Feb 11 2018 08:36:04 GMT-0500 (EST),2018-02-11,https://www.inaturalist.org/observations/9824560,https://inaturalist-open-data.s3.amazonaws.com/photos/13449765/medium.jpg,"55 NE MacArthur Blvd, Stuart, FL, US",27.20582352,-80.16884859,United States,Not Juvenile
9824566.0,Sun Feb 11 2018 08:44:55 GMT-0500 (EST),2018-02-11,https://www.inaturalist.org/observations/9824566,https://inaturalist-open-data.s3.amazonaws.com/photos/13449789/medium.jpg,"55 NE MacArthur Blvd, Stuart, FL, US",27.20677034,-80.16934278000001,United States,Not Juvenile
9825105.0,Sun Feb 11 2018 14:16:26 GMT-0500 (EST),2018-02-11,https://www.inaturalist.org/observations/9825105,https://inaturalist-open-data.s3.amazonaws.com/photos/13450721/medium.jpg,"23 NE MacArthur Blvd, Stuart, FL, US",27.20511488,-80.16836068,United States,Not Juvenile
9825152.0,Sun Feb 11 2018 14:16:13 GMT-0500 (EST),2018-02-11,https://www.inaturalist.org/observations/9825152,https://inaturalist-open-data.s3.amazonaws.com/photos/13450712/medium.jpg,"23 NE MacArthur Blvd, Stuart, FL, US",27.20514086,-80.16835632,United States,Not Juvenile
9825156.0,Sun Feb 11 2018 14:19:51 GMT-0500 (EST),2018-02-11,https://www.inaturalist.org/observations/9825156,https://inaturalist-open-data.s3.amazonaws.com/photos/13450725/medium.jpg,"1‚Äì557 SE MacArthur Blvd, Stuart, FL, US",27.20496719,-80.16827233000001,United States,Not Juvenile
9825157.0,Sun Feb 11 2018 14:20:16 GMT-0500 (EST),2018-02-11,https://www.inaturalist.org/observations/9825157,https://inaturalist-open-data.s3.amazonaws.com/photos/13450730/medium.jpg,"1‚Äì557 SE MacArthur Blvd, Stuart, FL, US",27.20493014,-80.16825859000001,United States,Not Juvenile
9825160.0,Sun Feb 11 2018 14:21:27 GMT-0500 (EST),2018-02-11,https://www.inaturalist.org/observations/9825160,https://inaturalist-open-data.s3.amazonaws.com/photos/13450734/medium.jpg,"1‚Äì557 SE MacArthur Blvd, Stuart, FL, US",27.20452911,-80.16808542,United States,Not Juvenile
9825239.0,Sun Feb 11 2018 14:16:52 GMT-0500 (EST),2018-02-11,https://www.inaturalist.org/observations/9825239,https://static.inaturalist.org/photos/13450893/medium.jpg,"379 S Highway A1A, Jupiter, FL, US",26.93005833,-80.06832783,United States,Not Juvenile
9826564.0,Sun Feb 11 2018 11:18:50 GMT-0500 (EST),2018-02-11,https://www.inaturalist.org/observations/9826564,https://static.inaturalist.org/photos/13453222/medium.jpg,"Straits of Florida, , FL, US",25.76907167,-80.1302195,United States,Not Juvenile
9834771.0,Mon Feb 12 2018 07:53:20 GMT-0500 (EST),2018-02-12,https://www.inaturalist.org/observations/9834771,https://inaturalist-open-data.s3.amazonaws.com/photos/13468110/medium.jpg,"1345 SE MacArthur Blvd, Stuart, FL, US",27.18785687,-80.1600237,United States,Not Juvenile
9834795.0,Mon Feb 12 2018 07:27:59 GMT-0500 (EST),2018-02-12,https://www.inaturalist.org/observations/9834795,https://inaturalist-open-data.s3.amazonaws.com/photos/13468157/medium.jpg,"1259 SE MacArthur Blvd, Stuart, FL, US",27.18946289,-80.16036945,United States,Not Juvenile
9834798.0,Mon Feb 12 2018 07:39:49 GMT-0500 (EST),2018-02-12,https://www.inaturalist.org/observations/9834798,https://inaturalist-open-data.s3.amazonaws.com/photos/13468160/medium.jpg,"1345 SE MacArthur Blvd, Stuart, FL, US",27.1883986,-80.16005823,United States,Not Juvenile
9834799.0,Mon Feb 12 2018 07:40:14 GMT-0500 (EST),2018-02-12,https://www.inaturalist.org/observations/9834799,https://inaturalist-open-data.s3.amazonaws.com/photos/13468161/medium.jpg,"1345 SE MacArthur Blvd, Stuart, FL, US",27.1883719,-80.16005371,United States,Not Juvenile
9834800.0,Mon Feb 12 2018 07:54:02 GMT-0500 (EST),2018-02-12,https://www.inaturalist.org/observations/9834800,https://inaturalist-open-data.s3.amazonaws.com/photos/13468164/medium.jpg,"1345 SE MacArthur Blvd, , , US",27.18760416,-80.16001012,United States,Not Juvenile
9834825.0,Mon Feb 12 2018 08:04:29 GMT-0500 (EST),2018-02-12,https://www.inaturalist.org/observations/9834825,https://inaturalist-open-data.s3.amazonaws.com/photos/13468211/medium.jpg,"1123‚Äì1599 SE MacArthur Blvd, Stuart, FL, US",27.18743635,-80.16013233,United States,Not Juvenile
9834923.0,Mon Feb 12 2018 08:36:04 GMT-0500 (EST),2018-02-12,https://www.inaturalist.org/observations/9834923,https://inaturalist-open-data.s3.amazonaws.com/photos/13468394/medium.jpg,"1345 SE MacArthur Blvd, Stuart, FL, US",27.18775948,-80.16006276,United States,Not Juvenile
9845605.0,Tue Feb 13 2018 07:30:39 GMT-0500 (EST),2018-02-13,https://www.inaturalist.org/observations/9845605,https://inaturalist-open-data.s3.amazonaws.com/photos/13485683/medium.jpg,"NE MacArthur Blvd, Stuart, FL, US",27.20696154,-80.16944362,United States,Not Juvenile
9845801.0,Tue Feb 13 2018 08:06:23 GMT-0500 (EST),2018-02-13,https://www.inaturalist.org/observations/9845801,https://inaturalist-open-data.s3.amazonaws.com/photos/13485940/medium.jpg,"Stuart, FL  34996, Stuart, FL, US",27.20711987,-80.16952727,United States,Not Juvenile
9846272.0,Mon Feb 12 2018 08:55:17 GMT-0500 (EST),2018-02-12,https://www.inaturalist.org/observations/9846272,https://static.inaturalist.org/photos/13486775/medium.jpg,"Straits of Florida, , , US",27.065305499999997,-80.11408333,United States,Not Juvenile
9849354.0,Tue Feb 13 2018 13:22:26 GMT-0500 (EST),2018-02-13,https://www.inaturalist.org/observations/9849354,https://inaturalist-open-data.s3.amazonaws.com/photos/13489480/medium.jpg,"1123‚Äì1599 SE MacArthur Blvd, Stuart, FL, US",27.18644993,-80.16033794,United States,Not Juvenile
9849610.0,Tue Feb 13 2018 13:41:50 GMT-0500 (EST),2018-02-13,https://www.inaturalist.org/observations/9849610,https://inaturalist-open-data.s3.amazonaws.com/photos/13489749/medium.jpg,"1123‚Äì1599 SE MacArthur Blvd, Stuart, FL, US",27.18636406,-80.16034355000001,United States,Not Juvenile
9850011.0,Tue Feb 13 2018 14:15:34 GMT-0500 (EST),2018-02-13,https://www.inaturalist.org/observations/9850011,https://inaturalist-open-data.s3.amazonaws.com/photos/13490282/medium.jpg,"1123‚Äì1599 SE MacArthur Blvd, Stuart, FL, US",27.18648635,-80.16032889,United States,Not Juvenile
9869643.0,Thu Feb 15 2018 13:49:33 GMT-0500 (EST),2018-02-15,https://www.inaturalist.org/observations/9869643,https://static.inaturalist.org/photos/13524156/medium.jpg,"2507 Hill St, , , US",29.0193704,-80.8836536,United States,Not Juvenile
9869681.0,Thu Feb 15 2018 13:56:39 GMT-0500 (EST),2018-02-15,https://www.inaturalist.org/observations/9869681,https://static.inaturalist.org/photos/13524270/medium.jpg,"2811 Hill St, , , US",29.01677394,-80.88217604,United States,Not Juvenile
9896480.0,Sat Feb 17 2018 14:14:26 GMT-0500 (EST),2018-02-17,https://www.inaturalist.org/observations/9896480,https://static.inaturalist.org/photos/13568733/medium.jpg,"Straits of Florida, , FL, US",26.46222413,-80.05658552,United States,Not Juvenile
9928288.0,2018/02/17 7:16 PM HST,2018-02-17,https://www.inaturalist.org/observations/9928288,https://static.inaturalist.org/photos/13622894/medium.jpeg,"Ocean Ridge, FL, USA",26.54169974,-80.04300707,United States,Not Juvenile
9949499.0,Wed Feb 21 2018 16:14:36 GMT-0500 (EST),2018-02-21,https://www.inaturalist.org/observations/9949499,https://inaturalist-open-data.s3.amazonaws.com/photos/13659268/medium.jpg,"Straits of Florida, Boca Raton, FL, US",26.33762549,-80.07037346,United States,Not Juvenile
9977733.0,Sat Feb 24 2018 09:24:54 GMT-0500 (EST),2018-02-24,https://www.inaturalist.org/observations/9977733,https://static.inaturalist.org/photos/13710599/medium.jpg,"3691 Rickenbacker Cswy, Miami, FL, US",25.751325,-80.14663617000001,United States,Not Juvenile
9979233.0,2018-02-24 8:54:56 AM EST,2018-02-24,https://www.inaturalist.org/observations/9979233,https://inaturalist-open-data.s3.amazonaws.com/photos/13712975/medium.jpeg,"5614-5698 N Surf Rd, Hollywood, FL 33019, USA",26.04961205,-80.11267853,United States,Not Juvenile
9990490.0,Sun Feb 25 2018 11:54:52 GMT-0500 (GMT-5),2018-02-25,https://www.inaturalist.org/observations/9990490,https://static.inaturalist.org/photos/13732901/medium.jpg,"125 Basin St, Daytona Beach, FL, US",29.2023405,-81.01446733,United States,Not Juvenile
9992602.0,Sat Feb 24 2018 11:19:18 GMT-0500 (EST),2018-02-24,https://www.inaturalist.org/observations/9992602,https://static.inaturalist.org/photos/13736163/medium.jpg,"Straits of Florida, , FL, US",27.24335237,-80.18962777,United States,Not Juvenile
9993562.0,Sun Feb 25 2018 15:24:35 GMT-0500 (EST),2018-02-25,https://www.inaturalist.org/observations/9993562,https://static.inaturalist.org/photos/13738214/medium.jpg,"815 Highway A1A, Satellite Beach, FL, US",28.19354674,-80.59376127,United States,Not Juvenile
9994825.0,Sun Feb 25 2018 16:44:17 GMT-0500 (EST),2018-02-25,https://www.inaturalist.org/observations/9994825,https://static.inaturalist.org/photos/13739540/medium.jpg,"3039 S Highway A1A, Jupiter, FL, US",26.91033667,-80.06219449999999,United States,Not Juvenile
9997993.0,Sat Feb 24 2018 17:07:53 GMT-0500 (EST),2018-02-24,https://www.inaturalist.org/observations/9997993,https://inaturalist-open-data.s3.amazonaws.com/photos/13745189/medium.jpg,"67 Ocean Shore Blvd, Ormond Beach, FL, US",29.29401167,-81.03968883,United States,Not Juvenile
10019113.0,Tue Feb 27 2018 08:38:35 GMT-0500 (EST),2018-02-27,https://www.inaturalist.org/observations/10019113,https://static.inaturalist.org/photos/13776659/medium.jpg,"University of Miami - Coral Gables Campus, Key Biscayne, FL, US",25.73177969,-80.16230668,United States,Not Juvenile
10024613.0,Sun Feb 25 2018 09:40:44 GMT-0500 (EST),2018-02-25,https://www.inaturalist.org/observations/10024613,https://inaturalist-open-data.s3.amazonaws.com/photos/13789409/medium.jpg,"3750‚Äì3898 Ocean Dr, Vero Beach, FL, US",27.66117,-80.35791167000001,United States,Not Juvenile
10032831.0,Wed Feb 28 2018 12:00:55 GMT-0500 (EST),2018-02-28,https://www.inaturalist.org/observations/10032831,https://inaturalist-open-data.s3.amazonaws.com/photos/13800733/medium.jpg,"Hutchinson Island, , FL, US",27.21004017,-80.17116476,United States,Not Juvenile
10176862.0,2018-03-10 12:05:41 PM EST,2018-03-10,https://www.inaturalist.org/observations/10176862,https://inaturalist-open-data.s3.amazonaws.com/photos/14051207/medium.jpeg,"9909 Collins Ave, Bal Harbour, FL 33154, USA",25.89112962,-80.12282196,United States,Not Juvenile
10191082.0,Sun Mar 11 2018 14:36:42 GMT-0400 (EDT),2018-03-11,https://www.inaturalist.org/observations/10191082,https://inaturalist-open-data.s3.amazonaws.com/photos/14075563/medium.jpg,"Crandon Park, Key Biscayne, FL, US",25.71869667,-80.14840000000001,United States,Not Juvenile
10191090.0,Sun Mar 11 2018 14:36:51 GMT-0400 (EDT),2018-03-11,https://www.inaturalist.org/observations/10191090,https://inaturalist-open-data.s3.amazonaws.com/photos/14077560/medium.jpg,"Crandon Park, Key Biscayne, FL, US",25.71863667,-80.14849717,United States,Not Juvenile
10222345.0,Sun Feb 25 2018 14:58:39 GMT-0500 (EST),2018-02-25,https://www.inaturalist.org/observations/10222345,https://inaturalist-open-data.s3.amazonaws.com/photos/14127761/medium.jpg,"Atlantic Ocean, Indian Harbour Beach, FL, US",28.1476603,-80.5816921,United States,Not Juvenile
10268917.0,Fri Mar 16 2018 20:15:32 GMT-0400 (EDT),2018-03-16,https://www.inaturalist.org/observations/10268917,https://static.inaturalist.org/photos/14212290/medium.jpg,"Guana River State Park, Ponte Vedra Beach, FL, US",30.00808888,-81.34378667,United States,Not Juvenile
11075271.0,2018-02-23 4:36:27 PM EST,2018-02-23,https://www.inaturalist.org/observations/11075271,https://static.inaturalist.org/photos/15632849/medium.jpeg,"1200-1254 Florida A1A, Boca Raton, FL 33432, USA",26.36078594,-80.06850287,United States,Not Juvenile
11395407.0,Sat Feb 24 2018 17:15:59 GMT-0500 (EST),2018-02-24,https://www.inaturalist.org/observations/11395407,https://static.inaturalist.org/photos/16243416/medium.jpg,"Vero Beach, FL  32963, Vero Beach, FL, US",27.67631333,-80.36208333,United States,Not Juvenile
11449383.0,2018-02-28 00:00:00,2018-02-28,https://www.inaturalist.org/observations/11449383,https://inaturalist-open-data.s3.amazonaws.com/photos/16333572/medium.jpeg,"1550 N Atlantic Ave, Cocoa Beach, FL 32931, USA",28.3386116,-80.60722351,United States,Not Juvenile
11695472.0,Fri Apr 06 2018 19:49:26 GMT-0400 (AST),2018-04-06,https://www.inaturalist.org/observations/11695472,https://static.inaturalist.org/photos/16717328/medium.jpg,"233‚Äì299 Young Ave, Cocoa Beach, FL, US",28.36924398,-80.60149746,United States,Not Juvenile
12514116.0,Wed May 16 2018 10:01:41 GMT-0400 (EDT),2018-05-16,https://www.inaturalist.org/observations/12514116,https://static.inaturalist.org/photos/18067775/medium.jpg,"Duval County, US-FL, US",30.292855,-81.389045,United States,Not Juvenile
13256172.0,Fri Jun 08 2018 14:09:41 GMT-0400 (EDT),2018-06-08,https://www.inaturalist.org/observations/13256172,https://static.inaturalist.org/photos/19399727/medium.jpg,"369 Ocean Blvd W, , NC, US",33.91102637,-78.29070624,United States,Not Juvenile
13363711.0,2018-06-12 9:10:57 AM EDT,2018-06-12,https://www.inaturalist.org/observations/13363711,https://inaturalist-open-data.s3.amazonaws.com/photos/19590720/medium.jpeg,"23002 Cross of Honor Way, Kinnakeet, NC 27959, USA",35.60671616,-75.46791077,United States,Not Juvenile
13565977.0,Mon Jun 18 2018 19:15:36 GMT-0400 (EDT),2018-06-18,https://www.inaturalist.org/observations/13565977,https://static.inaturalist.org/photos/19948243/medium.jpg,"Atlantic Ocean, Melbourne Beach, FL, US",28.05994398,-80.55191195,United States,Not Juvenile
14983254.0,Sun Apr 01 2018 14:49:47 GMT-0400 (EDT),2018-04-01,https://www.inaturalist.org/observations/14983254,https://inaturalist-open-data.s3.amazonaws.com/photos/22350279/medium.jpg,"1 S County Rd, Palm Beach, FL, US",26.71516251,-80.03302519,United States,Not Juvenile
15210056.0,Mon Feb 26 2018 06:44:37 GMT-0800 (PST),2018-02-26,https://www.inaturalist.org/observations/15210056,https://static.inaturalist.org/photos/22753727/medium.jpg,"1611 Atlantic St, Melbourne Beach, FL, US",28.06160283,-80.55313833,United States,Not Juvenile
16014146.0,Fri Feb 23 2018 12:24:42 GMT-0500 (EST),2018-02-23,https://www.inaturalist.org/observations/16014146,https://inaturalist-open-data.s3.amazonaws.com/photos/23985210/medium.jpg,"3000 S Ocean Ave, Riviera Beach, FL, US",26.786645,-80.0331805,United States,Not Juvenile
16067126.0,Sat Feb 24 2018 15:19:39 GMT-0500 (EST),2018-02-24,https://www.inaturalist.org/observations/16067126,https://inaturalist-open-data.s3.amazonaws.com/photos/24059445/medium.jpg,"1 S County Rd, Palm Beach, FL, US",26.71465,-80.03304167,United States,Not Juvenile
16407665.0,Sat Feb 10 2018 16:59:33 GMT-0500 (EST),2018-02-10,https://www.inaturalist.org/observations/16407665,https://inaturalist-open-data.s3.amazonaws.com/photos/24681589/medium.jpg,"Straits of Florida, Jupiter, FL, US",26.96180211,-80.07744765,United States,Not Juvenile
16912782.0,Tue Sep 25 2018 16:36:08 GMT-0400 (EDT),2018-09-25,https://www.inaturalist.org/observations/16912782,https://static.inaturalist.org/photos/25552593/medium.jpg,"128 Ocean Bay Blvd, Duck, NC, US",36.20490121,-75.76042905,United States,Not Juvenile
17529249.0,2018-10-14 00:00:00,2018-10-14,https://www.inaturalist.org/observations/17529249,https://inaturalist-open-data.s3.amazonaws.com/photos/26680920/medium.jpg,the jetty fort pierce,27.46937,-80.291389,United States,Not Juvenile
18015047.0,2018-11-01 10:51:39 AM EDT,2018-11-01,https://www.inaturalist.org/observations/18015047,https://static.inaturalist.org/photos/27541204/medium.jpeg,"16701 SW 72nd Ave, Palmetto Bay, FL 33157, USA",25.6152216,-80.30527286,United States,Not Juvenile
18142658.0,2018-11-04 7:29:57 PM EST,2018-11-04,https://www.inaturalist.org/observations/18142658,https://inaturalist-open-data.s3.amazonaws.com/photos/27733376/medium.jpeg,"3395 Florida A1A, Fort Pierce, FL 34949, USA",27.49836159,-80.29949951,United States,Not Juvenile
18143517.0,2018-11-05 4:44:31 PM EST,2018-11-05,https://www.inaturalist.org/observations/18143517,https://static.inaturalist.org/photos/27734757/medium.jpeg,"Deering Estate, 16701 SW 72nd Ave, Miami, FL 33157, USA",25.6156689,-80.30655739,United States,Juvenile
18260985.0,Thu Feb 15 2018 14:39:01 GMT-0500 (EST),2018-02-15,https://www.inaturalist.org/observations/18260985,https://static.inaturalist.org/photos/27895738/medium.jpg,"1000 Briny Ave, , FL, US",26.22515833,-80.08906667000001,United States,Not Juvenile
18357072.0,2018-11-12 1:53:08 PM EST,2018-11-12,https://www.inaturalist.org/observations/18357072,https://static.inaturalist.org/photos/28055680/medium.jpeg,"Klondike Beach Trail, Florida, USA",28.70559044,-80.66826089999999,United States,Not Juvenile
18412155.0,Fri Nov 09 2018 17:05:41 GMT-0500 (EST),2018-11-09,https://www.inaturalist.org/observations/18412155,https://inaturalist-open-data.s3.amazonaws.com/photos/28144671/medium.jpg,"Coast Guard - Group Cape Hatteras, Rodanthe, NC, US",35.425050000000006,-75.48459667,United States,Not Juvenile
18412233.0,Fri Nov 09 2018 17:05:51 GMT-0500 (EST),2018-11-09,https://www.inaturalist.org/observations/18412233,https://inaturalist-open-data.s3.amazonaws.com/photos/28144906/medium.jpg,"Coast Guard - Group Cape Hatteras, Rodanthe, NC, US",35.42495,-75.48464167,United States,Not Juvenile
18476401.0,Sun Nov 18 2018 12:43:51 GMT-0500 (EST),2018-11-18,https://www.inaturalist.org/observations/18476401,https://static.inaturalist.org/photos/28254668/medium.jpg,"Canaveral National Seashore, Cape Canaveral, FL, US",28.65749736,-80.63289598,United States,Not Juvenile
18499322.0,Sun Nov 18 2018 13:00:33 GMT-0500 (EST),2018-11-18,https://www.inaturalist.org/observations/18499322,https://static.inaturalist.org/photos/28293830/medium.jpg,"Canaveral National Seashore, Brevard County, US-FL, US",28.6573726,-80.63293688,United States,Not Juvenile
18509614.0,Mon Nov 19 2018 12:27:09 GMT-0500 (EST),2018-11-19,https://www.inaturalist.org/observations/18509614,https://inaturalist-open-data.s3.amazonaws.com/photos/28311173/medium.jpg,"Brevard, , FL, US",28.009874999999997,-80.52909167,United States,Not Juvenile
18511769.0,2018-11-19 4:03:03 PM EST,2018-11-19,https://www.inaturalist.org/observations/18511769,https://static.inaturalist.org/photos/28314733/medium.jpeg,"591 S Atlantic Ave, Ormond Beach, FL 32176, USA",29.27722931,-81.03186798,United States,Not Juvenile
18525332.0,2018/06/23 7:40 PM EDT,2018-06-23,https://www.inaturalist.org/observations/18525332,https://inaturalist-open-data.s3.amazonaws.com/photos/28337797/medium.jpeg,"Sussex County, DE, USA",38.78548983,-75.08670815,United States,Juvenile
18550440.0,Mon Nov 19 2018 09:52:18 GMT-0500 (EST),2018-11-19,https://www.inaturalist.org/observations/18550440,https://static.inaturalist.org/photos/28380215/medium.jpg,"56200 Overseas Hwy, , FL, US",24.740305,-80.98085,United States,Not Juvenile
18574455.0,2018-02-03 14:30:20,2018-02-03,https://www.inaturalist.org/observations/18574455,https://inaturalist-open-data.s3.amazonaws.com/photos/28420750/medium.jpg,"Atlantic Dunes Park, FL, USA",26.442366999999997,-80.06015099999999,United States,Not Juvenile
18732923.0,2018-11-30 7:58:30 AM EST,2018-11-30,https://www.inaturalist.org/observations/18732923,https://static.inaturalist.org/photos/28700094/medium.jpg,"4030 N Ocean Blvd, Boca Raton, FL 33431, USA",26.38666534,-80.06641388,United States,Not Juvenile
18742959.0,2018/11/30 8:12 AM PST,2018-11-30,https://www.inaturalist.org/observations/18742959,https://static.inaturalist.org/photos/28700057/medium.jpg,"Highland Beach, FL 33487, USA",26.39147,-80.06787539,United States,Not Juvenile
18744017.0,2018/11/30 9:33 AM PST,2018-11-30,https://www.inaturalist.org/observations/18744017,https://static.inaturalist.org/photos/28702000/medium.jpg,"Florida, USA",26.391095,-80.06611167,United States,Not Juvenile
18778123.0,Sat Dec 01 2018 10:00:22 GMT-0500 (EST),2018-12-01,https://www.inaturalist.org/observations/18778123,https://inaturalist-open-data.s3.amazonaws.com/photos/28759598/medium.jpg,"Straits of Florida, , FL, US",25.79221882,-80.12605108,United States,Not Juvenile
18898016.0,Wed Feb 14 2018 17:15:42 GMT+0100 (GMT+1),2018-02-14,https://www.inaturalist.org/observations/18898016,https://static.inaturalist.org/photos/28961702/medium.jpg,"Straits of Florida, , FL, US",25.77612116,-80.12890477,United States,Not Juvenile
18901399.0,2018-12-08 2:44:02 PM EST,2018-12-08,https://www.inaturalist.org/observations/18901399,https://inaturalist-open-data.s3.amazonaws.com/photos/28968567/medium.jpeg,"575 S Beach Rd, Hobe Sound, FL 33455, USA",26.97786589,-80.08225059,United States,Not Juvenile
18921408.0,Thu May 10 2018 07:41:24 GMT-0400 (EDT),2018-05-10,https://www.inaturalist.org/observations/18921408,https://static.inaturalist.org/photos/29002764/medium.jpg,"6727 Turtlemound Rd, New Smyrna Beach, FL, US",28.948950000000004,-80.83792167,United States,Juvenile
19018610.0,Fri Dec 14 2018 15:01:51 GMT-0500 (EST),2018-12-14,https://www.inaturalist.org/observations/19018610,https://static.inaturalist.org/photos/29166333/medium.jpg,"165 S Ocean Ave, Palm Beach Shores, FL, US",26.78085205,-80.03382842,United States,Juvenile
19030563.0,Fri Dec 14 2018 16:53:48 GMT-0500 (EST),2018-12-14,https://www.inaturalist.org/observations/19030563,https://inaturalist-open-data.s3.amazonaws.com/photos/29186801/medium.jpg,"Straits of Florida, Riviera Beach, FL, US",26.792171099999997,-80.03159854,United States,Not Juvenile
19038019.0,Sat Dec 15 2018 08:24:56 GMT-0500 (EST),2018-12-15,https://www.inaturalist.org/observations/19038019,https://static.inaturalist.org/photos/29200548/medium.jpg,"Curry Hammock State Park, Marathon, FL, US",24.74121167,-80.98000333,United States,Not Juvenile
19047661.0,2018-12-16 9:11:41 AM EST,2018-12-16,https://www.inaturalist.org/observations/19047661,https://static.inaturalist.org/photos/29310999/medium.jpeg,"8535 Atlantic Way, Miami Beach, FL 33141, USA",25.87128295,-80.11951905000001,United States,Not Juvenile
19099518.0,Wed Dec 19 2018 07:30:07 GMT-0500 (EST),2018-12-19,https://www.inaturalist.org/observations/19099518,https://static.inaturalist.org/photos/29310745/medium.jpg,"4112 El Mar Dr, Lauderdale-by-the-Sea, FL, US",26.18469955,-80.09532245,United States,Not Juvenile
19120845.0,2018-12-08 12:21:00,2018-12-08,https://www.inaturalist.org/observations/19120845,https://static.inaturalist.org/photos/29349499/medium.jpg,"Palm Beach County, US-FL, US",26.3714332,-80.07706449999999,United States,Not Juvenile
19215062.0,Tue Dec 25 2018 11:45:23 GMT-0500 (EST),2018-12-25,https://www.inaturalist.org/observations/19215062,https://static.inaturalist.org/photos/29516233/medium.jpg,"860 S Ocean Blvd, Manalapan, FL, US",26.57600002,-80.03805517,United States,Not Juvenile
19254693.0,2018-12-26 5:25:52 PM EST,2018-12-26,https://www.inaturalist.org/observations/19254693,https://inaturalist-open-data.s3.amazonaws.com/photos/29585422/medium.jpeg,"2901 Collins Ave, Miami Beach, FL 33140, USA",25.80416679,-80.12277985,United States,Not Juvenile
19256368.0,Thu Dec 27 2018 17:06:46 GMT-0500 (EST),2018-12-27,https://www.inaturalist.org/observations/19256368,https://inaturalist-open-data.s3.amazonaws.com/photos/29588371/medium.jpg,"1321 S Miramar Ave, Indialantic, FL, US",28.0830368,-80.56203621,United States,Juvenile
19257173.0,Thu Dec 27 2018 12:39:02 GMT-0500 (EST),2018-12-27,https://www.inaturalist.org/observations/19257173,https://inaturalist-open-data.s3.amazonaws.com/photos/29589658/medium.jpg,"15 N Beach Rd, , FL, US",27.0684945,-80.11563883,United States,Not Juvenile
19259421.0,Thu Dec 27 2018 11:16:11 GMT-0500 (EST),2018-12-27,https://www.inaturalist.org/observations/19259421,https://static.inaturalist.org/photos/29594603/medium.jpg,"73501 Overseas Hwy, Islamorada, FL, US",24.84936333,-80.73673833000001,United States,Not Juvenile
19270012.0,Fri Dec 28 2018 10:07:20 GMT-0500 (EST),2018-12-28,https://www.inaturalist.org/observations/19270012,https://static.inaturalist.org/photos/29614147/medium.jpg,"1364‚Äì1638 Ocean Dr, Juno Beach, FL, US",26.887775,-80.05509167,United States,Not Juvenile
19276344.0,Fri Dec 28 2018 16:55:24 GMT-0500 (EST),2018-12-28,https://www.inaturalist.org/observations/19276344,https://inaturalist-open-data.s3.amazonaws.com/photos/29625338/medium.jpg,"4200 El Mar Dr, Lauderdale-by-the-Sea, FL, US",26.18593559,-80.09514517,United States,Not Juvenile
19295178.0,Fri Dec 28 2018 08:58:41 GMT-0600 (CST),2018-12-28,https://www.inaturalist.org/observations/19295178,https://inaturalist-open-data.s3.amazonaws.com/photos/29658931/medium.jpg,"Curry Hammock State Park, Marathon, FL, US",24.74140833,-80.97994167,United States,Juvenile
19312952.0,Sun Dec 30 2018 12:12:05 GMT-0500 (EST),2018-12-30,https://www.inaturalist.org/observations/19312952,https://inaturalist-open-data.s3.amazonaws.com/photos/29690606/medium.jpg,"1173 Hillsboro Mile 3-1, Hillsboro Beach, FL, US",26.29622833,-80.07739167,United States,Not Juvenile
19331575.0,Mon Dec 31 2018 07:00:56 GMT-0500 (EST),2018-12-31,https://www.inaturalist.org/observations/19331575,https://static.inaturalist.org/photos/29723007/medium.jpg,"3020 N Atlantic Blvd, , FL, US",26.16578858,-80.09792403,United States,Not Juvenile
19343980.0,Mon Dec 31 2018 12:15:36 GMT-0500 (EST),2018-12-31,https://www.inaturalist.org/observations/19343980,https://inaturalist-open-data.s3.amazonaws.com/photos/29744429/medium.jpg,"Crandon Park, Key Biscayne, FL, US",25.71561294,-80.14974418,United States,Not Juvenile
19362717.0,Tue Jan 01 2019 15:55:41 GMT-0500 (EST),2019-01-01,https://www.inaturalist.org/observations/19362717,https://inaturalist-open-data.s3.amazonaws.com/photos/29776442/medium.jpg,"599 Ocean Blvd, Golden Beach, FL, US",25.9719,-80.118225,United States,Not Juvenile
19364271.0,Tue Jan 01 2019 14:21:40 GMT-0500 (EST),2019-01-01,https://www.inaturalist.org/observations/19364271,https://static.inaturalist.org/photos/29778928/medium.jpg,"403‚Äì499 Money Island Dr, Atlantic Beach, NC, US",34.69677833,-76.72985833,United States,Juvenile
19364620.0,Tue Jan 01 2019 15:57:17 GMT-0500 (EST),2019-01-01,https://www.inaturalist.org/observations/19364620,https://inaturalist-open-data.s3.amazonaws.com/photos/29779653/medium.jpg,"605 Ocean Blvd, Golden Beach, FL, US",25.97249667,-80.11830283,United States,Not Juvenile
19407162.0,2019/01/03 12:55 PM UTC,2019-01-03,https://www.inaturalist.org/observations/19407162,https://static.inaturalist.org/photos/29848878/medium.jpeg,"9333 S Hwy A1A, Melbourne Beach, FL 32951, USA",27.8796356,-80.4580402,United States,Not Juvenile
19589381.0,Sat Jan 12 2019 09:27:58 GMT-0500 (EST),2019-01-12,https://www.inaturalist.org/observations/19589381,https://inaturalist-open-data.s3.amazonaws.com/photos/30156783/medium.jpg,"Straits of Florida, Riviera Beach, FL, US",26.79012077,-80.03166324,United States,Juvenile
19822261.0,Wed Jan 23 2019 09:52:12 GMT-0500 (EST),2019-01-23,https://www.inaturalist.org/observations/19822261,https://inaturalist-open-data.s3.amazonaws.com/photos/30555599/medium.jpg,"4772‚Äì4776 Collins Ave, Miami Beach, FL, US",25.8228291,-80.12330963000001,United States,Not Juvenile
19824771.0,Wed Jan 23 2019 12:36:45 GMT-0500 (EST),2019-01-23,https://www.inaturalist.org/observations/19824771,https://inaturalist-open-data.s3.amazonaws.com/photos/30559618/medium.jpg,"3400 Rickenbacker Cswy, , FL, US",25.73190198,-80.16205288,United States,Not Juvenile
19824794.0,Wed Jan 23 2019 12:38:01 GMT-0500 (EST),2019-01-23,https://www.inaturalist.org/observations/19824794,https://inaturalist-open-data.s3.amazonaws.com/photos/30559644/medium.jpg,"3400 Rickenbacker Cswy, , FL, US",25.73177055,-80.16198146,United States,Not Juvenile
19843027.0,Thu Jan 24 2019 11:21:21 GMT-0500 (EST),2019-01-24,https://www.inaturalist.org/observations/19843027,https://static.inaturalist.org/photos/30592076/medium.jpg,"3691 Rickenbacker Cswy, Miami, FL, US",25.75147167,-80.14617217,United States,Not Juvenile
19844038.0,Thu Jan 24 2019 12:46:17 GMT-0500 (EST),2019-01-24,https://www.inaturalist.org/observations/19844038,https://static.inaturalist.org/photos/30594217/medium.jpg,"3626‚Äì3876 Rickenbacker Cswy, Key Biscayne, FL, US",25.73951817,-80.16963093,United States,Not Juvenile
19844375.0,Thu Jan 24 2019 12:56:03 GMT-0500 (EST),2019-01-24,https://www.inaturalist.org/observations/19844375,https://static.inaturalist.org/photos/30594496/medium.jpg,"Straits of Florida, , FL, US",25.73425463,-80.14336216,United States,Not Juvenile
19848580.0,Thu Jan 24 2019 14:24:06 GMT-0500 (EST),2019-01-24,https://www.inaturalist.org/observations/19848580,https://static.inaturalist.org/photos/30601323/medium.jpg,"Straits of Florida, North Palm Beach, FL, US",26.82229647,-80.03797765,United States,Not Juvenile
19848587.0,Thu Jan 24 2019 14:26:01 GMT-0500 (EST),2019-01-24,https://www.inaturalist.org/observations/19848587,https://static.inaturalist.org/photos/30601332/medium.jpg,"Straits of Florida, North Palm Beach, FL, US",26.82222606,-80.0380234,United States,Not Juvenile
19862118.0,Fri Jan 25 2019 10:44:14 GMT-0500 (EST),2019-01-25,https://www.inaturalist.org/observations/19862118,https://inaturalist-open-data.s3.amazonaws.com/photos/30625393/medium.jpg,"Vizcaya Museum & Gardens, Miami, FL, US",25.74403356,-80.21035001,United States,Not Juvenile
19875378.0,2019/01/24 9:01 AM EST,2019-01-24,https://www.inaturalist.org/observations/19875378,https://inaturalist-open-data.s3.amazonaws.com/photos/30648229/medium.jpg,"Hutchinson Island, FL, USA",27.277989,-80.206704,United States,Not Juvenile
19890484.0,2019-01-26 4:36:11 PM EST,2019-01-26,https://www.inaturalist.org/observations/19890484,https://inaturalist-open-data.s3.amazonaws.com/photos/30673994/medium.jpeg,"108 Coconut Ln, Islamorada, FL 33036, USA",24.96750069,-80.56222534,United States,Not Juvenile
19904796.0,Sun Jan 27 2019 08:56:58 GMT-0500 (EST),2019-01-27,https://www.inaturalist.org/observations/19904796,https://static.inaturalist.org/photos/30699744/medium.jpg,"166‚Äì278 Lincoln Rd, Miami Beach, FL, US",25.79069693,-80.13045701,United States,Not Juvenile
19908816.0,Sun Jan 27 2019 13:26:09 GMT-0500 (EST),2019-01-27,https://www.inaturalist.org/observations/19908816,https://static.inaturalist.org/photos/30707068/medium.jpg,"Miami-Dade, , FL, US",25.78297208,-80.12778657,United States,Not Juvenile
19922642.0,2019-01-26 00:00:00,2019-01-26,https://www.inaturalist.org/observations/19922642,https://inaturalist-open-data.s3.amazonaws.com/photos/30732114/medium.jpg,Lori Wilson Park,28.330117,-80.607108,United States,Not Juvenile
19969295.0,Fri Jan 25 2019 13:21:24 GMT-0500 (EST),2019-01-25,https://www.inaturalist.org/observations/19969295,https://static.inaturalist.org/photos/30815773/medium.jpg,"79680‚Äì79692 Overseas Hwy, , FL, US",24.89598833,-80.66407000000001,United States,Not Juvenile
19987669.0,2019/01/25 5:31 PM EST,2019-01-25,https://www.inaturalist.org/observations/19987669,https://static.inaturalist.org/photos/30848042/medium.jpeg,"14775 U.S. Highway 1, Juno Beach, FL 33408, USA",26.8930772,-80.0566595,United States,Not Juvenile
20011696.0,Fri Feb 01 2019 11:14:46 GMT-0500 (EST),2019-02-01,https://www.inaturalist.org/observations/20011696,https://static.inaturalist.org/photos/30887535/medium.jpg,"650‚Äì748 S Broadwalk, Hollywood, FL, US",26.00595186,-80.11553776,United States,Not Juvenile
20019786.0,2019-02-01 3:04:19 PM EST,2019-02-01,https://www.inaturalist.org/observations/20019786,https://inaturalist-open-data.s3.amazonaws.com/photos/30902341/medium.jpeg,"Miami-Dade County, US-FL, US",25.66993723,-80.15362401,United States,Not Juvenile
20031906.0,Sat Feb 02 2019 11:23:49 GMT-0500 (EST),2019-02-02,https://www.inaturalist.org/observations/20031906,https://static.inaturalist.org/photos/30924397/medium.jpg,"154 Wilson Ave, Cocoa Beach, FL, US",28.37206641,-80.60428562,United States,Not Juvenile
20032066.0,Sat Feb 02 2019 11:28:24 GMT-0500 (EST),2019-02-02,https://www.inaturalist.org/observations/20032066,https://static.inaturalist.org/photos/30924529/medium.jpg,"121 Monroe Ave, Cape Canaveral, FL, US",28.38783729,-80.60437015000001,United States,Not Juvenile
20033055.0,Sat Feb 02 2019 12:09:40 GMT-0500 (EST),2019-02-02,https://www.inaturalist.org/observations/20033055,https://static.inaturalist.org/photos/30926035/medium.jpg,"Vizcaya Museum & Gardens, Miami, FL, US",25.74347293,-80.21047755000001,United States,Not Juvenile
20052996.0,Sat Feb 02 2019 08:09:36 GMT-0500 (EST),2019-02-02,https://www.inaturalist.org/observations/20052996,https://inaturalist-open-data.s3.amazonaws.com/photos/30961680/medium.jpg,"201‚Äì315 Tyler St, Hollywood, FL, US",26.01341112,-80.11506667,United States,Not Juvenile
20060519.0,Sat Feb 02 2019 10:23:30 GMT-0500 (EST),2019-02-02,https://www.inaturalist.org/observations/20060519,https://static.inaturalist.org/photos/30974486/medium.jpg,"Crandon Park, , FL, US",25.719745,-80.14808617,United States,Not Juvenile
20060868.0,Sun Feb 03 2019 08:56:12 GMT-0500 (EST),2019-02-03,https://www.inaturalist.org/observations/20060868,https://static.inaturalist.org/photos/30975073/medium.jpg,"572‚Äì1120 SE MacArthur Blvd, Stuart, FL, US",27.19308304,-80.16265301,United States,Not Juvenile
20085140.0,Mon Feb 04 2019 16:29:04 GMT-0500 (EST),2019-02-04,https://www.inaturalist.org/observations/20085140,https://static.inaturalist.org/photos/31016609/medium.jpg,"9979‚Äì9999 SE Bridge Rd, , FL, US",27.06674198,-80.11477819,United States,Not Juvenile
20086896.0,Mon Feb 04 2019 13:14:44 GMT-0500 (EST),2019-02-04,https://www.inaturalist.org/observations/20086896,https://static.inaturalist.org/photos/31019841/medium.jpg,"Carlin Park, Jupiter, FL, US",26.93306333,-80.06876383,United States,Not Juvenile
20131953.0,2019-02-05 9:37:59 AM EST,2019-02-05,https://www.inaturalist.org/observations/20131953,https://inaturalist-open-data.s3.amazonaws.com/photos/31047850/medium.jpeg,"7900 Collins Ave, Miami Beach, FL 33141, USA",25.86378584,-80.11898305,United States,Not Juvenile
20145421.0,2019-02-01 12:32:00 PM EST,2019-02-01,https://www.inaturalist.org/observations/20145421,https://static.inaturalist.org/photos/31071875/medium.jpg,"Robin's Birding Trail, Key Biscayne, FL 33149, USA",25.66857689,-80.15819829,United States,Not Juvenile
20185916.0,Wed Feb 06 2019 15:49:25 GMT-0500 (EST),2019-02-06,https://www.inaturalist.org/observations/20185916,https://static.inaturalist.org/photos/31154049/medium.jpg,"Straits of Florida, Palm Beach, FL, US",26.62792833,-80.03654449999999,United States,Not Juvenile
20201334.0,2019-02-08 6:48:08 AM EST,2019-02-08,https://www.inaturalist.org/observations/20201334,https://inaturalist-open-data.s3.amazonaws.com/photos/38075453/medium.jpeg,"Miami-Dade County, US-FL, US",25.87982421,-80.12025397000001,United States,Not Juvenile
20212142.0,2019-02-08 1:32:15 PM EST,2019-02-08,https://www.inaturalist.org/observations/20212142,https://inaturalist-open-data.s3.amazonaws.com/photos/31198693/medium.jpeg,"1247 Florida A1A, Juno Beach, FL 33408, USA",26.88586044,-80.05451965,United States,Not Juvenile
20217691.0,Mon Feb 04 2019 15:26:08 GMT-0700 (MST),2019-02-04,https://www.inaturalist.org/observations/20217691,https://static.inaturalist.org/photos/31208119/medium.jpg,"Atlantic Ocean, , FL, US",28.05486383,-80.55010333,United States,Not Juvenile
20230878.0,Sat Feb 09 2019 11:21:55 GMT-0500 (EST),2019-02-09,https://www.inaturalist.org/observations/20230878,https://static.inaturalist.org/photos/31222250/medium.jpg,"101‚Äì129 S Ocean Blvd, , FL, US",26.45946436,-80.0578601,United States,Not Juvenile
20253787.0,Sun Feb 10 2019 10:31:20 GMT-0500 (EST),2019-02-10,https://www.inaturalist.org/observations/20253787,https://inaturalist-open-data.s3.amazonaws.com/photos/31262464/medium.jpg,"Crandon Park, Key Biscayne, FL, US",25.71428527,-80.15072306,United States,Not Juvenile
20260062.0,Sun Feb 10 2019 14:52:31 GMT-0500 (EST),2019-02-10,https://www.inaturalist.org/observations/20260062,https://static.inaturalist.org/photos/31272524/medium.jpg,"10900 S Ocean Dr, Jensen Beach, FL, US",27.2659711,-80.20105161000001,United States,Not Juvenile
20268541.0,Thu Feb 07 2019 12:10:13 GMT-0500 (EST),2019-02-07,https://www.inaturalist.org/observations/20268541,https://inaturalist-open-data.s3.amazonaws.com/photos/31286543/medium.jpg,"Matheson Hammock Park, Coral Gables, FL, US",25.67967965,-80.25623395,United States,Not Juvenile
20301253.0,Thu Feb 07 2019 13:52:13 GMT-0500 (EST),2019-02-07,https://www.inaturalist.org/observations/20301253,https://inaturalist-open-data.s3.amazonaws.com/photos/31343723/medium.jpg,"John D. MacArthur Beach State Park and Nature Center, North Palm Beach, FL, US",26.82165706,-80.03804932,United States,Not Juvenile
20304493.0,2019-02-12 1:41:25 PM EST,2019-02-12,https://www.inaturalist.org/observations/20304493,https://inaturalist-open-data.s3.amazonaws.com/photos/31349125/medium.jpeg,"415 S Atlantic Ave, Cocoa Beach, FL 32931, USA",28.310715,-80.60783912000001,United States,Not Juvenile
20347232.0,Thu Feb 14 2019 13:30:09 GMT-0500 (EST),2019-02-14,https://www.inaturalist.org/observations/20347232,https://inaturalist-open-data.s3.amazonaws.com/photos/31418228/medium.jpg,"Straits of Florida, Jupiter, FL, US",26.93334072,-80.06873472,United States,Not Juvenile
20355308.0,Fri Feb 08 2019 17:02:36 GMT-0500 (EST),2019-02-08,https://www.inaturalist.org/observations/20355308,https://static.inaturalist.org/photos/31432539/medium.jpg,United States,25.97022667,-80.09857336,United States,Not Juvenile
20368570.0,Fri Feb 15 2019 14:13:11 GMT-0500 (EST),2019-02-15,https://www.inaturalist.org/observations/20368570,https://inaturalist-open-data.s3.amazonaws.com/photos/31453032/medium.jpg,"Straits of Florida, Tequesta, FL, US",26.96251733,-80.07777703000001,United States,Not Juvenile
20374719.0,Sun Feb 10 2019 07:31:28 GMT-0500 (EST),2019-02-10,https://www.inaturalist.org/observations/20374719,https://static.inaturalist.org/photos/31463992/medium.jpg,"Haulover Park Marina, , FL, US",25.92047167,-80.12112499999999,United States,Not Juvenile
20431562.0,2019-02-17 3:47:46 PM EST,2019-02-17,https://www.inaturalist.org/observations/20431562,https://inaturalist-open-data.s3.amazonaws.com/photos/31544188/medium.jpeg,"1400 S Ocean Blvd, Boca Raton, FL 33432, USA",26.36373415,-80.06810892,United States,Not Juvenile
20432444.0,Sun Feb 17 2019 16:05:46 GMT-0500 (EST),2019-02-17,https://www.inaturalist.org/observations/20432444,https://static.inaturalist.org/photos/31545530/medium.jpg,"5100 S Ocean Dr, Fort Pierce, FL, US",27.3654,-80.24617,United States,Not Juvenile
20463491.0,2019/02/15 10:24 AM EST,2019-02-15,https://www.inaturalist.org/observations/20463491,https://inaturalist-open-data.s3.amazonaws.com/photos/31587376/medium.jpg,"Coral Gables, FL, USA",25.68090369,-80.25903442,United States,Not Juvenile
20463495.0,2019/02/15 10:24 AM EST,2019-02-15,https://www.inaturalist.org/observations/20463495,https://inaturalist-open-data.s3.amazonaws.com/photos/31587395/medium.jpg,"Coral Gables, FL, USA",25.68119372,-80.25907664,United States,Not Juvenile
20470771.0,2019-02-18 9:40:27 AM EST,2019-02-18,https://www.inaturalist.org/observations/20470771,https://inaturalist-open-data.s3.amazonaws.com/photos/31599529/medium.jpeg,"9801 N Ocean Dr, Dania Beach, FL 33004, USA",26.08212662,-80.10961914,United States,Not Juvenile
20488425.0,Tue Feb 19 2019 06:52:31 GMT-0500 (EST),2019-02-19,https://www.inaturalist.org/observations/20488425,https://static.inaturalist.org/photos/31619620/medium.jpg,"4140 El Mar Dr, Lauderdale-by-the-Sea, FL, US",26.18518333,-80.09525283,United States,Not Juvenile
20489785.0,Tue Feb 19 2019 11:56:08 GMT-0500 (EST),2019-02-19,https://www.inaturalist.org/observations/20489785,https://inaturalist-open-data.s3.amazonaws.com/photos/31622089/medium.jpg,"1028‚Äì1172 N Fort Lauderdale Beach Blvd, , FL, US",26.14067934,-80.10198396,United States,Uncertain
20495373.0,2019-02-15 10:26:17 AM EST,2019-02-15,https://www.inaturalist.org/observations/20495373,https://inaturalist-open-data.s3.amazonaws.com/photos/31631875/medium.jpeg,"Unnamed Road, Coral Gables, FL 33156, USA",25.68103218,-80.25870737,United States,Not Juvenile
20500112.0,2019-02-19 3:35:50 PM EST,2019-02-19,https://www.inaturalist.org/observations/20500112,https://static.inaturalist.org/photos/31640030/medium.jpeg,"84801 Overseas Hwy, Islamorada, FL 33036, USA",24.94611168,-80.59833527,United States,Not Juvenile
20501096.0,2019/02/19 4:53 PM EST,2019-02-19,https://www.inaturalist.org/observations/20501096,https://inaturalist-open-data.s3.amazonaws.com/photos/31641655/medium.jpeg,"3499 S Atlantic Ave, Cocoa Beach, FL 32931, USA",28.27315533,-80.60583528000001,United States,Not Juvenile
20507871.0,Tue Feb 19 2019 12:18:01 GMT-0500 (EST),2019-02-19,https://www.inaturalist.org/observations/20507871,https://inaturalist-open-data.s3.amazonaws.com/photos/31653607/medium.jpg,"Miami-Dade, , FL, US",25.79010869,-80.12669835,United States,Not Juvenile
20541627.0,Thu Feb 21 2019 17:56:14 GMT-0500 (EST),2019-02-21,https://www.inaturalist.org/observations/20541627,https://static.inaturalist.org/photos/31709877/medium.jpg,"Straits of Florida, , FL, US",25.77881667,-80.12840283,United States,Not Juvenile
20550119.0,2019/02/18 10:02 AM EST,2019-02-18,https://www.inaturalist.org/observations/20550119,https://static.inaturalist.org/photos/31724832/medium.jpg,"North Fort Lauderdale, Fort Lauderdale, FL, USA",26.18888126,-80.0927796,United States,Not Juvenile
20579491.0,Fri Feb 22 2019 10:56:52 GMT-0500 (EST),2019-02-22,https://www.inaturalist.org/observations/20579491,https://inaturalist-open-data.s3.amazonaws.com/photos/31767049/medium.jpg,"900 N Atlantic Ave, Cocoa Beach, FL, US",28.33151153,-80.60973259000001,United States,Not Juvenile
20679332.0,Sat Feb 23 2019 09:52:10 GMT-0500 (EST),2019-02-23,https://www.inaturalist.org/observations/20679332,https://inaturalist-open-data.s3.amazonaws.com/photos/31887236/medium.jpg,"Straits of Florida, Boca Raton, FL, US",26.36065791,-80.06864101000001,United States,Not Juvenile
20691267.0,Sat Feb 23 2019 10:49:43 GMT-0500 (EST),2019-02-23,https://www.inaturalist.org/observations/20691267,https://static.inaturalist.org/photos/31901245/medium.jpg,"1212‚Äì1362 Ocean Dr, Juno Beach, FL, US",26.88578804,-80.05454357,United States,Not Juvenile
20705198.0,2019/02/21 6:14 PM EST,2019-02-21,https://www.inaturalist.org/observations/20705198,https://static.inaturalist.org/photos/31920503/medium.jpg,"South Beach, Miami Beach, FL 33139, USA",25.77093146,-80.13083801,United States,Not Juvenile
20792253.0,Sun Feb 17 2019 11:00:35 GMT-0600 (CST),2019-02-17,https://www.inaturalist.org/observations/20792253,https://inaturalist-open-data.s3.amazonaws.com/photos/32066830/medium.jpg,"Fat Deer Key, Marathon, FL, US",24.72944167,-81.0017,United States,Not Juvenile
20808254.0,Sat Feb 09 2019 13:32:48 GMT-0500 (EST),2019-02-09,https://www.inaturalist.org/observations/20808254,https://static.inaturalist.org/photos/32093035/medium.jpg,"2001 SE Sailfish Point Blvd, Stuart, FL, US",27.18007833,-80.15892783,United States,Not Juvenile
20816654.0,Sun Feb 10 2019 10:40:35 GMT-0500 (EST),2019-02-10,https://www.inaturalist.org/observations/20816654,https://inaturalist-open-data.s3.amazonaws.com/photos/32106903/medium.jpg,"33149, Key Biscayne, FL, US",25.672005,-80.15293883,United States,Not Juvenile
20816862.0,Tue Feb 19 2019 13:08:12 GMT-0500 (EST),2019-02-19,https://www.inaturalist.org/observations/20816862,https://static.inaturalist.org/photos/32107199/medium.jpg,"Crandon Park, , FL, US",25.71676333,-80.147925,United States,Not Juvenile
20868536.0,Tue Feb 26 2019 12:28:30 GMT-0500 (EST),2019-02-26,https://www.inaturalist.org/observations/20868536,https://static.inaturalist.org/photos/32197365/medium.jpg,"3355 S Highway A1A, Melbourne Beach, FL, US",28.02783015,-80.53787076,United States,Not Juvenile
20868544.0,Tue Feb 26 2019 12:32:55 GMT-0500 (EST),2019-02-26,https://www.inaturalist.org/observations/20868544,https://static.inaturalist.org/photos/32197372/medium.jpg,"3295 S Highway A1A, Melbourne Beach, FL, US",28.02893539,-80.53838289000001,United States,Not Juvenile
20899132.0,Sat Mar 02 2019 16:08:41 GMT-0500 (EST),2019-03-02,https://www.inaturalist.org/observations/20899132,https://inaturalist-open-data.s3.amazonaws.com/photos/32250588/medium.jpg,"Hugh Taylor Birch State Park, Fort Lauderdale, FL, US",26.14300833,-80.10285833,United States,Juvenile
20901993.0,2019/02/20 4:23 PM EST,2019-02-20,https://www.inaturalist.org/observations/20901993,https://inaturalist-open-data.s3.amazonaws.com/photos/32254057/medium.jpeg,"Miami-Dade County, FL, USA",25.71760167,-80.14878499999999,United States,Not Juvenile
20901995.0,2019/02/20 4:27 PM EST,2019-02-20,https://www.inaturalist.org/observations/20901995,https://inaturalist-open-data.s3.amazonaws.com/photos/32254066/medium.jpeg,"Miami-Dade County, FL, USA",25.71766167,-80.14883,United States,Not Juvenile
21025841.0,Thu Mar 07 2019 11:49:52 GMT-0500 (EST),2019-03-07,https://www.inaturalist.org/observations/21025841,https://inaturalist-open-data.s3.amazonaws.com/photos/32478051/medium.jpg,"6500 Peanut Island Rd, Riviera Beach, FL, US",26.77283176,-80.04363343,United States,Not Juvenile
21111424.0,Sun Mar 10 2019 08:46:51 GMT-0400 (EDT),2019-03-10,https://www.inaturalist.org/observations/21111424,https://static.inaturalist.org/photos/32628721/medium.jpg,"1111 Ocean Dr, Juno Beach, FL, US",26.883844999999997,-80.05365,United States,Not Juvenile
21115204.0,2019-02-23 11:50:13 AM EST,2019-02-23,https://www.inaturalist.org/observations/21115204,https://static.inaturalist.org/photos/32634954/medium.jpeg,"Indian River County, US-FL, US",27.79780769,-80.41504669,United States,Not Juvenile
21213295.0,Wed Mar 13 2019 16:39:18 GMT-0400 (EDT),2019-03-13,https://www.inaturalist.org/observations/21213295,https://inaturalist-open-data.s3.amazonaws.com/photos/32790277/medium.jpg,"Atlantic Ocean, Cocoa Beach, FL, US",28.33714861,-80.60597347,United States,Not Juvenile
21237457.0,Thu Mar 14 2019 13:53:57 GMT-0400 (EDT),2019-03-14,https://www.inaturalist.org/observations/21237457,https://static.inaturalist.org/photos/32831663/medium.jpg,"Straits of Florida, , FL, US",26.98537167,-80.08500000000001,United States,Not Juvenile
21261194.0,2019-02-01 12:31:40 PM EST,2019-02-01,https://www.inaturalist.org/observations/21261194,https://static.inaturalist.org/photos/32871933/medium.jpeg,"PLAYALINDA Beach Rd, Florida, USA",28.67651558,-80.64650726,United States,Not Juvenile
21406156.0,2019-03-19 4:45:21 p. m. GMT-03:00,2019-03-19,https://www.inaturalist.org/observations/21406156,https://static.inaturalist.org/photos/33115691/medium.jpeg,"Unnamed Road, Miami Beach, FL 33139, EE. UU.",25.76515549,-80.13041027,United States,Not Juvenile
21553631.0,Sun Mar 10 2019 09:37:59 GMT-0400 (EDT),2019-03-10,https://www.inaturalist.org/observations/21553631,https://static.inaturalist.org/photos/33359148/medium.jpg,"3060 N Atlantic Ave, Cocoa Beach, FL, US",28.34558667,-80.60755833,United States,Not Juvenile
21754910.0,Fri Mar 29 2019 18:39:09 GMT-0400 (EDT),2019-03-29,https://www.inaturalist.org/observations/21754910,https://static.inaturalist.org/photos/33693068/medium.jpg,"Atlantic Ocean, Cocoa Beach, FL, US",28.32658862,-80.60683553,United States,Not Juvenile
21806612.0,2019-03-30 1:27:40 PM EDT,2019-03-30,https://www.inaturalist.org/observations/21806612,https://inaturalist-open-data.s3.amazonaws.com/photos/33779440/medium.jpeg,"2711 Miami Beach Dr, Miami Beach, FL 33140, USA",25.80296135,-80.12469482,United States,Not Juvenile
21809960.0,Sat Mar 30 2019 22:04:34 GMT-0400 (EDT),2019-03-30,https://www.inaturalist.org/observations/21809960,https://static.inaturalist.org/photos/33785111/medium.jpg,"3400 Ocean Beach Blvd, Cocoa Beach, FL, US",28.35065371,-80.6044397,United States,Not Juvenile
21996207.0,Thu Apr 04 2019 17:40:41 GMT-0400 (EDT),2019-04-04,https://www.inaturalist.org/observations/21996207,https://static.inaturalist.org/photos/34094570/medium.jpg,"100 N Ocean Blvd, Lantana, FL, US",26.58399365,-80.03772091,United States,Not Juvenile
22003145.0,Thu Apr 04 2019 19:41:35 GMT-0400 (EDT),2019-04-04,https://www.inaturalist.org/observations/22003145,https://static.inaturalist.org/photos/34106168/medium.jpg,"750 Ocean Dr, Key Biscayne, FL, US",25.68731664,-80.15644259999999,United States,Not Juvenile
22311101.0,2019/03/29 5:37 PM UTC,2019-03-29,https://www.inaturalist.org/observations/22311101,https://inaturalist-open-data.s3.amazonaws.com/photos/34553293/medium.jpeg,"Palm Beach County, US-FL, US",26.54152178,-80.04385761,United States,Not Juvenile
22434463.0,Sat Apr 13 2019 17:25:27 GMT-0400 (EDT),2019-04-13,https://www.inaturalist.org/observations/22434463,https://static.inaturalist.org/photos/34748217/medium.jpg,"4705 S Ocean Blvd, Highland Beach, FL, US",26.392305,-80.06573617000001,United States,Not Juvenile
22758797.0,Sat Apr 20 2019 11:40:59 GMT-0400 (EDT),2019-04-20,https://www.inaturalist.org/observations/22758797,https://static.inaturalist.org/photos/35269714/medium.jpg,"Cape Hatteras National Seashore, Rodanthe, NC, US",35.407734930000004,-75.48581059,United States,Not Juvenile
23714546.0,Fri Dec 28 2018 13:57:16 GMT-0500 (EST),2018-12-28,https://www.inaturalist.org/observations/23714546,https://inaturalist-open-data.s3.amazonaws.com/photos/36700219/medium.jpg,"1701‚Äì1767 Washington Ave, Miami Beach, FL, US",25.79307229,-80.13192945,United States,Not Juvenile
24854622.0,Sat Mar 16 2019 16:13:03 GMT-0400 (EDT),2019-03-16,https://www.inaturalist.org/observations/24854622,https://inaturalist-open-data.s3.amazonaws.com/photos/38442235/medium.jpg,"Fort Clinch State Park, Fernandina Beach, FL, US",30.68011715,-81.43297651,United States,Not Juvenile
24859807.0,2019-05-09 11:12:43 AM EDT,2019-05-09,https://www.inaturalist.org/observations/24859807,https://static.inaturalist.org/photos/38450496/medium.jpg,"Apache Pier, Myrtle Beach, SC 29572, USA",33.76305771,-78.78212738,United States,Not Juvenile
24987538.0,Sun May 12 2019 06:31:09 GMT-0400 (EDT),2019-05-12,https://www.inaturalist.org/observations/24987538,https://inaturalist-open-data.s3.amazonaws.com/photos/38661660/medium.jpg,"Straits of Florida, Lauderdale-by-the-Sea, FL, US",26.19478746,-80.09404302,United States,Not Juvenile
25257147.0,Fri May 17 2019 08:21:37 GMT-0400 (EDT),2019-05-17,https://www.inaturalist.org/observations/25257147,https://inaturalist-open-data.s3.amazonaws.com/photos/39101820/medium.jpg,"8555 Highway A1A, Vero Beach, FL, US",27.75181953,-80.38975324,United States,Not Juvenile
25340774.0,Sat May 11 2019 09:08:16 GMT-0400 (EDT),2019-05-11,https://www.inaturalist.org/observations/25340774,https://static.inaturalist.org/photos/39235761/medium.jpg,"Straits of Florida, Palm Beach, FL, US",26.616795,-80.0364,United States,Not Juvenile
25392224.0,Sun May 19 2019 09:47:33 GMT-0400 (EDT),2019-05-19,https://www.inaturalist.org/observations/25392224,https://static.inaturalist.org/photos/39321172/medium.jpg,"Sapelo Island, Sapelo Island, GA, US",31.47621767,-81.20411676,United States,Not Juvenile
25566904.0,2019-05-21 6:39:24 AM EDT,2019-05-21,https://www.inaturalist.org/observations/25566904,https://static.inaturalist.org/photos/39616811/medium.jpeg,"2725576, Melbourne, FL 32903, United States",28.124298099999997,-80.57575226,United States,Not Juvenile
25595918.0,Wed May 22 2019 20:03:46 GMT-0400 (EDT),2019-05-22,https://www.inaturalist.org/observations/25595918,https://static.inaturalist.org/photos/39663204/medium.jpg,"1141 Ponte Vedra Blvd, , FL, US",30.1562555,-81.35395000000001,United States,Not Juvenile
25640262.0,Thu May 23 2019 17:15:17 GMT-0400 (EDT),2019-05-23,https://www.inaturalist.org/observations/25640262,https://static.inaturalist.org/photos/39735890/medium.jpg,"Atlantic Ocean, , FL, US",30.60102,-81.44136167,United States,Not Juvenile
26210299.0,Sat Feb 24 2018 06:54:16 GMT-0500 (EST),2018-02-24,https://www.inaturalist.org/observations/26210299,https://static.inaturalist.org/photos/40678942/medium.jpg,"3200 N Ocean Blvd, Fort Lauderdale, FL, US",26.16823833,-80.09835000000001,United States,Not Juvenile
26754105.0,Mon Jun 10 2019 08:11:21 GMT-0400 (EDT),2019-06-10,https://www.inaturalist.org/observations/26754105,https://inaturalist-open-data.s3.amazonaws.com/photos/41560854/medium.jpg,"Atlantic Ocean, Johns Island, SC, US",32.56025333,-80.16442217,United States,Not Juvenile
26965220.0,2019/06/05 11:44 AM PDT,2019-06-05,https://www.inaturalist.org/observations/26965220,https://inaturalist-open-data.s3.amazonaws.com/photos/41906849/medium.jpg,"South Beach, Hilton Head Island, SC 29928, USA",32.116419810000004,-80.82773091,United States,Not Juvenile
27335682.0,2019-04-03 3:27:29 PM EDT,2019-04-03,https://www.inaturalist.org/observations/27335682,https://static.inaturalist.org/photos/42519968/medium.jpeg,"New Smyrna Beach, FL 32169, USA",29.00131416,-80.87242126,United States,Not Juvenile
27600323.0,2019/06/17 10:09 PM EDT,2019-06-17,https://www.inaturalist.org/observations/27600323,https://inaturalist-open-data.s3.amazonaws.com/photos/42961449/medium.jpg,"McIntosh County, GA, USA",31.3956774,-81.26105915000001,United States,Not Juvenile
28316375.0,Fri May 24 2019 16:55:31 GMT-0400 (EDT),2019-05-24,https://www.inaturalist.org/observations/28316375,https://static.inaturalist.org/photos/44130109/medium.jpg,"Anastasia Island, Saint Augustine, FL, US",29.86431167,-81.26637167,United States,Not Juvenile
28695097.0,Fri Jul 12 2019 17:26:37 GMT-0400 (EDT),2019-07-12,https://www.inaturalist.org/observations/28695097,https://static.inaturalist.org/photos/44747641/medium.jpg,"2305 W Fort Macon Rd, Atlantic Beach, NC, US",34.69756644,-76.77417554,United States,Not Juvenile
30789751.0,Sat Jan 05 2019 10:02:42 GMT-0500 (EST),2019-01-05,https://www.inaturalist.org/observations/30789751,https://inaturalist-open-data.s3.amazonaws.com/photos/48124026/medium.jpg,"Miami Beach, FL, US",25.79347167,-80.12604449999999,United States,Not Juvenile
32985278.0,Tue Jan 01 2019 14:06:13 GMT-0500 (EST),2019-01-01,https://www.inaturalist.org/observations/32985278,https://static.inaturalist.org/photos/51771637/medium.jpg,"Fort Macon State Park, Atlantic Beach, NC, US",34.69447581,-76.68432872,United States,Not Juvenile
33512445.0,Sun Feb 04 2018 09:58:09 GMT-0600 (CST),2018-02-04,https://www.inaturalist.org/observations/33512445,https://static.inaturalist.org/photos/52639645/medium.jpg,"Straits of Florida, FL, US",26.31092758,-80.07553467,United States,Not Juvenile
33554668.0,2018/01/19 4:13 PM EST,2018-01-19,https://www.inaturalist.org/observations/33554668,https://inaturalist-open-data.s3.amazonaws.com/photos/52706819/medium.jpeg,"Melbourne Beach, FL, USA",28.07175961,-80.55542568,United States,Not Juvenile
33554677.0,2018/01/19 4:16 PM EST,2018-01-19,https://www.inaturalist.org/observations/33554677,https://inaturalist-open-data.s3.amazonaws.com/photos/52706919/medium.jpeg,"Melbourne Beach, FL, USA",28.07107748,-80.55509089,United States,Not Juvenile
33680819.0,Fri Feb 01 2019 10:01:38 GMT-0500 (EST),2019-02-01,https://www.inaturalist.org/observations/33680819,https://static.inaturalist.org/photos/52924687/medium.jpg,"Hutchinson Island, Stuart, FL, US",27.204995,-80.16835,United States,Not Juvenile
33987247.0,2019/10/06 4:44 PM EDT,2019-10-06,https://www.inaturalist.org/observations/33987247,https://inaturalist-open-data.s3.amazonaws.com/photos/53438073/medium.jpg,OBX rental,35.607364170000004,-75.46448136000001,United States,Not Juvenile
34330967.0,Sun Oct 13 2019 18:28:17 GMT-0400 (EDT),2019-10-13,https://www.inaturalist.org/observations/34330967,https://inaturalist-open-data.s3.amazonaws.com/photos/54077416/medium.jpg,"Atlantic Ocean, NC, US",35.22731005,-75.62308779,United States,Not Juvenile
34763016.0,2019/05/24 8:38 AM EDT,2019-05-24,https://www.inaturalist.org/observations/34763016,https://inaturalist-open-data.s3.amazonaws.com/photos/54750419/medium.jpeg,"Glynn, Georgia, United States",31.247280000000003,-81.27828167,United States,Not Juvenile
34763021.0,2019/05/24 9:59 AM EDT,2019-05-24,https://www.inaturalist.org/observations/34763021,https://inaturalist-open-data.s3.amazonaws.com/photos/54750550/medium.jpeg,"Glynn, Georgia, United States",31.29377833,-81.27730667,United States,Not Juvenile
35290252.0,2019-11-04 10:39:59 AM EST,2019-11-04,https://www.inaturalist.org/observations/35290252,https://inaturalist-open-data.s3.amazonaws.com/photos/55632455/medium.jpeg,"A1a & Bosarvey Dr Ib, Ormond Beach, FL 32176, USA",29.28969383,-81.03813171,United States,Not Juvenile
35380745.0,Wed Nov 06 2019 14:05:26 GMT-0500 (EST),2019-11-06,https://www.inaturalist.org/observations/35380745,https://inaturalist-open-data.s3.amazonaws.com/photos/55795005/medium.jpg,"San Pablo Island, Saint Augustine, FL, US",29.91736395,-81.29017707,United States,Not Juvenile
35414743.0,Thu Nov 07 2019 11:29:34 GMT-0500 (EST),2019-11-07,https://www.inaturalist.org/observations/35414743,https://inaturalist-open-data.s3.amazonaws.com/photos/55869909/medium.jpg,"Cape Hatteras National Seashore, Rodanthe, NC, US",35.47455533,-75.48295882000001,United States,Not Juvenile
35567718.0,Mon Nov 11 2019 08:06:20 GMT-0500 (EST),2019-11-11,https://www.inaturalist.org/observations/35567718,https://static.inaturalist.org/photos/56096969/medium.jpg,"Atlantic Ocean, Melbourne Beach, FL, US",28.06884222,-80.55624782,United States,Not Juvenile
35672040.0,Thu Nov 14 2019 10:01:13 GMT-0500 (EST),2019-11-14,https://www.inaturalist.org/observations/35672040,https://static.inaturalist.org/photos/56276242/medium.jpg,"Amelia Island, Fernandina Beach, FL, US",30.59247328,-81.44272549,United States,Not Juvenile
35887822.0,Sun Nov 17 2019 11:45:10 GMT-0500 (EST),2019-11-17,https://www.inaturalist.org/observations/35887822,https://inaturalist-open-data.s3.amazonaws.com/photos/56649063/medium.jpg,"Rickenbacker Cswy, FL, US",25.73167149,-80.16208687,United States,Not Juvenile
35961210.0,Fri Nov 15 2019 13:33:59 GMT-0500 (EST),2019-11-15,https://www.inaturalist.org/observations/35961210,https://static.inaturalist.org/photos/56777217/medium.jpg,"Atlantic Ocean, FL, US",30.02001171,-81.32171831000001,United States,Not Juvenile
36168734.0,2019-11-28 1:54:42 PM EST,2019-11-28,https://www.inaturalist.org/observations/36168734,https://inaturalist-open-data.s3.amazonaws.com/photos/57140663/medium.jpeg,"South Beach, Miami Beach, FL 33139, USA",25.76692772,-80.13197327,United States,Not Juvenile
36168931.0,2019-11-28 1:51:01 PM EST,2019-11-28,https://www.inaturalist.org/observations/36168931,https://inaturalist-open-data.s3.amazonaws.com/photos/57140970/medium.jpeg,"South Beach, Miami Beach, FL 33139, USA",25.76674843,-80.13181305,United States,Not Juvenile
36190179.0,2019-11-29 00:00:00,2019-11-29,https://www.inaturalist.org/observations/36190179,https://inaturalist-open-data.s3.amazonaws.com/photos/57176825/medium.jpeg,Key Biscayne,25.71671774,-80.14929193,United States,Not Juvenile
36190488.0,2019-11-29 00:00:00,2019-11-29,https://www.inaturalist.org/observations/36190488,https://inaturalist-open-data.s3.amazonaws.com/photos/57177165/medium.jpeg,Key Biscayne,25.7177783,-80.14885683,United States,Not Juvenile
36198672.0,Fri Nov 29 2019 16:54:34 GMT-0500 (EST),2019-11-29,https://www.inaturalist.org/observations/36198672,https://inaturalist-open-data.s3.amazonaws.com/photos/57192044/medium.jpg,"Straits of Florida, Boca Raton, FL, US",26.328775,-80.07283707,United States,Not Juvenile
36242148.0,Sat Nov 30 2019 10:46:14 GMT-0600 (CST),2019-11-30,https://www.inaturalist.org/observations/36242148,https://inaturalist-open-data.s3.amazonaws.com/photos/57266190/medium.jpg,"Straits of Florida, FL, US",26.465575,-80.0567555,United States,Not Juvenile
36274484.0,2019/02/02 12:30 PM MST,2019-02-02,https://www.inaturalist.org/observations/36274484,https://inaturalist-open-data.s3.amazonaws.com/photos/57321933/medium.jpg,"Palm Beach, FL, USA",26.61288889,-80.03665833000001,United States,Not Juvenile
36318651.0,Sat Nov 30 2019 11:49:19 GMT-0500 (EST),2019-11-30,https://www.inaturalist.org/observations/36318651,https://inaturalist-open-data.s3.amazonaws.com/photos/57397551/medium.jpg,"FL, US",26.10246667,-80.10448333000001,United States,Not Juvenile
36332690.0,Sat Nov 30 2019 11:31:42 GMT-0500 (EST),2019-11-30,https://www.inaturalist.org/observations/36332690,https://inaturalist-open-data.s3.amazonaws.com/photos/57421133/medium.jpg,"N Fort Lauderdale Beach Blvd, Fort Lauderdale, FL, US",26.12682496,-80.10316806,United States,Not Juvenile
36364949.0,Sat Nov 30 2019 09:51:11 GMT-0600 (CST),2019-11-30,https://www.inaturalist.org/observations/36364949,https://static.inaturalist.org/photos/57475957/medium.jpg,"–ú–∞–π–∞–º–∏-–ë–∏—á, FL, US",25.85773333,-80.11887217,United States,Not Juvenile
36404835.0,Sun Dec 01 2019 08:26:43 GMT-0500 (EST),2019-12-01,https://www.inaturalist.org/observations/36404835,https://static.inaturalist.org/photos/57543269/medium.jpg,"Broward County, US-FL, US",26.09015147,-80.10916421,United States,Not Juvenile
36464807.0,Sun Dec 08 2019 07:02:50 GMT-0500 (EST),2019-12-08,https://www.inaturalist.org/observations/36464807,https://static.inaturalist.org/photos/57644021/medium.jpg,"FL, US",25.78632165,-80.12732435,United States,Juvenile
36464828.0,Sun Dec 08 2019 07:01:32 GMT-0500 (EST),2019-12-08,https://www.inaturalist.org/observations/36464828,https://static.inaturalist.org/photos/57644080/medium.jpg,"FL, US",25.78663748,-80.12728053000001,United States,Not Juvenile
36474823.0,2019-12-08 2:33:39 PM EST,2019-12-08,https://www.inaturalist.org/observations/36474823,https://static.inaturalist.org/photos/57661782/medium.jpeg,"Lantana, FL, USA",26.58546638,-80.03786469,United States,Not Juvenile
36476635.0,2019-12-08 3:27:54 PM EST,2019-12-08,https://www.inaturalist.org/observations/36476635,https://static.inaturalist.org/photos/57664783/medium.jpeg,"South Palm Beach, FL, USA",26.58692169,-80.03749847,United States,Not Juvenile
36499552.0,Sun Dec 08 2019 14:48:37 GMT-0500 (EST),2019-12-08,https://www.inaturalist.org/observations/36499552,https://inaturalist-open-data.s3.amazonaws.com/photos/57704937/medium.jpg,"Virginia Beach County Park, Miami, FL, US",25.73728667,-80.15248883,United States,Not Juvenile
36533567.0,Tue Dec 10 2019 11:44:50 GMT-0500 (EST),2019-12-10,https://www.inaturalist.org/observations/36533567,https://inaturalist-open-data.s3.amazonaws.com/photos/57763279/medium.jpg,"Fat Deer Key, Key Colony Beach, FL, US",24.71664667,-81.02413883,United States,Not Juvenile
36562183.0,Wed Dec 11 2019 11:47:40 GMT-0500 (EST),2019-12-11,https://www.inaturalist.org/observations/36562183,https://inaturalist-open-data.s3.amazonaws.com/photos/57810735/medium.jpg,"Fat Deer Key, Key Colony Beach, FL, US",24.71660833,-81.02416117,United States,Not Juvenile
36563078.0,2019-12-11 11:15:53 AM EST,2019-12-11,https://www.inaturalist.org/observations/36563078,https://inaturalist-open-data.s3.amazonaws.com/photos/57812295/medium.jpeg,"North Key Largo, FL 33037, USA",25.33098984,-80.25772095,United States,Not Juvenile
36631332.0,2019-12-13 12:41:14 PM EST,2019-12-13,https://www.inaturalist.org/observations/36631332,https://inaturalist-open-data.s3.amazonaws.com/photos/57928784/medium.jpeg,"Miami Beach, FL 33140, USA",25.81259537,-80.12120056,United States,Not Juvenile
36649774.0,2019/11/05 2:14 PM EST,2019-11-05,https://www.inaturalist.org/observations/36649774,https://inaturalist-open-data.s3.amazonaws.com/photos/57961663/medium.jpg,"Cape Point, Hatteras,Dare County, NC, USA",35.23109139,-75.54252982,United States,Not Juvenile
36652045.0,2019/11/07 1:42 PM EST,2019-11-07,https://www.inaturalist.org/observations/36652045,https://inaturalist-open-data.s3.amazonaws.com/photos/57965434/medium.jpg,"Pea Island NWR.Dare County, NC, USA",35.71578417,-75.49637336,United States,Not Juvenile
36709259.0,2019-12-16 2:29:53 PM EST,2019-12-16,https://www.inaturalist.org/observations/36709259,https://inaturalist-open-data.s3.amazonaws.com/photos/58068915/medium.jpeg,"Jupiter, FL 33477, USA",26.89644241,-80.05760193,United States,Juvenile
36711519.0,2019-12-16 3:10:47 PM EST,2019-12-16,https://www.inaturalist.org/observations/36711519,https://inaturalist-open-data.s3.amazonaws.com/photos/58073278/medium.jpeg,"Juno Beach, FL 33408, USA",26.89237022,-80.05661774000001,United States,Not Juvenile
36733959.0,Tue Dec 17 2019 14:23:23 GMT-0500 (EST),2019-12-17,https://www.inaturalist.org/observations/36733959,https://inaturalist-open-data.s3.amazonaws.com/photos/58114314/medium.jpg,"Straits of Florida, FL, US",26.4617013,-80.05741714,United States,Not Juvenile
36738387.0,Tue Dec 17 2019 15:30:06 GMT-0500 (EST),2019-12-17,https://www.inaturalist.org/observations/36738387,https://inaturalist-open-data.s3.amazonaws.com/photos/58122159/medium.jpg,"Miami-Dade County, US-FL, US",25.83686009,-80.11939955,United States,Uncertain
36801863.0,Fri Dec 20 2019 11:45:20 GMT-0500 (EST),2019-12-20,https://www.inaturalist.org/observations/36801863,https://static.inaturalist.org/photos/58234402/medium.jpg,"S Fort Lauderdale Beach Blvd, Fort Lauderdale, FL, US",26.11548429,-80.10418774,United States,Not Juvenile
36802737.0,Fri Dec 20 2019 12:22:59 GMT-0500 (EST),2019-12-20,https://www.inaturalist.org/observations/36802737,https://static.inaturalist.org/photos/58236472/medium.jpg,"Ocean Dr, Vero Beach, FL, US",27.64335,-80.35205833,United States,Not Juvenile
36806288.0,Fri Dec 20 2019 14:05:10 GMT-0500 (EST),2019-12-20,https://www.inaturalist.org/observations/36806288,https://static.inaturalist.org/photos/58242415/medium.jpg,"N Ocean Shore Blvd, Beverly Beach, FL, US",29.52218833,-81.14742217,United States,Not Juvenile
36806302.0,Fri Dec 20 2019 14:11:53 GMT-0500 (EST),2019-12-20,https://www.inaturalist.org/observations/36806302,https://static.inaturalist.org/photos/58242430/medium.jpg,"N Ocean Shore Blvd, Beverly Beach, FL, US",29.52010333,-81.14642217000001,United States,Not Juvenile
36806305.0,Fri Dec 20 2019 14:17:33 GMT-0500 (EST),2019-12-20,https://www.inaturalist.org/observations/36806305,https://static.inaturalist.org/photos/58242441/medium.jpg,"Seabreeze Dr, Beverly Beach, FL, US",29.52058667,-81.14843049999999,United States,Not Juvenile
36806318.0,Fri Dec 20 2019 14:19:53 GMT-0500 (EST),2019-12-20,https://www.inaturalist.org/observations/36806318,https://static.inaturalist.org/photos/58242478/medium.jpg,"N Ocean Shore Blvd, Beverly Beach, FL, US",29.51794167,-81.145325,United States,Not Juvenile
36806417.0,Fri Dec 20 2019 13:53:21 GMT-0500 (EST),2019-12-20,https://www.inaturalist.org/observations/36806417,https://static.inaturalist.org/photos/58242568/medium.jpg,"Collins Ave, Miami Beach, FL, US",25.819525,-80.12123883,United States,Not Juvenile
36807224.0,Thu Dec 19 2019 13:42:45 GMT-0500 (EST),2019-12-19,https://www.inaturalist.org/observations/36807224,https://inaturalist-open-data.s3.amazonaws.com/photos/58243894/medium.jpg,"Hutchinson Island, Fort Pierce, FL, US",27.37573137,-80.25203168,United States,Not Juvenile
36807228.0,Thu Dec 19 2019 13:45:56 GMT-0500 (EST),2019-12-19,https://www.inaturalist.org/observations/36807228,https://inaturalist-open-data.s3.amazonaws.com/photos/58243910/medium.jpg,"Hutchinson Island, Fort Pierce, FL, US",27.37661218,-80.25249034000001,United States,Not Juvenile
36822862.0,Sat Dec 21 2019 08:58:28 GMT-0500 (EST),2019-12-21,https://www.inaturalist.org/observations/36822862,https://inaturalist-open-data.s3.amazonaws.com/photos/58271848/medium.jpg,"Grassy Key, Marathon, FL, US",24.74121928,-80.98007421,United States,Not Juvenile
36824672.0,Sat Dec 21 2019 09:38:57 GMT-0500 (EST),2019-12-21,https://www.inaturalist.org/observations/36824672,https://inaturalist-open-data.s3.amazonaws.com/photos/58275072/medium.jpg,"Indialantic, FL, US",28.09332783,-80.56568,United States,Not Juvenile
36834153.0,2019/12/21 1:41 PM UTC,2019-12-21,https://www.inaturalist.org/observations/36834153,https://inaturalist-open-data.s3.amazonaws.com/photos/58290453/medium.jpeg,"Palm Beach County, FL, USA",26.94309686,-80.07203229,United States,Not Juvenile
36842108.0,Sat Dec 21 2019 17:11:38 GMT-0500 (EST),2019-12-21,https://www.inaturalist.org/observations/36842108,https://inaturalist-open-data.s3.amazonaws.com/photos/58305627/medium.jpg,"Atlantic Ocean, Daytona Beach, FL, US",29.24078833,-81.01366388,United States,Not Juvenile
36842614.0,Sat Dec 21 2019 15:44:43 GMT-0500 (EST),2019-12-21,https://www.inaturalist.org/observations/36842614,https://static.inaturalist.org/photos/58306380/medium.jpg,"Cocoa Beach, FL, US",28.35025333,-80.60478333,United States,Not Juvenile
36866772.0,Sun Dec 22 2019 14:53:25 GMT-0500 (EST),2019-12-22,https://www.inaturalist.org/observations/36866772,https://inaturalist-open-data.s3.amazonaws.com/photos/58347845/medium.jpg,"FL, US",25.78293947,-80.12782344,United States,Not Juvenile
36874180.0,Tue Feb 19 2019 12:35:53 GMT-0500 (EST),2019-02-19,https://www.inaturalist.org/observations/36874180,https://static.inaturalist.org/photos/58361600/medium.jpg,"Straits of Florida, Lake Worth, FL, US",26.61372478,-80.03647881,United States,Not Juvenile
36893559.0,Mon Dec 23 2019 11:42:35 GMT-0500 (EST),2019-12-23,https://www.inaturalist.org/observations/36893559,https://inaturalist-open-data.s3.amazonaws.com/photos/58537910/medium.jpg,"Virginia Beach County Park, Miami, FL, US",25.73635,-80.15364717,United States,Not Juvenile
36897400.0,Mon Dec 23 2019 16:57:33 GMT-0500 (EST),2019-12-23,https://www.inaturalist.org/observations/36897400,https://inaturalist-open-data.s3.amazonaws.com/photos/58401538/medium.jpg,"Straits of Florida, FL, US",27.476754999999997,-80.29156333,United States,Uncertain
36951800.0,Sat Dec 21 2019 12:49:07 GMT-0500 (EST),2019-12-21,https://www.inaturalist.org/observations/36951800,https://inaturalist-open-data.s3.amazonaws.com/photos/58495927/medium.jpg,"S Highway A1A, Jupiter, FL, US",26.923145,-80.06669717,United States,Not Juvenile
36969778.0,Thu Dec 26 2019 10:34:01 GMT-0500 (EST),2019-12-26,https://www.inaturalist.org/observations/36969778,https://static.inaturalist.org/photos/58527413/medium.jpg,"FL, US",25.70105,-80.15465549999999,United States,Not Juvenile
36969945.0,2019-12-26 11:28:29 AM EST,2019-12-26,https://www.inaturalist.org/observations/36969945,https://static.inaturalist.org/photos/58527645/medium.jpeg,"Lauderdale-By-The-Sea, FL, USA",26.18379463,-80.09550121,United States,Not Juvenile
36970049.0,2019-12-26 11:31:28 AM EST,2019-12-26,https://www.inaturalist.org/observations/36970049,https://static.inaturalist.org/photos/58527705/medium.jpeg,"Lauderdale-By-The-Sea, FL, USA",26.18393619,-80.09551835,United States,Juvenile
36971288.0,2019-12-26 9:31:06 AM EST,2019-12-26,https://www.inaturalist.org/observations/36971288,https://inaturalist-open-data.s3.amazonaws.com/photos/58530027/medium.jpeg,"ST AUG BEACH, FL 32080, USA",29.84386253,-81.26421356,United States,Not Juvenile
36972260.0,2019-12-26 12:49:47 PM EST,2019-12-26,https://www.inaturalist.org/observations/36972260,https://static.inaturalist.org/photos/58531591/medium.jpeg,"Juno Beach, FL 33408, USA",26.89308307,-80.05661834,United States,Not Juvenile
36973165.0,Thu Dec 26 2019 13:22:55 GMT-0500 (EST),2019-12-26,https://www.inaturalist.org/observations/36973165,https://static.inaturalist.org/photos/58534812/medium.jpg,"Straits of Florida, FL, US",26.46153533,-80.05740725,United States,Not Juvenile
36974813.0,Thu Dec 26 2019 14:13:25 GMT-0500 (EST),2019-12-26,https://www.inaturalist.org/observations/36974813,https://static.inaturalist.org/photos/58536158/medium.jpg,"Riviera Beach, FL, US",26.795354999999997,-80.03147217,United States,Not Juvenile
36975637.0,Thu Dec 26 2019 13:38:57 GMT-0500 (EST),2019-12-26,https://www.inaturalist.org/observations/36975637,https://static.inaturalist.org/photos/58537939/medium.jpg,"Atlantic Ocean, Melbourne Beach, FL, US",27.90859167,-80.473945,United States,Juvenile
36978130.0,2019-12-26 1:17:24 PM EST,2019-12-26,https://www.inaturalist.org/observations/36978130,https://inaturalist-open-data.s3.amazonaws.com/photos/58542270/medium.jpeg,"N Atlantic Ave/ N 2nd St (SE Corner), Cocoa Beach, FL 32931, USA",28.32164955,-80.60713959,United States,Not Juvenile
36997981.0,2019-12-27 8:47:22 AM EST,2019-12-27,https://www.inaturalist.org/observations/36997981,https://inaturalist-open-data.s3.amazonaws.com/photos/58577502/medium.jpeg,"North Beach, Miami Beach, FL 33141, USA",25.84881385,-80.11898959,United States,Not Juvenile
36998639.0,2019-12-27 9:20:28 AM EST,2019-12-27,https://www.inaturalist.org/observations/36998639,https://static.inaturalist.org/photos/58578633/medium.jpeg,"Jacksonville Beach, FL 32250, USA",30.29742432,-81.39044189,United States,Not Juvenile
36999095.0,Fri Dec 27 2019 09:47:01 GMT-0500 (EST),2019-12-27,https://www.inaturalist.org/observations/36999095,https://inaturalist-open-data.s3.amazonaws.com/photos/58579422/medium.jpg,"Atlantic Ocean, Cocoa Beach, FL, US",28.33766074,-80.60604773,United States,Not Juvenile
36999772.0,Fri Dec 27 2019 10:13:22 GMT-0500 (EST),2019-12-27,https://www.inaturalist.org/observations/36999772,https://static.inaturalist.org/photos/58580380/medium.jpg,"Wavecrest Ave, Indialantic, FL, US",28.08998947,-80.5646907,United States,Juvenile
37001013.0,Fri Dec 27 2019 11:03:04 GMT-0500 (EST),2019-12-27,https://www.inaturalist.org/observations/37001013,https://inaturalist-open-data.s3.amazonaws.com/photos/58583362/medium.jpg,"Walbet St, Palm Coast, FL, US",29.64839628,-81.20378195,United States,Not Juvenile
37009482.0,Fri Dec 27 2019 16:07:18 GMT-0500 (EST),2019-12-27,https://www.inaturalist.org/observations/37009482,https://static.inaturalist.org/photos/58597222/medium.jpg,"N Ocean Dr, Hollywood, FL, US",26.01734516,-80.11477331,United States,Juvenile
37009680.0,Fri Dec 27 2019 16:11:58 GMT-0500 (EST),2019-12-27,https://www.inaturalist.org/observations/37009680,https://static.inaturalist.org/photos/58647707/medium.jpg,"Straits of Florida, Hollywood, FL, US",26.01650855,-80.11475658,United States,Juvenile
37011210.0,Fri Dec 27 2019 09:35:58 GMT-0500 (EST),2019-12-27,https://www.inaturalist.org/observations/37011210,https://static.inaturalist.org/photos/58600192/medium.jpg,"Atlantic Ocean, FL, US",30.69125833,-81.428055,United States,Juvenile
37012977.0,2019/12/27 3:11 PM EST,2019-12-27,https://www.inaturalist.org/observations/37012977,https://inaturalist-open-data.s3.amazonaws.com/photos/58601278/medium.jpeg,"Brevard County, FL, USA",28.6770437,-80.64699325000001,United States,Uncertain
37012980.0,2019/12/27 3:12 PM EST,2019-12-27,https://www.inaturalist.org/observations/37012980,https://inaturalist-open-data.s3.amazonaws.com/photos/58601507/medium.jpeg,"Brevard County, FL, USA",28.6770437,-80.64699325000001,United States,Not Juvenile
37013008.0,2019/12/27 3:14 PM EST,2019-12-27,https://www.inaturalist.org/observations/37013008,https://inaturalist-open-data.s3.amazonaws.com/photos/58601832/medium.jpeg,"Brevard County, FL, USA",28.6770437,-80.64699325000001,United States,Juvenile
37013022.0,2019/12/27 3:15 PM EST,2019-12-27,https://www.inaturalist.org/observations/37013022,https://inaturalist-open-data.s3.amazonaws.com/photos/58601865/medium.jpeg,"Brevard County, FL, USA",28.6770437,-80.64699325000001,United States,Not Juvenile
37030255.0,Sat Dec 28 2019 08:29:50 GMT-0500 (EST),2019-12-28,https://www.inaturalist.org/observations/37030255,https://static.inaturalist.org/photos/58635633/medium.jpg,"Atlantic Ocean, FL, US",29.04551383,-80.89855833,United States,Not Juvenile
37030913.0,Sat Dec 28 2019 10:25:03 GMT-0500 (EST),2019-12-28,https://www.inaturalist.org/observations/37030913,https://static.inaturalist.org/photos/58636871/medium.jpg,"Straits of Florida, Delray Beach, FL, US",26.44128064,-80.06040925,United States,Not Juvenile
37033437.0,Sat Dec 28 2019 09:37:26 GMT-0500 (EST),2019-12-28,https://www.inaturalist.org/observations/37033437,https://inaturalist-open-data.s3.amazonaws.com/photos/58641292/medium.jpg,"San Pablo Island, Saint Augustine, FL, US",29.91722713,-81.28999269,United States,Juvenile
37034639.0,Tue Dec 24 2019 14:58:08 GMT-0500 (EST),2019-12-24,https://www.inaturalist.org/observations/37034639,https://inaturalist-open-data.s3.amazonaws.com/photos/58643668/medium.jpg,"Atlantic Ocean, FL, US",28.27523833,-80.60545333,United States,Uncertain
37035053.0,Sat Dec 28 2019 12:17:57 GMT-0500 (EST),2019-12-28,https://www.inaturalist.org/observations/37035053,https://static.inaturalist.org/photos/58644421/medium.jpg,"100‚Äì154 N Fort Lauderdale Beach Blvd, Fort Lauderdale, FL, US",26.12376667,-80.10344717,United States,Not Juvenile
37036200.0,2019-12-28 1:26:22 PM EST,2019-12-28,https://www.inaturalist.org/observations/37036200,https://inaturalist-open-data.s3.amazonaws.com/photos/58646639/medium.jpeg,"Anastasia, St. Augustine, FL 32080, USA",29.88166237,-81.27240753,United States,Not Juvenile
37062411.0,2019-12-29 7:38:28 AM EST,2019-12-29,https://www.inaturalist.org/observations/37062411,https://inaturalist-open-data.s3.amazonaws.com/photos/58692195/medium.jpeg,"Islamorada Condo, Daytona Beach Shores, FL 32118, USA",29.19923401,-80.99354553,United States,Not Juvenile
37063032.0,Sun Dec 29 2019 08:51:41 GMT-0500 (EST),2019-12-29,https://www.inaturalist.org/observations/37063032,https://static.inaturalist.org/photos/58695353/medium.jpg,"Hutchinson Island, Stuart, FL, US",27.25778532,-80.19728518000001,United States,Not Juvenile
37069576.0,Sun Dec 29 2019 08:47:44 GMT-0500 (EST),2019-12-29,https://www.inaturalist.org/observations/37069576,https://static.inaturalist.org/photos/58705260/medium.jpg,"N Causeway, New Smyrna Beach, FL, US",29.02995037,-80.9226607,United States,Not Juvenile
37069990.0,2019-12-29 1:03:56 PM EST,2019-12-29,https://www.inaturalist.org/observations/37069990,https://static.inaturalist.org/photos/58705963/medium.jpeg,"Miami Beach, FL 33139, USA",25.77515687,-80.12945269000001,United States,Not Juvenile
37070958.0,Sun Dec 29 2019 13:14:59 GMT-0500 (EST),2019-12-29,https://www.inaturalist.org/observations/37070958,https://inaturalist-open-data.s3.amazonaws.com/photos/92430819/medium.jpg,"N Atlantic Ave, Cocoa Beach, FL, US",28.33237167,-80.60794667,United States,Not Juvenile
37073264.0,Sun Dec 29 2019 14:39:16 GMT-0500 (EST),2019-12-29,https://www.inaturalist.org/observations/37073264,https://static.inaturalist.org/photos/58711585/medium.jpg,"Singer Island, Jupiter, FL, US",26.91651374,-80.06547569,United States,Not Juvenile
37074589.0,Sun Dec 29 2019 15:18:35 GMT-0500 (EST),2019-12-29,https://www.inaturalist.org/observations/37074589,https://inaturalist-open-data.s3.amazonaws.com/photos/58849286/medium.jpg,"FL, US",25.79023709,-80.12678106,United States,Not Juvenile
37075049.0,Sun Dec 29 2019 15:31:05 GMT-0500 (EST),2019-12-29,https://www.inaturalist.org/observations/37075049,https://static.inaturalist.org/photos/58714861/medium.jpg,"Patrick Air Force Base, Satellite Beach, FL, US",28.22467041,-80.59920971,United States,Not Juvenile
37075324.0,Sun Dec 29 2019 13:06:52 GMT-0500 (EST),2019-12-29,https://www.inaturalist.org/observations/37075324,https://inaturalist-open-data.s3.amazonaws.com/photos/58715020/medium.jpg,"Palm Beach County, US-FL, US",26.58398484,-80.03773852,United States,Not Juvenile
37077173.0,Sun Dec 29 2019 16:36:22 GMT-0500 (EST),2019-12-29,https://www.inaturalist.org/observations/37077173,https://static.inaturalist.org/photos/58718086/medium.jpg,"Straits of Florida, FL, US",26.44340099,-80.05997026,United States,Not Juvenile
37077443.0,Sun Dec 29 2019 16:47:10 GMT-0500 (EST),2019-12-29,https://www.inaturalist.org/observations/37077443,https://inaturalist-open-data.s3.amazonaws.com/photos/58793371/medium.jpg,"Atlantic Ocean, Cocoa Beach, FL, US",28.2979897,-80.60674419,United States,Not Juvenile
37077842.0,Sun Dec 29 2019 16:58:22 GMT-0500 (EST),2019-12-29,https://www.inaturalist.org/observations/37077842,https://static.inaturalist.org/photos/58719098/medium.jpg,"Straits of Florida, FL, US",26.143393999999997,-80.10177777,United States,Not Juvenile
37086364.0,Sun Dec 29 2019 21:38:28 GMT-0500 (EST),2019-12-29,https://www.inaturalist.org/observations/37086364,https://inaturalist-open-data.s3.amazonaws.com/photos/58735695/medium.jpg,"Bogue Banks, NC, US",34.69603,-76.78993833,United States,Not Juvenile
37087999.0,2019-12-27 9:27:05 AM EST,2019-12-27,https://www.inaturalist.org/observations/37087999,https://static.inaturalist.org/photos/58738633/medium.jpeg,"Jacksonville, FL 32226, USA",30.45605087,-81.41095734,United States,Not Juvenile
37095367.0,2019-12-30 7:17:55 AM EST,2019-12-30,https://www.inaturalist.org/observations/37095367,https://inaturalist-open-data.s3.amazonaws.com/photos/58750831/medium.jpeg,"Miami Beach, FL 33141, USA",25.85826673,-80.11884795,United States,Not Juvenile
37096254.0,2019-12-30 7:45:11 AM EST,2019-12-30,https://www.inaturalist.org/observations/37096254,https://inaturalist-open-data.s3.amazonaws.com/photos/58752560/medium.jpeg,"Daytona Beach Shores, FL 32118, USA",29.19652748,-80.99186707,United States,Not Juvenile
37096262.0,2019-12-30 7:46:30 AM EST,2019-12-30,https://www.inaturalist.org/observations/37096262,https://inaturalist-open-data.s3.amazonaws.com/photos/58752573/medium.jpeg,"Winn Dixie/2200 S. Atlantic Ob, Daytona Beach Shores, FL 32118, USA",29.19674492,-80.99260712,United States,Not Juvenile
37098966.0,Mon Dec 30 2019 10:17:55 GMT-0500 (EST),2019-12-30,https://www.inaturalist.org/observations/37098966,https://static.inaturalist.org/photos/58757418/medium.jpg,"Miami Beach, FL, US",25.84462714,-80.11901738,United States,Not Juvenile
37099230.0,Mon Dec 30 2019 09:30:04 GMT-0500 (EST),2019-12-30,https://www.inaturalist.org/observations/37099230,https://inaturalist-open-data.s3.amazonaws.com/photos/58829988/medium.jpg,"Atlantic Ocean, Atlantic Beach, NC, US",34.69469167,-76.70532167,United States,Not Juvenile
37099287.0,Mon Dec 30 2019 10:30:25 GMT-0500 (EST),2019-12-30,https://www.inaturalist.org/observations/37099287,https://inaturalist-open-data.s3.amazonaws.com/photos/61712392/medium.jpg,United States,26.62247981,-80.05692757,United States,Not Juvenile
37099663.0,2019-12-21 5:29:00 PM EST,2019-12-21,https://www.inaturalist.org/observations/37099663,https://inaturalist-open-data.s3.amazonaws.com/photos/58758686/medium.jpg,Melbourne,28.08362692,-80.60810901,United States,Not Juvenile
37103922.0,Mon Dec 30 2019 13:20:53 GMT-0500 (EST),2019-12-30,https://www.inaturalist.org/observations/37103922,https://static.inaturalist.org/photos/80531995/medium.jpg,"Jupiter Island, Jupiter Island, FL, US",26.98104167,-80.083625,United States,Not Juvenile
37129626.0,Fri Dec 27 2019 08:20:49 GMT-0500 (EST),2019-12-27,https://www.inaturalist.org/observations/37129626,https://static.inaturalist.org/photos/58810193/medium.jpg,"Canaveral National Seashore Park, Cape Canaveral, FL, US",28.65512167,-80.63152167,United States,Not Juvenile
37136880.0,2019-12-31 11:23:56 AM EST,2019-12-31,https://www.inaturalist.org/observations/37136880,https://inaturalist-open-data.s3.amazonaws.com/photos/58822835/medium.jpeg,"Oak Island, NC, USA",33.91464233,-78.16555023000001,United States,Not Juvenile
37136900.0,2019-12-31 11:09:55 AM EST,2019-12-31,https://www.inaturalist.org/observations/37136900,https://inaturalist-open-data.s3.amazonaws.com/photos/58822867/medium.jpeg,"Smithville, NC, USA",33.91379166,-78.15625763,United States,Not Juvenile
37136904.0,2019-12-31 10:39:07 AM EST,2019-12-31,https://www.inaturalist.org/observations/37136904,https://inaturalist-open-data.s3.amazonaws.com/photos/58822878/medium.jpeg,"Oak Island, NC, USA",33.91418457,-78.15744781000001,United States,Not Juvenile
37148856.0,Fri Dec 27 2019 12:58:17 GMT-0500 (EST),2019-12-27,https://www.inaturalist.org/observations/37148856,https://inaturalist-open-data.s3.amazonaws.com/photos/58843859/medium.jpg,"Atlantic Ocean, GA, US",30.74817167,-81.45838,United States,Not Juvenile
37165891.0,Wed Jan 01 2020 14:04:22 GMT-0500 (EST),2020-01-01,https://www.inaturalist.org/observations/37165891,https://static.inaturalist.org/photos/58873189/medium.jpg,"Bogue Banks, Emerald Isle, NC, US",34.67876167,-76.93437167,United States,Not Juvenile
37169030.0,2020-01-01 12:36:51 PM EST,2020-01-01,https://www.inaturalist.org/observations/37169030,https://static.inaturalist.org/photos/58878162/medium.jpeg,United States,35.29825025,-75.53640092,United States,Not Juvenile
37196498.0,Thu Jan 02 2020 09:35:30 GMT-0500 (EST),2020-01-02,https://www.inaturalist.org/observations/37196498,https://static.inaturalist.org/photos/59146865/medium.jpg,"South Beach Park, Fort Lauderdale, FL, US",26.11386667,-80.10402783,United States,Not Juvenile
37196889.0,Thu Jan 02 2020 12:06:45 GMT-0500 (EST),2020-01-02,https://www.inaturalist.org/observations/37196889,https://static.inaturalist.org/photos/58928841/medium.jpg,"S Ocean Ave, Palm Beach Shores, FL, US",26.77559519,-80.03147439,United States,Not Juvenile
37199950.0,2020-01-02 2:05:54 PM EST,2020-01-02,https://www.inaturalist.org/observations/37199950,https://static.inaturalist.org/photos/58934017/medium.jpeg,"Downtown Miami, Miami, FL, USA",25.74490392,-80.14336641,United States,Not Juvenile
37204322.0,Tue Dec 31 2019 12:36:42 GMT-0500 (EST),2019-12-31,https://www.inaturalist.org/observations/37204322,https://static.inaturalist.org/photos/58941436/medium.jpg,"Bogue Banks, Emerald Isle, NC, US",34.67806667,-76.941345,United States,Not Juvenile
37224118.0,Thu Dec 26 2019 17:39:14 GMT-0500 (EST),2019-12-26,https://www.inaturalist.org/observations/37224118,https://static.inaturalist.org/photos/58976703/medium.jpg,"Straits of Florida, FL, US",27.47582,-80.29103,United States,Not Juvenile
37230820.0,2019/12/27 3:03 PM EST,2019-12-27,https://www.inaturalist.org/observations/37230820,https://inaturalist-open-data.s3.amazonaws.com/photos/58987435/medium.jpeg,"Brevard County, FL, USA",28.677195,-80.64671113,United States,Not Juvenile
37230828.0,2019/12/27 3:06 PM EST,2019-12-27,https://www.inaturalist.org/observations/37230828,https://inaturalist-open-data.s3.amazonaws.com/photos/58987468/medium.jpeg,"Brevard County, FL, USA",28.677195,-80.64671113,United States,Not Juvenile
37230832.0,2019/12/27 3:16 PM EST,2019-12-27,https://www.inaturalist.org/observations/37230832,https://inaturalist-open-data.s3.amazonaws.com/photos/58987467/medium.jpeg,"Brevard County, FL, USA",28.677195,-80.64671113,United States,Not Juvenile
37291225.0,2020-01-04 12:58:01 PM EST,2020-01-04,https://www.inaturalist.org/observations/37291225,https://inaturalist-open-data.s3.amazonaws.com/photos/59091139/medium.jpeg,"Barrier Island, Fort Lauderdale, FL, USA",26.16727638,-80.0976944,United States,Juvenile
37307783.0,Mon Dec 30 2019 08:51:38 GMT-0500 (EST),2019-12-30,https://www.inaturalist.org/observations/37307783,https://static.inaturalist.org/photos/59119915/medium.jpg,"Atlantic Ocean, Saint Helena Island, SC, US",32.31910333,-80.46076167,United States,Not Juvenile
37322427.0,Sat Jan 04 2020 12:45:34 GMT-0500 (EST),2020-01-04,https://www.inaturalist.org/observations/37322427,https://inaturalist-open-data.s3.amazonaws.com/photos/59145483/medium.jpg,"Straits of Florida, Boca Raton, FL, US",26.35245833,-80.06909167,United States,Not Juvenile
37388493.0,Sun Dec 22 2019 15:21:59 GMT-0800 (PST),2019-12-22,https://www.inaturalist.org/observations/37388493,https://static.inaturalist.org/photos/59263310/medium.jpg,"Canaveral National Seashore Park, Cape Canaveral, FL, US",28.65521847,-80.63157991,United States,Not Juvenile
37405566.0,Wed Jan 08 2020 14:31:21 GMT-0500 (EST),2020-01-08,https://www.inaturalist.org/observations/37405566,https://static.inaturalist.org/photos/59293254/medium.jpg,"Biscayne Bay, FL, US",25.67458879,-80.15356138,United States,Not Juvenile
37454271.0,Fri Jan 10 2020 08:48:49 GMT-0500 (EST),2020-01-10,https://www.inaturalist.org/observations/37454271,https://static.inaturalist.org/photos/59379092/medium.jpg,"Straits of Florida, Jupiter, FL, US",26.92781604,-80.06770449999999,United States,Not Juvenile
37454335.0,Fri Jan 10 2020 08:51:12 GMT-0500 (EST),2020-01-10,https://www.inaturalist.org/observations/37454335,https://static.inaturalist.org/photos/59379134/medium.jpg,"Carlin Park, Jupiter, FL, US",26.92683942,-80.06759268,United States,Juvenile
37454349.0,Fri Jan 10 2020 08:51:27 GMT-0500 (EST),2020-01-10,https://www.inaturalist.org/observations/37454349,https://static.inaturalist.org/photos/59379155/medium.jpg,"Carlin Park, Jupiter, FL, US",26.92693326,-80.06761288,United States,Juvenile
37454368.0,Fri Jan 10 2020 08:51:53 GMT-0500 (EST),2020-01-10,https://www.inaturalist.org/observations/37454368,https://static.inaturalist.org/photos/59379220/medium.jpg,"Carlin Park, Jupiter, FL, US",26.92691394,-80.06762479,United States,Not Juvenile
37454370.0,Fri Jan 10 2020 08:53:14 GMT-0500 (EST),2020-01-10,https://www.inaturalist.org/observations/37454370,https://static.inaturalist.org/photos/59379226/medium.jpg,"Carlin Park, Jupiter, FL, US",26.92666931,-80.06764239,United States,Uncertain
37454379.0,Fri Jan 10 2020 08:54:02 GMT-0500 (EST),2020-01-10,https://www.inaturalist.org/observations/37454379,https://static.inaturalist.org/photos/59379251/medium.jpg,"Carlin Park, Jupiter, FL, US",26.92628496,-80.06754038,United States,Uncertain
37454396.0,Fri Jan 10 2020 08:54:34 GMT-0500 (EST),2020-01-10,https://www.inaturalist.org/observations/37454396,https://static.inaturalist.org/photos/59379272/medium.jpg,"Carlin Park, Jupiter, FL, US",26.92633362,-80.06750518,United States,Uncertain
37454403.0,Fri Jan 10 2020 08:55:13 GMT-0500 (EST),2020-01-10,https://www.inaturalist.org/observations/37454403,https://static.inaturalist.org/photos/59379311/medium.jpg,"Carlin Park, Jupiter, FL, US",26.9263402,-80.06747609,United States,Juvenile
37454412.0,Fri Jan 10 2020 08:56:00 GMT-0500 (EST),2020-01-10,https://www.inaturalist.org/observations/37454412,https://static.inaturalist.org/photos/59379330/medium.jpg,"Carlin Park, Jupiter, FL, US",26.92632599,-80.06746871,United States,Not Juvenile
37454417.0,Fri Jan 10 2020 08:56:20 GMT-0500 (EST),2020-01-10,https://www.inaturalist.org/observations/37454417,https://static.inaturalist.org/photos/59379346/medium.jpg,"Carlin Park, Jupiter, FL, US",26.92625151,-80.06749202,United States,Not Juvenile
37454448.0,Fri Jan 10 2020 08:56:58 GMT-0500 (EST),2020-01-10,https://www.inaturalist.org/observations/37454448,https://static.inaturalist.org/photos/59379409/medium.jpg,"Carlin Park, Jupiter, FL, US",26.92623697,-80.06746234,United States,Uncertain
37454454.0,Fri Jan 10 2020 08:57:47 GMT-0500 (EST),2020-01-10,https://www.inaturalist.org/observations/37454454,https://static.inaturalist.org/photos/59379421/medium.jpg,"Carlin Park, Jupiter, FL, US",26.92603581,-80.06736034000001,United States,Not Juvenile
37454458.0,Fri Jan 10 2020 08:58:05 GMT-0500 (EST),2020-01-10,https://www.inaturalist.org/observations/37454458,https://static.inaturalist.org/photos/59379437/medium.jpg,"Straits of Florida, Jupiter, FL, US",26.92598019,-80.06723804,United States,Not Juvenile
37454464.0,Fri Jan 10 2020 08:58:18 GMT-0500 (EST),2020-01-10,https://www.inaturalist.org/observations/37454464,https://static.inaturalist.org/photos/59379451/medium.jpg,"Carlin Park, Jupiter, FL, US",26.92599432,-80.06742613,United States,Juvenile
37454466.0,Fri Jan 10 2020 08:58:35 GMT-0500 (EST),2020-01-10,https://www.inaturalist.org/observations/37454466,https://static.inaturalist.org/photos/59379463/medium.jpg,"Carlin Park, Jupiter, FL, US",26.92598652,-80.0674196,United States,Uncertain
37454475.0,Fri Jan 10 2020 08:58:53 GMT-0500 (EST),2020-01-10,https://www.inaturalist.org/observations/37454475,https://static.inaturalist.org/photos/59379491/medium.jpg,"Carlin Park, Jupiter, FL, US",26.92598522,-80.06743351,United States,Juvenile
37454479.0,Fri Jan 10 2020 08:59:43 GMT-0500 (EST),2020-01-10,https://www.inaturalist.org/observations/37454479,https://static.inaturalist.org/photos/59379503/medium.jpg,"Carlin Park, Jupiter, FL, US",26.92595375,-80.06739981,United States,Not Juvenile
37454481.0,Fri Jan 10 2020 09:00:07 GMT-0500 (EST),2020-01-10,https://www.inaturalist.org/observations/37454481,https://static.inaturalist.org/photos/59379516/medium.jpg,"Carlin Park, Jupiter, FL, US",26.92601996,-80.06740627,United States,Uncertain
37454486.0,Fri Jan 10 2020 09:00:19 GMT-0500 (EST),2020-01-10,https://www.inaturalist.org/observations/37454486,https://static.inaturalist.org/photos/59379536/medium.jpg,"Carlin Park, Jupiter, FL, US",26.92594344,-80.0674351,United States,Not Juvenile
37454505.0,Fri Jan 10 2020 09:00:43 GMT-0500 (EST),2020-01-10,https://www.inaturalist.org/observations/37454505,https://static.inaturalist.org/photos/59379570/medium.jpg,"Carlin Park, Jupiter, FL, US",26.92592885,-80.06744491,United States,Not Juvenile
37454509.0,Fri Jan 10 2020 09:00:57 GMT-0500 (EST),2020-01-10,https://www.inaturalist.org/observations/37454509,https://static.inaturalist.org/photos/59379578/medium.jpg,"Straits of Florida, Jupiter, FL, US",26.92604658,-80.06731172,United States,Not Juvenile
37454513.0,Fri Jan 10 2020 09:01:24 GMT-0500 (EST),2020-01-10,https://www.inaturalist.org/observations/37454513,https://static.inaturalist.org/photos/59379581/medium.jpg,"Carlin Park, Jupiter, FL, US",26.92587441,-80.06742898,United States,Uncertain
37454527.0,Fri Jan 10 2020 09:02:02 GMT-0500 (EST),2020-01-10,https://www.inaturalist.org/observations/37454527,https://static.inaturalist.org/photos/59379589/medium.jpg,"Carlin Park, Jupiter, FL, US",26.92564718,-80.06736939,United States,Uncertain
37454529.0,Fri Jan 10 2020 09:02:24 GMT-0500 (EST),2020-01-10,https://www.inaturalist.org/observations/37454529,https://static.inaturalist.org/photos/59379607/medium.jpg,"Carlin Park, Jupiter, FL, US",26.9255005,-80.06747886000001,United States,Uncertain
37454545.0,Fri Jan 10 2020 09:03:25 GMT-0500 (EST),2020-01-10,https://www.inaturalist.org/observations/37454545,https://static.inaturalist.org/photos/59379648/medium.jpg,"Carlin Park, Jupiter, FL, US",26.92542996,-80.06728968,United States,Juvenile
37454555.0,Fri Jan 10 2020 09:03:39 GMT-0500 (EST),2020-01-10,https://www.inaturalist.org/observations/37454555,https://static.inaturalist.org/photos/59379670/medium.jpg,"Carlin Park, Jupiter, FL, US",26.92541395,-80.06730569,United States,Juvenile
37454573.0,Fri Jan 10 2020 09:03:58 GMT-0500 (EST),2020-01-10,https://www.inaturalist.org/observations/37454573,https://static.inaturalist.org/photos/59379689/medium.jpg,"Carlin Park, Jupiter, FL, US",26.92535914,-80.06727928000001,United States,Juvenile
37454581.0,Fri Jan 10 2020 09:04:28 GMT-0500 (EST),2020-01-10,https://www.inaturalist.org/observations/37454581,https://static.inaturalist.org/photos/59379709/medium.jpg,"Carlin Park, Jupiter, FL, US",26.92525847,-80.06724559,United States,Juvenile
37454587.0,Fri Jan 10 2020 09:04:40 GMT-0500 (EST),2020-01-10,https://www.inaturalist.org/observations/37454587,https://static.inaturalist.org/photos/59379719/medium.jpg,"Carlin Park, Jupiter, FL, US",26.92524937,-80.06723612,United States,Juvenile
37454591.0,Fri Jan 10 2020 09:04:51 GMT-0500 (EST),2020-01-10,https://www.inaturalist.org/observations/37454591,https://static.inaturalist.org/photos/59379732/medium.jpg,"Carlin Park, Jupiter, FL, US",26.92523098,-80.06725899999999,United States,Juvenile
37454593.0,Fri Jan 10 2020 09:05:08 GMT-0500 (EST),2020-01-10,https://www.inaturalist.org/observations/37454593,https://static.inaturalist.org/photos/59379740/medium.jpg,"Carlin Park, Jupiter, FL, US",26.92523823,-80.06729345000001,United States,Not Juvenile
37454601.0,Fri Jan 10 2020 09:05:20 GMT-0500 (EST),2020-01-10,https://www.inaturalist.org/observations/37454601,https://static.inaturalist.org/photos/59379756/medium.jpg,"Carlin Park, Jupiter, FL, US",26.92520717,-80.06727979,United States,Juvenile
37454603.0,Fri Jan 10 2020 09:05:34 GMT-0500 (EST),2020-01-10,https://www.inaturalist.org/observations/37454603,https://static.inaturalist.org/photos/59379762/medium.jpg,"Carlin Park, Jupiter, FL, US",26.92520411,-80.06726,United States,Juvenile
37454604.0,Fri Jan 10 2020 09:05:48 GMT-0500 (EST),2020-01-10,https://www.inaturalist.org/observations/37454604,https://static.inaturalist.org/photos/59379770/medium.jpg,"Carlin Park, Jupiter, FL, US",26.92519728,-80.06726487,United States,Juvenile
37454613.0,Fri Jan 10 2020 09:06:04 GMT-0500 (EST),2020-01-10,https://www.inaturalist.org/observations/37454613,https://static.inaturalist.org/photos/59379794/medium.jpg,"Carlin Park, Jupiter, FL, US",26.92518739,-80.06724685,United States,Juvenile
37454615.0,Fri Jan 10 2020 09:06:36 GMT-0500 (EST),2020-01-10,https://www.inaturalist.org/observations/37454615,https://static.inaturalist.org/photos/59379805/medium.jpg,"Straits of Florida, Jupiter, FL, US",26.92518597,-80.06729906,United States,Juvenile
37454620.0,Fri Jan 10 2020 09:07:09 GMT-0500 (EST),2020-01-10,https://www.inaturalist.org/observations/37454620,https://static.inaturalist.org/photos/59379823/medium.jpg,"Carlin Park, Jupiter, FL, US",26.92512038,-80.06724031,United States,Not Juvenile
37454622.0,Fri Jan 10 2020 09:07:31 GMT-0500 (EST),2020-01-10,https://www.inaturalist.org/observations/37454622,https://static.inaturalist.org/photos/59379832/medium.jpg,"Carlin Park, Jupiter, FL, US",26.92520566,-80.06725689999999,United States,Juvenile
37454633.0,Fri Jan 10 2020 09:07:53 GMT-0500 (EST),2020-01-10,https://www.inaturalist.org/observations/37454633,https://static.inaturalist.org/photos/59379847/medium.jpg,"Carlin Park, Jupiter, FL, US",26.92510336,-80.06724282,United States,Not Juvenile
37454641.0,Fri Jan 10 2020 09:08:09 GMT-0500 (EST),2020-01-10,https://www.inaturalist.org/observations/37454641,https://static.inaturalist.org/photos/59379857/medium.jpg,"Carlin Park, Jupiter, FL, US",26.92512109,-80.06718423,United States,Juvenile
37454651.0,Fri Jan 10 2020 09:08:21 GMT-0500 (EST),2020-01-10,https://www.inaturalist.org/observations/37454651,https://static.inaturalist.org/photos/59379872/medium.jpg,"Carlin Park, Jupiter, FL, US",26.9250863,-80.06722405000001,United States,Not Juvenile
37454654.0,Fri Jan 10 2020 09:08:40 GMT-0500 (EST),2020-01-10,https://www.inaturalist.org/observations/37454654,https://static.inaturalist.org/photos/59379879/medium.jpg,"Straits of Florida, Jupiter, FL, US",26.92510797,-80.06712221000001,United States,Uncertain
37454659.0,Fri Jan 10 2020 09:08:57 GMT-0500 (EST),2020-01-10,https://www.inaturalist.org/observations/37454659,https://static.inaturalist.org/photos/59379888/medium.jpg,"Carlin Park, Jupiter, FL, US",26.92505328,-80.06719136,United States,Juvenile
37454667.0,Fri Jan 10 2020 09:09:29 GMT-0500 (EST),2020-01-10,https://www.inaturalist.org/observations/37454667,https://static.inaturalist.org/photos/59379901/medium.jpg,"S Highway A1A, Jupiter, FL, US",26.92491464,-80.06716755000001,United States,Juvenile
37454676.0,Fri Jan 10 2020 09:09:41 GMT-0500 (EST),2020-01-10,https://www.inaturalist.org/observations/37454676,https://static.inaturalist.org/photos/59379911/medium.jpg,"S Highway A1A, Jupiter, FL, US",26.924876,-80.067145,United States,Not Juvenile
37454694.0,Fri Jan 10 2020 09:09:58 GMT-0500 (EST),2020-01-10,https://www.inaturalist.org/observations/37454694,https://static.inaturalist.org/photos/59379956/medium.jpg,"S Highway A1A, Jupiter, FL, US",26.92483053,-80.06713294000001,United States,Juvenile
37454706.0,Fri Jan 10 2020 09:10:08 GMT-0500 (EST),2020-01-10,https://www.inaturalist.org/observations/37454706,https://static.inaturalist.org/photos/59379965/medium.jpg,"S Highway A1A, Jupiter, FL, US",26.92483925,-80.06713989,United States,Not Juvenile
37454723.0,Fri Jan 10 2020 09:10:59 GMT-0500 (EST),2020-01-10,https://www.inaturalist.org/observations/37454723,https://static.inaturalist.org/photos/59379971/medium.jpg,"S Highway A1A, Jupiter, FL, US",26.92473162,-80.06722019,United States,Juvenile
37454740.0,Fri Jan 10 2020 09:11:17 GMT-0500 (EST),2020-01-10,https://www.inaturalist.org/observations/37454740,https://static.inaturalist.org/photos/59379982/medium.jpg,"S Highway A1A, Jupiter, FL, US",26.92467065,-80.06711014,United States,Juvenile
37454762.0,Fri Jan 10 2020 09:11:36 GMT-0500 (EST),2020-01-10,https://www.inaturalist.org/observations/37454762,https://static.inaturalist.org/photos/59379993/medium.jpg,"S Highway A1A, Jupiter, FL, US",26.92461273,-80.06709756000001,United States,Juvenile
37454774.0,Fri Jan 10 2020 09:11:49 GMT-0500 (EST),2020-01-10,https://www.inaturalist.org/observations/37454774,https://static.inaturalist.org/photos/59380002/medium.jpg,"S Highway A1A, Jupiter, FL, US",26.92466666,-80.06704635,United States,Not Juvenile
37454794.0,Fri Jan 10 2020 09:12:02 GMT-0500 (EST),2020-01-10,https://www.inaturalist.org/observations/37454794,https://static.inaturalist.org/photos/59380016/medium.jpg,"S Highway A1A, Jupiter, FL, US",26.92466503,-80.06704761,United States,Not Juvenile
37454813.0,Fri Jan 10 2020 09:12:11 GMT-0500 (EST),2020-01-10,https://www.inaturalist.org/observations/37454813,https://static.inaturalist.org/photos/59380028/medium.jpg,"S Highway A1A, Jupiter, FL, US",26.92463498,-80.06710368,United States,Juvenile
37454822.0,Fri Jan 10 2020 09:12:35 GMT-0500 (EST),2020-01-10,https://www.inaturalist.org/observations/37454822,https://static.inaturalist.org/photos/59380034/medium.jpg,"S Highway A1A, Jupiter, FL, US",26.9245559,-80.06703948,United States,Not Juvenile
37454829.0,Fri Jan 10 2020 09:12:49 GMT-0500 (EST),2020-01-10,https://www.inaturalist.org/observations/37454829,https://static.inaturalist.org/photos/59380073/medium.jpg,"S Highway A1A, Jupiter, FL, US",26.92455053,-80.06704979,United States,Juvenile
37454843.0,Fri Jan 10 2020 09:13:10 GMT-0500 (EST),2020-01-10,https://www.inaturalist.org/observations/37454843,https://static.inaturalist.org/photos/59380085/medium.jpg,"S Highway A1A, Jupiter, FL, US",26.92459475,-80.06708432,United States,Not Juvenile
37454848.0,Fri Jan 10 2020 09:13:27 GMT-0500 (EST),2020-01-10,https://www.inaturalist.org/observations/37454848,https://static.inaturalist.org/photos/59380097/medium.jpg,"Straits of Florida, Jupiter, FL, US",26.92459374,-80.06689162,United States,Not Juvenile
37454864.0,Fri Jan 10 2020 09:13:41 GMT-0500 (EST),2020-01-10,https://www.inaturalist.org/observations/37454864,https://static.inaturalist.org/photos/59380112/medium.jpg,"S Highway A1A, Jupiter, FL, US",26.92450351,-80.06713017,United States,Not Juvenile
37454868.0,Fri Jan 10 2020 09:14:03 GMT-0500 (EST),2020-01-10,https://www.inaturalist.org/observations/37454868,https://static.inaturalist.org/photos/59380140/medium.jpg,"S Highway A1A, Jupiter, FL, US",26.92448943,-80.06704534,United States,Not Juvenile
37454875.0,Fri Jan 10 2020 09:14:15 GMT-0500 (EST),2020-01-10,https://www.inaturalist.org/observations/37454875,https://static.inaturalist.org/photos/59380152/medium.jpg,"S Highway A1A, Jupiter, FL, US",26.9245292,-80.06704928,United States,Not Juvenile
37454880.0,Fri Jan 10 2020 09:14:55 GMT-0500 (EST),2020-01-10,https://www.inaturalist.org/observations/37454880,https://static.inaturalist.org/photos/59380172/medium.jpg,"S Highway A1A, Jupiter, FL, US",26.92448633,-80.06703671,United States,Not Juvenile
37454899.0,Fri Jan 10 2020 09:15:16 GMT-0500 (EST),2020-01-10,https://www.inaturalist.org/observations/37454899,https://static.inaturalist.org/photos/59380205/medium.jpg,"S Highway A1A, Jupiter, FL, US",26.9243378,-80.06701693000001,United States,Juvenile
37454911.0,Fri Jan 10 2020 09:15:28 GMT-0500 (EST),2020-01-10,https://www.inaturalist.org/observations/37454911,https://static.inaturalist.org/photos/59380225/medium.jpg,"S Highway A1A, Jupiter, FL, US",26.92430687,-80.06705037,United States,Juvenile
37454924.0,Fri Jan 10 2020 09:15:43 GMT-0500 (EST),2020-01-10,https://www.inaturalist.org/observations/37454924,https://static.inaturalist.org/photos/59380237/medium.jpg,"S Highway A1A, Jupiter, FL, US",26.92433726,-80.06704995,United States,Not Juvenile
37454931.0,Fri Jan 10 2020 09:16:07 GMT-0500 (EST),2020-01-10,https://www.inaturalist.org/observations/37454931,https://static.inaturalist.org/photos/59380272/medium.jpg,"S Highway A1A, Jupiter, FL, US",26.9242267,-80.06700444,United States,Uncertain
37454935.0,Fri Jan 10 2020 09:16:40 GMT-0500 (EST),2020-01-10,https://www.inaturalist.org/observations/37454935,https://static.inaturalist.org/photos/59380261/medium.jpg,"S Highway A1A, Jupiter, FL, US",26.92421153,-80.06700478,United States,Juvenile
37454943.0,Fri Jan 10 2020 09:16:50 GMT-0500 (EST),2020-01-10,https://www.inaturalist.org/observations/37454943,https://static.inaturalist.org/photos/59380284/medium.jpg,"S Highway A1A, Jupiter, FL, US",26.92419925,-80.06700318,United States,Juvenile
37454945.0,Fri Jan 10 2020 09:17:02 GMT-0500 (EST),2020-01-10,https://www.inaturalist.org/observations/37454945,https://static.inaturalist.org/photos/59380291/medium.jpg,"S Highway A1A, Jupiter, FL, US",26.92421333,-80.06706059999999,United States,Juvenile
37454949.0,Fri Jan 10 2020 09:17:19 GMT-0500 (EST),2020-01-10,https://www.inaturalist.org/observations/37454949,https://static.inaturalist.org/photos/59380477/medium.jpg,"S Highway A1A, Jupiter, FL, US",26.92423198,-80.06712707,United States,Juvenile
37455094.0,Fri Jan 10 2020 09:17:35 GMT-0500 (EST),2020-01-10,https://www.inaturalist.org/observations/37455094,https://static.inaturalist.org/photos/59380483/medium.jpg,"S Highway A1A, Jupiter, FL, US",26.92416899,-80.06702607,United States,Juvenile
37455105.0,Fri Jan 10 2020 09:17:48 GMT-0500 (EST),2020-01-10,https://www.inaturalist.org/observations/37455105,https://static.inaturalist.org/photos/59380493/medium.jpg,"S Highway A1A, Jupiter, FL, US",26.92416308,-80.06701198,United States,Not Juvenile
37455118.0,Fri Jan 10 2020 09:17:58 GMT-0500 (EST),2020-01-10,https://www.inaturalist.org/observations/37455118,https://static.inaturalist.org/photos/59380498/medium.jpg,"S Highway A1A, Jupiter, FL, US",26.9241578,-80.06702397000001,United States,Not Juvenile
37455120.0,Fri Jan 10 2020 09:18:38 GMT-0500 (EST),2020-01-10,https://www.inaturalist.org/observations/37455120,https://static.inaturalist.org/photos/59380509/medium.jpg,"S Highway A1A, Jupiter, FL, US",26.92414166,-80.06697527,United States,Juvenile
37473201.0,2020/01/10 12:39 PM PST,2020-01-10,https://www.inaturalist.org/observations/37473201,https://inaturalist-open-data.s3.amazonaws.com/photos/59411668/medium.jpeg,"Miami Beach, FL, USA",25.77999561,-80.12809353,United States,Not Juvenile
37473458.0,Fri Jan 10 2020 21:19:10 GMT-0500 (EST),2020-01-10,https://www.inaturalist.org/observations/37473458,https://static.inaturalist.org/photos/59412390/medium.jpg,"Straits of Florida, Riviera Beach, FL, US",26.79072833,-80.03170833,United States,Not Juvenile
37493425.0,Fri Jan 10 2020 14:43:42 GMT-0500 (EST),2020-01-10,https://www.inaturalist.org/observations/37493425,https://inaturalist-open-data.s3.amazonaws.com/photos/59447034/medium.jpg,"Loggerhead Park, Juno Beach, FL, US",26.883270000000003,-80.05493883,United States,Not Juvenile
37499546.0,Thu Dec 12 2019 12:49:54 GMT-0600 (CST),2019-12-12,https://www.inaturalist.org/observations/37499546,https://static.inaturalist.org/photos/59458612/medium.jpg,"FL, US",25.78076167,-80.12812783,United States,Not Juvenile
37503904.0,Sat Jan 11 2020 09:14:50 GMT-0500 (EST),2020-01-11,https://www.inaturalist.org/observations/37503904,https://static.inaturalist.org/photos/59465339/medium.jpg,"Dr. Von D. Mizell-Eula Johnson State Park, Hollywood, FL, US",26.0713515,-80.11060667,United States,Not Juvenile
37528420.0,Sun Jan 12 2020 12:39:57 GMT-0500 (EST),2020-01-12,https://www.inaturalist.org/observations/37528420,https://inaturalist-open-data.s3.amazonaws.com/photos/59510425/medium.jpg,"33141, Miami Beach, FL, US",25.84486975,-80.11887652,United States,Not Juvenile
37531634.0,Sun Jan 12 2020 14:30:44 GMT-0500 (EST),2020-01-12,https://www.inaturalist.org/observations/37531634,https://static.inaturalist.org/photos/59591478/medium.jpg,"Fat Deer Key, Marathon, FL, US",24.72949167,-81.00167222,United States,Not Juvenile
37536860.0,Sun Jan 12 2020 15:58:27 GMT-0500 (EST),2020-01-12,https://www.inaturalist.org/observations/37536860,https://static.inaturalist.org/photos/59525141/medium.jpg,"Atlantic Ocean, Cape Canaveral, FL, US",28.391724999999997,-80.59543667,United States,Not Juvenile
37563950.0,Mon Jan 13 2020 14:36:39 GMT-0500 (EST),2020-01-13,https://www.inaturalist.org/observations/37563950,https://static.inaturalist.org/photos/59573720/medium.jpg,"Indian Key Fill, Islamorada, FL, US",24.88924834,-80.67633485,United States,Not Juvenile
37563993.0,Mon Jan 13 2020 14:36:50 GMT-0500 (EST),2020-01-13,https://www.inaturalist.org/observations/37563993,https://static.inaturalist.org/photos/59573753/medium.jpg,"Indian Key Fill, Islamorada, FL, US",24.8892224,-80.67628741,United States,Uncertain
37564004.0,Mon Jan 13 2020 14:37:21 GMT-0500 (EST),2020-01-13,https://www.inaturalist.org/observations/37564004,https://static.inaturalist.org/photos/59574379/medium.jpg,"Indian Key Fill, Islamorada, FL, US",24.88917429,-80.67636897,United States,Not Juvenile
37570561.0,Mon Jan 13 2020 13:12:31 GMT-0500 (EST),2020-01-13,https://www.inaturalist.org/observations/37570561,https://inaturalist-open-data.s3.amazonaws.com/photos/59584953/medium.jpg,"Straits of Florida, Lauderdale-by-the-Sea, FL, US",26.19301167,-80.09426117,United States,Not Juvenile
37587118.0,Tue Jan 14 2020 10:41:26 GMT-0500 (EST),2020-01-14,https://www.inaturalist.org/observations/37587118,https://inaturalist-open-data.s3.amazonaws.com/photos/59614404/medium.jpg,"Fat Deer Key, Key Colony Beach, FL, US",24.7185192,-81.02074625,United States,Not Juvenile
37601125.0,Tue Jan 14 2020 17:24:51 GMT-0500 (EST),2020-01-14,https://www.inaturalist.org/observations/37601125,https://static.inaturalist.org/photos/59638989/medium.jpg,"Atlantic Ocean, Ormond Beach, FL, US",29.28801167,-81.03629167,United States,Not Juvenile
37616512.0,Wed Jan 15 2020 10:19:27 GMT-0500 (EST),2020-01-15,https://www.inaturalist.org/observations/37616512,https://static.inaturalist.org/photos/59667112/medium.jpg,"Straits of Florida, Palm Beach, FL, US",26.62547731,-80.03661647,United States,Not Juvenile
37617952.0,Mon Jan 13 2020 10:08:44 GMT-0500 (EST),2020-01-13,https://www.inaturalist.org/observations/37617952,https://static.inaturalist.org/photos/61173358/medium.jpg,"Straits of Florida, FL, US",25.70066208,-80.15465496,United States,Not Juvenile
37633601.0,Mon Jan 13 2020 16:01:13 GMT-0600 (CST),2020-01-13,https://www.inaturalist.org/observations/37633601,https://static.inaturalist.org/photos/59695874/medium.jpg,"DuBois Park, Jupiter, FL, US",26.94192797,-80.0756257,United States,Not Juvenile
37659270.0,Thu Jan 16 2020 15:03:14 GMT-0500 (EST),2020-01-16,https://www.inaturalist.org/observations/37659270,https://static.inaturalist.org/photos/59746849/medium.jpg,"FL, US",25.7841025,-80.127704,United States,Not Juvenile
37664114.0,2020/01/16 4:17 PM EST,2020-01-16,https://www.inaturalist.org/observations/37664114,https://static.inaturalist.org/photos/59755080/medium.jpg,"Biscayne National Park, Miami-Dade County, FL, USA",25.53369193,-80.3223969,United States,Not Juvenile
37664194.0,Thu Jan 16 2020 18:00:02 GMT-0500 (EST),2020-01-16,https://www.inaturalist.org/observations/37664194,https://static.inaturalist.org/photos/59755534/medium.jpg,"Straits of Florida, FL, US",25.87261829,-80.11939459999999,United States,Not Juvenile
37668244.0,2019-12-14 00:00:00,2019-12-14,https://www.inaturalist.org/observations/37668244,https://inaturalist-open-data.s3.amazonaws.com/photos/59763345/medium.jpeg,"Manalapan, FL, USA",26.54758739,-80.04220884,United States,Not Juvenile
37678453.0,2020-01-16T20:23:31-05:00,2020-01-17,https://www.inaturalist.org/observations/37678453,https://inaturalist-open-data.s3.amazonaws.com/photos/59781986/medium.jpeg,Palm Beach,26.464155,-80.0567555,United States,Not Juvenile
37688394.0,Sat Dec 28 2019 14:41:17 GMT-0500 (EST),2019-12-28,https://www.inaturalist.org/observations/37688394,https://static.inaturalist.org/photos/59799395/medium.jpg,"Straits of Florida, Hollywood, FL, US",26.01110833,-80.11512783,United States,Not Juvenile
37713613.0,2020-01-18 12:26:16 PM EST,2020-01-18,https://www.inaturalist.org/observations/37713613,https://static.inaturalist.org/photos/59844169/medium.jpeg,"St. Johns County, US-FL, US",29.8541523,-81.27880789999999,United States,Not Juvenile
37714667.0,Sat Jan 18 2020 13:06:55 GMT-0500 (EST),2020-01-18,https://www.inaturalist.org/observations/37714667,https://inaturalist-open-data.s3.amazonaws.com/photos/59845944/medium.jpg,"Miami Beach - Central, FL, US",25.80745833,-80.1216055,United States,Not Juvenile
37718128.0,Sat Jan 18 2020 15:07:43 GMT-0500 (EST),2020-01-18,https://www.inaturalist.org/observations/37718128,https://inaturalist-open-data.s3.amazonaws.com/photos/59855929/medium.jpg,"S Atlantic Ave, Daytona Beach Shores, FL, US",29.15475928,-80.9700919,United States,Not Juvenile
37722898.0,2020-01-18 5:26:11 PM EST,2020-01-18,https://www.inaturalist.org/observations/37722898,https://static.inaturalist.org/photos/59860250/medium.jpeg,"South Beach, Miami Beach, FL 33139, USA",25.76850891,-80.13134766,United States,Not Juvenile
37723304.0,Sat Jan 18 2020 13:46:36 GMT-0500 (EST),2020-01-18,https://www.inaturalist.org/observations/37723304,https://static.inaturalist.org/photos/59861048/medium.jpg,"Atlantic Ocean, FL, US",28.24216333,-80.60130333000001,United States,Not Juvenile
37723978.0,Sat Jan 18 2020 17:51:07 GMT-0500 (EST),2020-01-18,https://www.inaturalist.org/observations/37723978,https://static.inaturalist.org/photos/59861895/medium.jpg,"South Beach Park, Fort Lauderdale, FL, US",26.11171769,-80.10409327,United States,Not Juvenile
37728045.0,Sat Jan 18 2020 17:24:36 GMT-0500 (EST),2020-01-18,https://www.inaturalist.org/observations/37728045,https://static.inaturalist.org/photos/59868527/medium.jpg,"Straits of Florida, Tavernier, FL, US",25.01950283,-80.49868833000001,United States,Not Juvenile
37728741.0,Sat Jan 18 2020 16:16:44 GMT-0500 (EST),2020-01-18,https://www.inaturalist.org/observations/37728741,https://static.inaturalist.org/photos/59869522/medium.jpg,"Atlantic Ocean, Cocoa Beach, FL, US",28.36573833,-80.60216333,United States,Not Juvenile
37728863.0,Sat Jan 18 2020 15:27:18 GMT-0500 (EST),2020-01-18,https://www.inaturalist.org/observations/37728863,https://static.inaturalist.org/photos/59869710/medium.jpg,"Atlantic Ocean, Cocoa Beach, FL, US",28.36707,-80.60186667,United States,Not Juvenile
37728989.0,Sat Jan 18 2020 14:37:16 GMT-0500 (EST),2020-01-18,https://www.inaturalist.org/observations/37728989,https://static.inaturalist.org/photos/59869925/medium.jpg,"Atlantic Ocean, Cocoa Beach, FL, US",28.36765,-80.60171333,United States,Uncertain
37750563.0,Sun Jan 19 2020 12:55:20 GMT-0500 (EST),2020-01-19,https://www.inaturalist.org/observations/37750563,https://static.inaturalist.org/photos/59908464/medium.jpg,"North Atlantic Ocean, Palm Beach, FL, US",26.70392904,-80.03262858000001,United States,Not Juvenile
37752313.0,Sun Jan 19 2020 11:14:23 GMT-0500 (EST),2020-01-19,https://www.inaturalist.org/observations/37752313,https://inaturalist-open-data.s3.amazonaws.com/photos/59911479/medium.jpg,"Straits of Florida, FL, US",26.62031356,-80.02003204,United States,Not Juvenile
37753705.0,2020-01-18 6:26:44 PM EST,2020-01-18,https://www.inaturalist.org/observations/37753705,https://static.inaturalist.org/photos/59914095/medium.jpeg,"Boca Raton, FL 33431, USA",26.37564468,-80.06809235,United States,Not Juvenile
37768942.0,Sat Jan 18 2020 13:06:16 GMT-0500 (EST),2020-01-18,https://www.inaturalist.org/observations/37768942,https://inaturalist-open-data.s3.amazonaws.com/photos/60000447/medium.jpg,"Straits of Florida, FL, US",25.80737167,-80.12161383,United States,Not Juvenile
37770696.0,Sat Jan 18 2020 14:26:37 GMT-0500 (EST),2020-01-18,https://www.inaturalist.org/observations/37770696,https://inaturalist-open-data.s3.amazonaws.com/photos/59945098/medium.jpg,"Hutchinson Island, Fort Pierce, FL, US",27.46464392,-80.29966631,United States,Not Juvenile
37817284.0,Sun Jan 19 2020 15:00:00 GMT-0500 (EST),2020-01-19,https://www.inaturalist.org/observations/37817284,https://inaturalist-open-data.s3.amazonaws.com/photos/60028656/medium.jpeg,Fort Pierce,27.4420964,-80.28073853000001,United States,Not Juvenile
37846568.0,2020-01-22 10:14:20 AM EST,2020-01-22,https://www.inaturalist.org/observations/37846568,https://static.inaturalist.org/photos/60077764/medium.jpeg,"2573 S. Atlantic Ib, Daytona Beach Shores, FL 32118, USA",29.1855526,-80.98628998,United States,Not Juvenile
37871102.0,2020/01/20 8:14 AM EST,2020-01-20,https://www.inaturalist.org/observations/37871102,https://inaturalist-open-data.s3.amazonaws.com/photos/60120725/medium.jpg,"Monroe County, FL, USA",24.88319528,-80.69054539,United States,Not Juvenile
37921794.0,Fri Jan 24 2020 13:30:21 GMT-0500 (EST),2020-01-24,https://www.inaturalist.org/observations/37921794,https://inaturalist-open-data.s3.amazonaws.com/photos/60192065/medium.jpg,"Atlantic Ocean, Ponce Inlet, FL, US",29.11634377,-80.94769089,United States,Not Juvenile
37943336.0,Sat Jan 25 2020 07:12:21 GMT-0500 (EST),2020-01-25,https://www.inaturalist.org/observations/37943336,https://static.inaturalist.org/photos/60229213/medium.jpg,"Atlantic Ocean, Cocoa Beach, FL, US",28.36794047,-80.60179468,United States,Not Juvenile
37945081.0,Sat Jan 25 2020 08:42:00 GMT-0500 (EST),2020-01-25,https://www.inaturalist.org/observations/37945081,https://static.inaturalist.org/photos/60232355/medium.jpg,"N Highway A1A, Indialantic, FL, US",28.10098134,-80.56907967000001,United States,Not Juvenile
37963342.0,2020-01-24 12:37:45 PM EST,2020-01-24,https://www.inaturalist.org/observations/37963342,https://static.inaturalist.org/photos/60263192/medium.jpeg,"Ocean Oaks Condo, Cape Canaveral, FL 32920, USA",28.39758682,-80.5955658,United States,Uncertain
37963383.0,2020-01-24 12:46:24 PM EST,2020-01-24,https://www.inaturalist.org/observations/37963383,https://static.inaturalist.org/photos/60263281/medium.jpeg,"Ocean Oaks Condo, Cape Canaveral, FL 32920, USA",28.39785194,-80.59369659000001,United States,Not Juvenile
37963407.0,2020-01-24 12:32:49 PM EST,2020-01-24,https://www.inaturalist.org/observations/37963407,https://static.inaturalist.org/photos/60263338/medium.jpeg,"Cape Canaveral, FL 32920, USA",28.40068054,-80.59240723,United States,Not Juvenile
38047765.0,Sun Feb 10 2019 11:17:59 GMT-0600 (CST),2019-02-10,https://www.inaturalist.org/observations/38047765,https://static.inaturalist.org/photos/60413064/medium.jpg,"Lower Matecumbe Key, Islamorada, FL, US",24.88325833,-80.69078833,United States,Not Juvenile
38105808.0,2020/01/18 7:25 AM EST,2020-01-18,https://www.inaturalist.org/observations/38105808,https://inaturalist-open-data.s3.amazonaws.com/photos/60514274/medium.jpeg,Playalinda beach,28.49852343,-80.57700362,United States,Not Juvenile
38147520.0,2020/01/29 3:28 PM EST,2020-01-29,https://www.inaturalist.org/observations/38147520,https://inaturalist-open-data.s3.amazonaws.com/photos/60588670/medium.jpg,"Brevard County, FL, USA",28.76117126,-80.71667206000001,United States,Not Juvenile
38273209.0,2018/02/19 5:36 PM HST,2018-02-19,https://www.inaturalist.org/observations/38273209,https://static.inaturalist.org/photos/60790978/medium.jpg,"Indian River County, FL, USA",27.85952395,-80.4470221,United States,Not Juvenile
38376170.0,Thu Feb 06 2020 07:28:04 GMT-0500 (EST),2020-02-06,https://www.inaturalist.org/observations/38376170,https://static.inaturalist.org/photos/60983832/medium.jpg,"North Atlantic Ocean, Palm Beach, FL, US",26.70229897,-80.0327966,United States,Not Juvenile
38408710.0,2020/01/11 12:00 PM EST,2020-01-11,https://www.inaturalist.org/observations/38408710,https://inaturalist-open-data.s3.amazonaws.com/photos/61037725/medium.jpg,"56200 Overseas Hwy, Marathon, FL 33050, USA",24.7412625,-80.9807835,United States,Not Juvenile
38471284.0,Sun Feb 09 2020 12:39:44 GMT-0500 (EST),2020-02-09,https://www.inaturalist.org/observations/38471284,https://static.inaturalist.org/photos/61170702/medium.jpg,"Straits of Florida, Miami Beach, FL, US",25.853145,-80.1188195,United States,Not Juvenile
38505125.0,Sun Feb 09 2020 14:40:27 GMT-0500 (EST),2020-02-09,https://www.inaturalist.org/observations/38505125,https://inaturalist-open-data.s3.amazonaws.com/photos/61206144/medium.jpg,"North Atlantic Ocean, FL, US",26.50559167,-80.05092499999999,United States,Not Juvenile
38515800.0,2020-02-08 9:39:20 AM EST,2020-02-08,https://www.inaturalist.org/observations/38515800,https://inaturalist-open-data.s3.amazonaws.com/photos/61224383/medium.jpeg,"Monroe County, US-FL, US",24.81275833,-80.81933889,United States,Not Juvenile
38540695.0,2020/02/09 2:56 PM PST,2020-02-09,https://www.inaturalist.org/observations/38540695,https://static.inaturalist.org/photos/61268769/medium.jpeg,"Palm Beach, Florida, United States",26.82220278,-80.03784167,United States,Not Juvenile
38543711.0,Tue Feb 11 2020 13:50:40 GMT-0500 (EST),2020-02-11,https://www.inaturalist.org/observations/38543711,https://inaturalist-open-data.s3.amazonaws.com/photos/61274484/medium.jpg,"Ocean Park Beach, Dania Beach, FL, US",26.05761667,-80.11151117,United States,Not Juvenile
38550739.0,2020-02-10 5:30:09 PM EST,2020-02-10,https://www.inaturalist.org/observations/38550739,https://inaturalist-open-data.s3.amazonaws.com/photos/61286193/medium.jpeg,"Deerfield Beach, FL 33441, USA",26.31631331,-80.07516582,United States,Not Juvenile
38558969.0,Tue Feb 11 2020 18:01:16 GMT-0500 (EST),2020-02-11,https://www.inaturalist.org/observations/38558969,https://inaturalist-open-data.s3.amazonaws.com/photos/61299840/medium.jpg,"Straits of Florida, FL, US",25.78709667,-80.12707499999999,United States,Not Juvenile
38591847.0,2019/04/06 9:18 AM EDT,2019-04-06,https://www.inaturalist.org/observations/38591847,https://inaturalist-open-data.s3.amazonaws.com/photos/61354237/medium.jpeg,"Broward County, FL, USA",26.12182212,-80.08925219999999,United States,Not Juvenile
38605006.0,2020/02/12 9:48 AM EST,2020-02-12,https://www.inaturalist.org/observations/38605006,https://inaturalist-open-data.s3.amazonaws.com/photos/61377722/medium.jpeg,"Hollywood, FL, USA",26.0734639,-80.11013659,United States,Not Juvenile
38710611.0,2020-02-16 9:45:05 AM EST,2020-02-16,https://www.inaturalist.org/observations/38710611,https://static.inaturalist.org/photos/61566415/medium.jpeg,"Brevard County, US-FL, US",28.30885997,-80.60739397,United States,Not Juvenile
38710701.0,Sun Feb 16 2020 08:01:09 GMT-0500 (EST),2020-02-16,https://www.inaturalist.org/observations/38710701,https://static.inaturalist.org/photos/61566651/medium.jpg,"El Mar Dr, Lauderdale-by-the-Sea, FL, US",26.19236333,-80.09434449999999,United States,Not Juvenile
38713887.0,2020-02-16 11:36:38 AM EST,2020-02-16,https://www.inaturalist.org/observations/38713887,https://static.inaturalist.org/photos/61572485/medium.jpeg,"Dania Beach, FL 33004, USA",26.05832591,-80.11331387,United States,Not Juvenile
38717735.0,Sun Feb 16 2020 13:23:43 GMT-0500 (EST),2020-02-16,https://www.inaturalist.org/observations/38717735,https://static.inaturalist.org/photos/61579342/medium.jpg,"North Atlantic Ocean, FL, US",27.6271134,-80.34854972000001,United States,Not Juvenile
38717756.0,Sun Feb 16 2020 13:24:28 GMT-0500 (EST),2020-02-16,https://www.inaturalist.org/observations/38717756,https://static.inaturalist.org/photos/135253711/medium.jpg,"North Atlantic Ocean, FL, US",27.62708951,-80.34849767,United States,Not Juvenile
38729609.0,Sun Feb 16 2020 18:02:22 GMT-0500 (EST),2020-02-16,https://www.inaturalist.org/observations/38729609,https://inaturalist-open-data.s3.amazonaws.com/photos/61651790/medium.jpg,"Atlantic St, Melbourne Beach, FL, US",28.06275137,-80.55368152,United States,Uncertain
38732045.0,2020/02/16 3:21 PM EST,2020-02-16,https://www.inaturalist.org/observations/38732045,https://inaturalist-open-data.s3.amazonaws.com/photos/61603399/medium.jpeg,"Sunny Isles Beach, FL 33160, USA",25.9290793,-80.12051965,United States,Not Juvenile
38732046.0,2020/02/16 4:28 PM EST,2020-02-16,https://www.inaturalist.org/observations/38732046,https://inaturalist-open-data.s3.amazonaws.com/photos/61603457/medium.jpeg,"Sunny Isles Beach, FL 33160, USA",25.92867487,-80.12050563,United States,Not Juvenile
38736864.0,Sun Feb 16 2020 14:41:03 GMT-0500 (EST),2020-02-16,https://www.inaturalist.org/observations/38736864,https://inaturalist-open-data.s3.amazonaws.com/photos/61612209/medium.jpg,"Cape Canaveral, FL, US",28.40287167,-80.59153667,United States,Uncertain
38802649.0,2020-02-18 1:44:33 PM EST,2020-02-18,https://www.inaturalist.org/observations/38802649,https://static.inaturalist.org/photos/61726944/medium.jpeg,"Vero Beach, FL, USA",27.65666199,-80.35632324,United States,Not Juvenile
38805267.0,Tue Feb 18 2020 14:38:39 GMT-0500 (EST),2020-02-18,https://www.inaturalist.org/observations/38805267,https://static.inaturalist.org/photos/61729873/medium.jpg,"Key Biscayne, FL, US",25.66772772,-80.15489541,United States,Not Juvenile
38810605.0,2020-02-16 2:28:12 PM EST,2020-02-16,https://www.inaturalist.org/observations/38810605,https://inaturalist-open-data.s3.amazonaws.com/photos/61738589/medium.jpeg,"Palm Beach, FL, USA",26.72078133,-80.03422546,United States,Not Juvenile
38810620.0,2020-02-16 2:27:18 PM EST,2020-02-16,https://www.inaturalist.org/observations/38810620,https://inaturalist-open-data.s3.amazonaws.com/photos/61738619/medium.jpeg,"Palm Beach, FL, USA",26.72095871,-80.03427887000001,United States,Juvenile
38810633.0,2020-02-16 2:28:43 PM EST,2020-02-16,https://www.inaturalist.org/observations/38810633,https://inaturalist-open-data.s3.amazonaws.com/photos/61738651/medium.jpeg,"Palm Beach, FL, USA",26.72112656,-80.0344696,United States,Not Juvenile
38856159.0,Wed Feb 19 2020 15:57:19 GMT-0500 (EST),2020-02-19,https://www.inaturalist.org/observations/38856159,https://static.inaturalist.org/photos/61794773/medium.jpg,"North Atlantic Ocean, Vero Beach, FL, US",27.65532167,-80.35568833,United States,Not Juvenile
39071133.0,2020-02-22 1:48:16 PM EST,2020-02-22,https://www.inaturalist.org/observations/39071133,https://inaturalist-open-data.s3.amazonaws.com/photos/61996385/medium.jpeg,"Palm Beach, FL, USA",26.72253037,-80.03450012,United States,Not Juvenile
39082450.0,2020-02-22 2:25:43 PM EST,2020-02-22,https://www.inaturalist.org/observations/39082450,https://inaturalist-open-data.s3.amazonaws.com/photos/62015151/medium.jpeg,"Palm Beach, FL, USA",26.72141838,-80.0344162,United States,Not Juvenile
39092682.0,2020-02-23 6:59:36 AM EST,2020-02-23,https://www.inaturalist.org/observations/39092682,https://inaturalist-open-data.s3.amazonaws.com/photos/62027128/medium.jpeg,"Palm Beach, FL, USA",26.72099495,-80.03437042,United States,Not Juvenile
39097581.0,Sun Feb 23 2020 13:29:28 GMT-0500 (EST),2020-02-23,https://www.inaturalist.org/observations/39097581,https://inaturalist-open-data.s3.amazonaws.com/photos/62035241/medium.jpg,"Hollywood Beach, Hollywood, FL, US",26.0229595,-80.11445154,United States,Uncertain
39163260.0,2020-02-24 12:03:58 PM EST,2020-02-24,https://www.inaturalist.org/observations/39163260,https://static.inaturalist.org/photos/62107683/medium.jpeg,"Boca Raton, FL 33432, USA",26.36012794,-80.06874598,United States,Juvenile
39167312.0,Sat Feb 22 2020 10:12:00 GMT-0500 (EST),2020-02-22,https://www.inaturalist.org/observations/39167312,https://inaturalist-open-data.s3.amazonaws.com/photos/62109076/medium.jpg,"S Ocean Blvd, Palm Beach, FL, US",26.70493,-80.03326383,United States,Not Juvenile
39178727.0,Mon Feb 24 2020 15:34:56 GMT-0500 (EST),2020-02-24,https://www.inaturalist.org/observations/39178727,https://inaturalist-open-data.s3.amazonaws.com/photos/62133758/medium.jpg,"Jupiter Island, Tequesta, FL, US",26.96455833,-80.07879717,United States,Not Juvenile
39186489.0,Sat Feb 22 2020 11:47:53 GMT-0500 (EST),2020-02-22,https://www.inaturalist.org/observations/39186489,https://inaturalist-open-data.s3.amazonaws.com/photos/62135150/medium.jpg,"Singer Island, Juno Beach, FL, US",26.8756988,-80.05096294,United States,Not Juvenile
39265700.0,2020-02-26 5:18:23 PM EST,2020-02-26,https://www.inaturalist.org/observations/39265700,https://static.inaturalist.org/photos/62274397/medium.jpeg,"JUPITER INLET, FL 33469, USA",26.97084997,-80.08789061,United States,Not Juvenile
39284970.0,2020/02/25 10:42 AM CST,2020-02-25,https://www.inaturalist.org/observations/39284970,https://static.inaturalist.org/photos/62308281/medium.jpeg,"Miami-Dade County, FL, USA",25.70450908,-80.15310155,United States,Not Juvenile
39451683.0,2020-03-01 4:43:46 PM EST,2020-03-01,https://www.inaturalist.org/observations/39451683,https://inaturalist-open-data.s3.amazonaws.com/photos/62595542/medium.jpeg,"North Palm Beach, FL, USA",26.82073906,-80.03792322,United States,Not Juvenile
39454016.0,Mon Mar 02 2020 10:54:02 GMT-0500 (EST),2020-03-02,https://www.inaturalist.org/observations/39454016,https://static.inaturalist.org/photos/62598943/medium.jpg,"Straits of Florida, Fort Lauderdale, FL, US",26.12608617,-80.10315833,United States,Not Juvenile
39471885.0,Mon Mar 02 2020 16:53:10 GMT-0500 (EST),2020-03-02,https://www.inaturalist.org/observations/39471885,https://static.inaturalist.org/photos/62629172/medium.jpg,"N Fort Lauderdale Beach Blvd, Fort Lauderdale, FL, US",26.1454195,-80.10167783,United States,Not Juvenile
39608247.0,Thu Mar 05 2020 10:38:50 GMT-0500 (EST),2020-03-05,https://www.inaturalist.org/observations/39608247,https://static.inaturalist.org/photos/62855405/medium.jpg,"Biscayne Bay, Miami, FL, US",25.72428392,-80.21903903,United States,Not Juvenile
39697376.0,Sun Mar 08 2020 08:58:22 GMT-0400 (EDT),2020-03-08,https://www.inaturalist.org/observations/39697376,https://inaturalist-open-data.s3.amazonaws.com/photos/63006276/medium.jpg,"Straits of Florida, FL, US",26.249845,-80.08443333,United States,Not Juvenile
39738967.0,Mon Feb 24 2020 11:34:37 GMT-0500 (EST),2020-02-24,https://www.inaturalist.org/observations/39738967,https://inaturalist-open-data.s3.amazonaws.com/photos/63077098/medium.jpg,"Jupiter Inlet Colony, FL, US",26.95074167,-80.07945283000001,United States,Not Juvenile
39753007.0,2020-03-09 10:48:13 AM EDT,2020-03-09,https://www.inaturalist.org/observations/39753007,https://static.inaturalist.org/photos/63101861/medium.jpeg,"Fisher Island, FL 33109, USA",25.7626775,-80.1396809,United States,Not Juvenile
39767926.0,Mon Mar 09 2020 16:23:26 GMT-0400 (EDT),2020-03-09,https://www.inaturalist.org/observations/39767926,https://static.inaturalist.org/photos/63129480/medium.jpg,"S Ocean Blvd, Palm Beach, FL, US",26.612725,-80.03653617,United States,Not Juvenile
39776570.0,Mon Mar 09 2020 19:32:06 GMT-0400 (EDT),2020-03-09,https://www.inaturalist.org/observations/39776570,https://inaturalist-open-data.s3.amazonaws.com/photos/63140648/medium.jpg,"17th St, Miami Beach, FL, US",25.79119182,-80.12674627,United States,Not Juvenile
39816345.0,Tue Mar 10 2020 18:16:08 GMT-0400 (EDT),2020-03-10,https://www.inaturalist.org/observations/39816345,https://inaturalist-open-data.s3.amazonaws.com/photos/63207778/medium.jpg,"Jupiter Island, Jupiter Island, FL, US",27.00764452,-80.09058562,United States,Not Juvenile
39816413.0,Tue Mar 10 2020 18:12:21 GMT-0400 (EDT),2020-03-10,https://www.inaturalist.org/observations/39816413,https://inaturalist-open-data.s3.amazonaws.com/photos/63207882/medium.jpg,"North Atlantic Ocean, FL, US",27.00766667,-80.09047783,United States,Not Juvenile
39838970.0,Wed Mar 11 2020 10:42:17 GMT-0400 (EDT),2020-03-11,https://www.inaturalist.org/observations/39838970,https://inaturalist-open-data.s3.amazonaws.com/photos/63248224/medium.jpg,"North Hutchinson Island, Vero Beach, FL, US",27.6665179,-80.35899675,United States,Not Juvenile
39849547.0,Wed Mar 11 2020 15:23:38 GMT-0400 (EDT),2020-03-11,https://www.inaturalist.org/observations/39849547,https://static.inaturalist.org/photos/63264487/medium.jpg,"Melbourne Beach, FL, US",28.06800608,-80.55571466,United States,Not Juvenile
39849774.0,Wed Mar 11 2020 15:28:28 GMT-0400 (EDT),2020-03-11,https://www.inaturalist.org/observations/39849774,https://static.inaturalist.org/photos/63269788/medium.jpg,"Atlantic St, Melbourne Beach, FL, US",28.0656112,-80.55480111,United States,Not Juvenile
39852829.0,Wed Mar 11 2020 15:32:59 GMT-0400 (EDT),2020-03-11,https://www.inaturalist.org/observations/39852829,https://static.inaturalist.org/photos/64021772/medium.jpg,"Atlantic St, Melbourne Beach, FL, US",28.0637399,-80.55429401,United States,Not Juvenile
39858878.0,2020/03/09 1:27 PM EDT,2020-03-09,https://www.inaturalist.org/observations/39858878,https://static.inaturalist.org/photos/63279921/medium.jpeg,"Miami Beach, FL, USA",25.77922633,-80.12820189,United States,Not Juvenile
39910989.0,2020-03-09 11:16:00 AM EDT,2020-03-09,https://www.inaturalist.org/observations/39910989,https://inaturalist-open-data.s3.amazonaws.com/photos/63368986/medium.jpg,Virginia Key. Lagoon and Upland,25.75246108,-80.1465119,United States,Not Juvenile
39911330.0,2020/03/09 10:10 AM UTC,2020-03-09,https://www.inaturalist.org/observations/39911330,https://inaturalist-open-data.s3.amazonaws.com/photos/63369275/medium.jpeg,"Virginia Key, Miami, FL, USA",25.75303918,-80.1464147,United States,Not Juvenile
40003627.0,Wed Mar 11 2020 14:17:37 GMT-0400 (EDT),2020-03-11,https://www.inaturalist.org/observations/40003627,https://static.inaturalist.org/photos/63526101/medium.jpg,"North Atlantic Ocean, Cocoa Beach, FL, US",28.335225,-80.60603333,United States,Not Juvenile
40082205.0,Mon Mar 16 2020 11:11:10 GMT-0400 (EDT),2020-03-16,https://www.inaturalist.org/observations/40082205,https://static.inaturalist.org/photos/63658788/medium.jpg,"Straits of Florida, FL, US",26.2310678,-80.08861882000001,United States,Not Juvenile
40082227.0,Mon Mar 16 2020 11:12:07 GMT-0400 (EDT),2020-03-16,https://www.inaturalist.org/observations/40082227,https://static.inaturalist.org/photos/63658835/medium.jpg,"Straits of Florida, FL, US",26.23109481,-80.08862343,United States,Not Juvenile
40097653.0,Mon Mar 16 2020 16:51:35 GMT-0400 (EDT),2020-03-16,https://www.inaturalist.org/observations/40097653,https://static.inaturalist.org/photos/63685613/medium.jpg,"New Smyrna Beach, New Smyrna Beach, FL, US",29.03575861,-80.89366679,United States,Not Juvenile
40103060.0,Sun Mar 15 2020 16:41:22 GMT-0400 (EDT),2020-03-15,https://www.inaturalist.org/observations/40103060,https://inaturalist-open-data.s3.amazonaws.com/photos/63695054/medium.jpg,"Straits of Florida, Bal Harbour, FL, US",25.89106167,-80.12121667,United States,Not Juvenile
40109735.0,Mon Mar 16 2020 17:39:35 GMT-0400 (EDT),2020-03-16,https://www.inaturalist.org/observations/40109735,https://inaturalist-open-data.s3.amazonaws.com/photos/63706683/medium.jpg,"N Ocean Blvd, Palm Beach, FL, US",26.72054897,-80.03419937,United States,Not Juvenile
40124332.0,Sun Mar 15 2020 09:14:42 GMT-0400 (EDT),2020-03-15,https://www.inaturalist.org/observations/40124332,https://inaturalist-open-data.s3.amazonaws.com/photos/63732634/medium.jpg,"Ridgewood Ave, Cape Canaveral, FL, US",28.39322167,-80.59570333,United States,Not Juvenile
40124787.0,Sat Mar 14 2020 18:21:59 GMT-0400 (EDT),2020-03-14,https://www.inaturalist.org/observations/40124787,https://inaturalist-open-data.s3.amazonaws.com/photos/63733277/medium.jpg,"North Atlantic Ocean, Cocoa Beach, FL, US",28.35794167,-80.60327833,United States,Not Juvenile
40126509.0,Mon Mar 16 2020 12:19:04 GMT-0400 (EDT),2020-03-16,https://www.inaturalist.org/observations/40126509,https://inaturalist-open-data.s3.amazonaws.com/photos/63735259/medium.jpg,"FL, US",26.24875662,-80.08489311,United States,Not Juvenile
40130712.0,Tue Mar 17 2020 11:28:26 GMT-0400 (EDT),2020-03-17,https://www.inaturalist.org/observations/40130712,https://inaturalist-open-data.s3.amazonaws.com/photos/63742651/medium.jpg,"Satellite Beach, FL, US",28.21562722,-80.59722493,United States,Not Juvenile
40183361.0,Wed Mar 18 2020 11:11:19 GMT-0400 (EDT),2020-03-18,https://www.inaturalist.org/observations/40183361,https://inaturalist-open-data.s3.amazonaws.com/photos/63829544/medium.jpg,"North Hutchinson Island, FL, US",27.63256667,-80.35052499999999,United States,Not Juvenile
40203438.0,Mon Mar 16 2020 17:31:57 GMT-0400 (EDT),2020-03-16,https://www.inaturalist.org/observations/40203438,https://inaturalist-open-data.s3.amazonaws.com/photos/63863074/medium.jpg,"Sunrise Ave, Palm Beach, FL, US",26.71977485,-80.03398415,United States,Not Juvenile
40203461.0,Mon Mar 16 2020 17:32:18 GMT-0400 (EDT),2020-03-16,https://www.inaturalist.org/observations/40203461,https://inaturalist-open-data.s3.amazonaws.com/photos/63863155/medium.jpg,"Sunrise Ave, Palm Beach, FL, US",26.71977953,-80.03400406,United States,Not Juvenile
40203494.0,Mon Mar 16 2020 17:33:44 GMT-0400 (EDT),2020-03-16,https://www.inaturalist.org/observations/40203494,https://inaturalist-open-data.s3.amazonaws.com/photos/63863241/medium.jpg,"Sunrise Ave, Palm Beach, FL, US",26.72002719,-80.03406606,United States,Not Juvenile
40203587.0,Mon Mar 16 2020 17:38:26 GMT-0400 (EDT),2020-03-16,https://www.inaturalist.org/observations/40203587,https://inaturalist-open-data.s3.amazonaws.com/photos/63863471/medium.jpg,"Sunrise Ave, Palm Beach, FL, US",26.72006634,-80.03413467,United States,Uncertain
40209635.0,Wed Mar 18 2020 13:52:28 GMT-0400 (EDT),2020-03-18,https://www.inaturalist.org/observations/40209635,https://static.inaturalist.org/photos/63873401/medium.jpg,"Canaveral National Seashore Florida, Cape Canaveral, FL, US",28.69056167,-80.65796667000001,United States,Not Juvenile
40237175.0,Thu Mar 19 2020 10:35:57 GMT-0400 (EDT),2020-03-19,https://www.inaturalist.org/observations/40237175,https://inaturalist-open-data.s3.amazonaws.com/photos/63920154/medium.jpg,"North Hutchinson Island, FL, US",27.83070333,-80.43165499999999,United States,Not Juvenile
40293833.0,2020-03-20 10:50:20 AM EDT,2020-03-20,https://www.inaturalist.org/observations/40293833,https://inaturalist-open-data.s3.amazonaws.com/photos/64009173/medium.jpeg,"Fort Pierce, FL, USA",27.45632127,-80.2858261,United States,Not Juvenile
40328734.0,Sun Mar 15 2020 12:35:59 GMT-0400 (EDT),2020-03-15,https://www.inaturalist.org/observations/40328734,https://inaturalist-open-data.s3.amazonaws.com/photos/64052619/medium.jpg,"Straits of Florida, Surfside, FL, US",25.87653794,-80.12010433,United States,Not Juvenile
40529849.0,2020-01-03 10:04:01 AM EST,2020-01-03,https://www.inaturalist.org/observations/40529849,https://static.inaturalist.org/photos/64230854/medium.jpeg,Cape Point,35.22273121,-75.52570615,United States,Not Juvenile
40646389.0,Tue Mar 17 2020 09:54:33 GMT-0400 (EDT),2020-03-17,https://www.inaturalist.org/observations/40646389,https://inaturalist-open-data.s3.amazonaws.com/photos/64429049/medium.jpg,"North Atlantic Ocean, Riviera Beach, FL, US",26.793425,-80.03156383,United States,Not Juvenile
40669918.0,Sun Mar 15 2020 10:38:49 GMT-0400 (EDT),2020-03-15,https://www.inaturalist.org/observations/40669918,https://inaturalist-open-data.s3.amazonaws.com/photos/64468500/medium.jpg,"Straits of Florida, Lauderdale-by-the-Sea, FL, US",26.19270833,-80.09426117,United States,Juvenile
40772023.0,Thu Mar 19 2020 08:56:35 GMT-0500 (CDT),2020-03-19,https://www.inaturalist.org/observations/40772023,https://inaturalist-open-data.s3.amazonaws.com/photos/341985632/medium.jpg,"Hutchinson Island, Fort Pierce, FL, US",27.45933,-80.28714667,United States,Not Juvenile
40967781.0,2020/03/10 10:46 AM MDT,2020-03-10,https://www.inaturalist.org/observations/40967781,https://inaturalist-open-data.s3.amazonaws.com/photos/64957044/medium.jpg,"St Lucie County, FL, USA",27.50197642,-80.29831014,United States,Not Juvenile
40977255.0,2020/03/20 7:50 PM EDT,2020-03-20,https://www.inaturalist.org/observations/40977255,https://inaturalist-open-data.s3.amazonaws.com/photos/64974715/medium.jpeg,"Indian River Shores, Indian River County, FL, USA",27.67531136,-80.36185169,United States,Not Juvenile
41127012.0,2020/03/15 11:59 AM EDT,2020-03-15,https://www.inaturalist.org/observations/41127012,https://inaturalist-open-data.s3.amazonaws.com/photos/65213570/medium.jpg,"Port Canaveral, FL 32920, USA",28.4077909,-80.59502611,United States,Not Juvenile
41207027.0,Sun Jan 12 2020 11:50:46 GMT-0600 (CST),2020-01-12,https://www.inaturalist.org/observations/41207027,https://inaturalist-open-data.s3.amazonaws.com/photos/65348618/medium.jpg,"North Atlantic Ocean, Cocoa Beach, FL, US",28.338025,-80.60589667,United States,Not Juvenile
41309606.0,2020/02/12 9:27 AM EST,2020-02-12,https://www.inaturalist.org/observations/41309606,https://inaturalist-open-data.s3.amazonaws.com/photos/65521813/medium.jpeg,"Hollywood, FL, USA",26.072564999999997,-80.11034000000001,United States,Not Juvenile
41309608.0,2020/02/12 9:32 AM EST,2020-02-12,https://www.inaturalist.org/observations/41309608,https://inaturalist-open-data.s3.amazonaws.com/photos/65521841/medium.jpeg,"Hollywood, FL, USA",26.074122,-80.11005515000001,United States,Not Juvenile
41658235.0,Tue Apr 07 2020 18:35:11 GMT-0400 (EDT),2020-04-07,https://www.inaturalist.org/observations/41658235,https://static.inaturalist.org/photos/66087835/medium.jpg,"E Exeter St, Satellite Beach, FL, US",28.19801333,-80.60181333,United States,Not Juvenile
41658357.0,Tue Apr 07 2020 18:27:07 GMT-0400 (EDT),2020-04-07,https://www.inaturalist.org/observations/41658357,https://static.inaturalist.org/photos/66088004/medium.jpg,"SR-A1A N, Satellite Beach, FL, US",28.18678833,-80.59217000000001,United States,Not Juvenile
41778620.0,Fri Dec 27 2019 14:26:56 GMT-0600 (CST),2019-12-27,https://www.inaturalist.org/observations/41778620,https://inaturalist-open-data.s3.amazonaws.com/photos/66288007/medium.jpg,"North Atlantic Ocean, FL, US",26.460475,-80.05742783,United States,Not Juvenile
41869427.0,Sat Feb 24 2018 17:14:34 GMT-0500 (EST),2018-02-24,https://www.inaturalist.org/observations/41869427,https://static.inaturalist.org/photos/66438515/medium.jpg,"North Hutchinson Island, Vero Beach, FL, US",27.64782167,-80.3535,United States,Not Juvenile
41885031.0,2019-05-19 00:00:00,2019-05-19,https://www.inaturalist.org/observations/41885031,https://inaturalist-open-data.s3.amazonaws.com/photos/66465635/medium.png,"Indialantic By The Sea, Indialantic, FL 32903, USA",28.08992241,-80.56552207,United States,Not Juvenile
41992868.0,Sun Mar 08 2020 16:48:08 GMT-0400 (EDT),2020-03-08,https://www.inaturalist.org/observations/41992868,https://static.inaturalist.org/photos/66646140/medium.jpg,"S Fort Lauderdale Beach Blvd, Fort Lauderdale, FL, US",26.116569499999997,-80.10404167,United States,Not Juvenile
42254286.0,Wed Mar 18 2020 12:59:34 GMT-0500 (CDT),2020-03-18,https://www.inaturalist.org/observations/42254286,https://inaturalist-open-data.s3.amazonaws.com/photos/67081799/medium.jpg,"Palm Beach, FL, US",26.66849167,-80.0360195,United States,Not Juvenile
42480792.0,Fri Apr 17 2020 08:18:59 GMT-0500 (CDT),2020-04-17,https://www.inaturalist.org/observations/42480792,https://static.inaturalist.org/photos/67452901/medium.jpg,"North Hutchinson Island, Orchid, FL, US",27.77714822,-80.40436462,United States,Not Juvenile
42607124.0,Tue Apr 14 2020 06:45:13 GMT-0400 (EDT),2020-04-14,https://www.inaturalist.org/observations/42607124,https://inaturalist-open-data.s3.amazonaws.com/photos/67657364/medium.jpg,"Cape Hatteras National Seashore, NC, US",35.228154950000004,-75.54217979,United States,Not Juvenile
43167651.0,Fri Jan 12 2018 12:22:56 GMT-0600 (CST),2018-01-12,https://www.inaturalist.org/observations/43167651,https://inaturalist-open-data.s3.amazonaws.com/photos/68522443/medium.jpg,"Lower Matecumbe Key, Islamorada, FL, US",24.88292,-80.69239667000001,United States,Not Juvenile
43239400.0,Sat Jan 11 2020 13:30:47 GMT-0500 (EST),2020-01-11,https://www.inaturalist.org/observations/43239400,https://static.inaturalist.org/photos/68630208/medium.jpg,United States,26.09375599,-80.16556777,United States,Not Juvenile
44335239.0,Sat Mar 14 2020 07:41:02 GMT-0400 (EDT),2020-03-14,https://www.inaturalist.org/observations/44335239,https://inaturalist-open-data.s3.amazonaws.com/photos/70600387/medium.jpg,"Port Canaveral, Cape Canaveral, FL, US",28.40692833,-80.58985833,United States,Not Juvenile
44446408.0,2020-01-12 3:46:19 PM EST,2020-01-12,https://www.inaturalist.org/observations/44446408,https://static.inaturalist.org/photos/70471527/medium.jpeg,"Gulf Stream, FL 33483, USA",26.468363,-80.05623797,United States,Not Juvenile
44463157.0,Fri May 01 2020 07:35:46 GMT-0400 (EDT),2020-05-01,https://www.inaturalist.org/observations/44463157,https://inaturalist-open-data.s3.amazonaws.com/photos/70541271/medium.jpg,"Cape Hatteras National Seashore, Frisco, NC, US",35.20371153,-75.70657375,United States,Not Juvenile
44591100.0,Wed Dec 19 2018 07:09:02 GMT-0500 (EST),2018-12-19,https://www.inaturalist.org/observations/44591100,https://inaturalist-open-data.s3.amazonaws.com/photos/70696135/medium.jpg,"Bayview Dr, Fort Lauderdale, FL, US",26.14394065,-80.11240063,United States,Not Juvenile
45131066.0,2020-05-03 3:47:00 PM EDT,2020-05-03,https://www.inaturalist.org/observations/45131066,https://static.inaturalist.org/photos/71553232/medium.jpg,Little Tybee Island,31.9752715,-80.89149881,United States,Not Juvenile
45202510.0,Tue Dec 05 2017 15:01:41 GMT-0500 (EST),2017-12-05,https://www.inaturalist.org/observations/45202510,https://inaturalist-open-data.s3.amazonaws.com/photos/71667959/medium.jpg,"Indian River, Vero Beach, FL, US",27.65246761,-80.37570203,United States,Not Juvenile
45399051.0,Sat Nov 30 2019 08:17:28 GMT-0500 (EST),2019-11-30,https://www.inaturalist.org/observations/45399051,https://inaturalist-open-data.s3.amazonaws.com/photos/71987335/medium.jpg,"Straits of Florida, Miami Beach, FL, US",25.79332733,-80.1260349,United States,Not Juvenile
45519095.0,2018-12-24 10:54:38 AM GMT+01:00,2018-12-24,https://www.inaturalist.org/observations/45519095,https://static.inaturalist.org/photos/72180367/medium.jpeg,North Beach,25.86056704,-80.12349386,United States,Not Juvenile
46005249.0,Fri May 15 2020 15:46:22 GMT-0400 (EDT),2020-05-15,https://www.inaturalist.org/observations/46005249,https://inaturalist-open-data.s3.amazonaws.com/photos/72965687/medium.jpg,"SR-A1A N, Indian Harbour Beach, FL, US",28.1543695,-80.58413667,United States,Not Juvenile
46084018.0,Sun Feb 16 2020 12:51:57 GMT-0500 (EST),2020-02-16,https://www.inaturalist.org/observations/46084018,https://static.inaturalist.org/photos/73093767/medium.jpg,"Commercial Blvd, Lauderdale-by-the-Sea, FL, US",26.18951167,-80.09457499999999,United States,Juvenile
46113000.0,2020-05-15 9:18:52 AM EDT,2020-05-15,https://www.inaturalist.org/observations/46113000,https://inaturalist-open-data.s3.amazonaws.com/photos/73137564/medium.jpeg,"New Smyrna Beach, FL 32169, USA",29.069060000000004,-80.91439314,United States,Not Juvenile
46238235.0,Sun May 17 2020 10:59:06 GMT-0400 (EDT),2020-05-17,https://www.inaturalist.org/observations/46238235,https://inaturalist-open-data.s3.amazonaws.com/photos/73333820/medium.jpg,"New Smyrna Beach, FL, US",29.02771732,-80.88854466000001,United States,Not Juvenile
46333095.0,Sun Feb 16 2020 13:53:52 GMT-0500 (EST),2020-02-16,https://www.inaturalist.org/observations/46333095,https://inaturalist-open-data.s3.amazonaws.com/photos/73485116/medium.jpg,"North Atlantic Ocean, FL, US",27.63697177,-80.35088525,United States,Not Juvenile
46841134.0,Sat May 16 2020 10:28:41 GMT-0400 (EDT),2020-05-16,https://www.inaturalist.org/observations/46841134,https://inaturalist-open-data.s3.amazonaws.com/photos/74287848/medium.jpg,"Merritt Island, New Smyrna Beach, FL, US",29.01082778,-80.87902833,United States,Not Juvenile
47030061.0,Sat May 23 2020 17:38:01 GMT-0400 (EDT),2020-05-23,https://www.inaturalist.org/observations/47030061,https://inaturalist-open-data.s3.amazonaws.com/photos/74584090/medium.jpg,"S Ocean Blvd, Boca Raton, FL, US",26.34374479,-80.07013842,United States,Not Juvenile
47041253.0,Sat May 23 2020 12:51:22 GMT-0400 (EDT),2020-05-23,https://www.inaturalist.org/observations/47041253,https://inaturalist-open-data.s3.amazonaws.com/photos/74602093/medium.jpg,"Ocean Blvd, Atlantic Beach, NC, US",34.69533381,-76.71207771,United States,Not Juvenile
47325061.0,2020-05-25 5:14:51 PM EDT,2020-05-25,https://www.inaturalist.org/observations/47325061,https://inaturalist-open-data.s3.amazonaws.com/photos/75054527/medium.jpeg,"Cocoa Beach, FL 32931, USA",28.33294675,-80.60628508,United States,Not Juvenile
47461016.0,Tue May 26 2020 06:22:38 GMT-0400 (EDT),2020-05-26,https://www.inaturalist.org/observations/47461016,https://static.inaturalist.org/photos/75274282/medium.jpg,"Atlantic Ocean, SC, US",33.64858833,-78.92764167,United States,Not Juvenile
47663863.0,2020-05-28 5:12:29 PM EDT,2020-05-28,https://www.inaturalist.org/observations/47663863,https://inaturalist-open-data.s3.amazonaws.com/photos/75603689/medium.jpeg,"Surfside Beach, SC 29575, USA",33.63832191,-78.93968247000001,United States,Not Juvenile
47665307.0,Thu May 28 2020 17:26:22 GMT-0400 (EDT),2020-05-28,https://www.inaturalist.org/observations/47665307,https://inaturalist-open-data.s3.amazonaws.com/photos/75606094/medium.jpg,"Myrtle Beach State Park, Myrtle Beach, SC, US",33.649602630000004,-78.92884449,United States,Not Juvenile
47671770.0,2020-05-28 6:27:29 PM EDT,2020-05-28,https://www.inaturalist.org/observations/47671770,https://static.inaturalist.org/photos/75616533/medium.jpeg,"Myrtle Beach, SC 29577, USA",33.65299046,-78.92273131,United States,Not Juvenile
47694748.0,Wed May 27 2020 17:41:41 GMT-0400 (EDT),2020-05-27,https://www.inaturalist.org/observations/47694748,https://static.inaturalist.org/photos/75654497/medium.jpg,"Fort Fisher State Recreation Area, NC, US",33.95741333,-77.92363667000001,United States,Not Juvenile
47729882.0,Thu May 28 2020 19:34:03 GMT-0400 (EDT),2020-05-28,https://www.inaturalist.org/observations/47729882,https://inaturalist-open-data.s3.amazonaws.com/photos/75712720/medium.jpg,"Atlantic Ocean, SC, US",33.49006578,-79.07718057,United States,Not Juvenile
47731639.0,Fri May 29 2020 10:09:25 GMT-0400 (EDT),2020-05-29,https://www.inaturalist.org/observations/47731639,https://inaturalist-open-data.s3.amazonaws.com/photos/75715552/medium.jpg,"North Atlantic Ocean, FL, US",26.469925,-80.05599167,United States,Not Juvenile
47740977.0,2020-05-29T11:44:01-04:00,2020-05-29,https://www.inaturalist.org/observations/47740977,https://static.inaturalist.org/photos/75730407/medium.jpeg,Wilmington,34.28530447,-77.7251678,United States,Not Juvenile
47781221.0,Fri May 29 2020 18:16:05 GMT-0400 (EDT),2020-05-29,https://www.inaturalist.org/observations/47781221,https://static.inaturalist.org/photos/78210740/medium.jpg,"Smith Island Range, Bald Head Island, NC, US",33.84441659,-77.96174607,United States,Not Juvenile
47785433.0,Fri May 29 2020 18:28:14 GMT-0400 (EDT),2020-05-29,https://www.inaturalist.org/observations/47785433,https://static.inaturalist.org/photos/75799516/medium.jpg,"Atlantic Ocean, NC, US",33.91416167,-78.180245,United States,Not Juvenile
47801429.0,Fri May 29 2020 22:26:04 GMT-0400 (EDT),2020-05-29,https://www.inaturalist.org/observations/47801429,https://inaturalist-open-data.s3.amazonaws.com/photos/75826375/medium.jpg,"NC, US",33.90566963,-78.34567637,United States,Not Juvenile
47878141.0,Sat May 30 2020 14:33:24 GMT-0400 (EDT),2020-05-30,https://www.inaturalist.org/observations/47878141,https://inaturalist-open-data.s3.amazonaws.com/photos/88077069/medium.jpg,"Oak Island, Oak Island, NC, US",33.91436306,-78.17190541000001,United States,Not Juvenile
47903930.0,Sat May 30 2020 17:46:28 GMT-0400 (EDT),2020-05-30,https://www.inaturalist.org/observations/47903930,https://inaturalist-open-data.s3.amazonaws.com/photos/75988544/medium.jpg,"Bald Beach, NC, US",33.86396383,-78.51390626,United States,Not Juvenile
47906572.0,Sat May 30 2020 10:23:16 GMT-0400 (EDT),2020-05-30,https://www.inaturalist.org/observations/47906572,https://inaturalist-open-data.s3.amazonaws.com/photos/75992613/medium.jpg,"Oak Island, Oak Island, NC, US",33.91189617,-78.12521559,United States,Not Juvenile
47938599.0,Sat May 30 2020 23:32:57 GMT-0400 (EDT),2020-05-30,https://www.inaturalist.org/observations/47938599,https://static.inaturalist.org/photos/76046243/medium.jpg,"North Atlantic Ocean, Atlantic Beach, NC, US",34.69704182,-76.75045593,United States,Not Juvenile
48177930.0,Mon Jun 01 2020 19:03:51 GMT-0400 (EDT),2020-06-01,https://www.inaturalist.org/observations/48177930,https://inaturalist-open-data.s3.amazonaws.com/photos/76429133/medium.jpg,"Atlantic Ocean, Myrtle Beach, SC, US",33.73378512,-78.82624207,United States,Not Juvenile
48219596.0,Fri May 29 2020 08:25:42 GMT-0400 (EDT),2020-05-29,https://www.inaturalist.org/observations/48219596,https://inaturalist-open-data.s3.amazonaws.com/photos/76499830/medium.jpg,"NC, US",33.911350000000006,-78.28524667,United States,Not Juvenile
48262726.0,2020-06-01 00:00:00,2020-06-01,https://www.inaturalist.org/observations/48262726,https://static.inaturalist.org/photos/76569292/medium.jpg,"Cocoa Beach, FL 32931, USA",28.37020381,-80.60121842,United States,Not Juvenile
48289563.0,Tue Jun 02 2020 20:15:50 GMT-0400 (EDT),2020-06-02,https://www.inaturalist.org/observations/48289563,https://inaturalist-open-data.s3.amazonaws.com/photos/76613362/medium.jpg,"Debidue Island, Myrtle Beach, SC, US",33.640310140000004,-78.93774424,United States,Not Juvenile
48289663.0,Tue Jun 02 2020 20:17:29 GMT-0400 (EDT),2020-06-02,https://www.inaturalist.org/observations/48289663,https://inaturalist-open-data.s3.amazonaws.com/photos/76613502/medium.jpg,"Debidue Island, Myrtle Beach, SC, US",33.640601499999995,-78.93745288,United States,Not Juvenile
48290787.0,Tue Jun 02 2020 20:32:08 GMT-0400 (EDT),2020-06-02,https://www.inaturalist.org/observations/48290787,https://inaturalist-open-data.s3.amazonaws.com/photos/76615406/medium.jpg,"Atlantic Ocean, Myrtle Beach, SC, US",33.63876251,-78.93916857,United States,Not Juvenile
48320815.0,2020-06-03 6:04:16 AM EDT,2020-06-03,https://www.inaturalist.org/observations/48320815,https://static.inaturalist.org/photos/76665204/medium.jpeg,"Horry County, SC, USA",33.82036769,-78.66394301,United States,Not Juvenile
48321805.0,Wed Jun 03 2020 06:24:44 GMT-0400 (EDT),2020-06-03,https://www.inaturalist.org/observations/48321805,https://inaturalist-open-data.s3.amazonaws.com/photos/76666833/medium.jpg,"Ashe Island, Surf City, NC, US",34.400545,-77.58274167,United States,Not Juvenile
48363476.0,2020-06-02 12:58:17 PM EDT,2020-06-02,https://www.inaturalist.org/observations/48363476,https://static.inaturalist.org/photos/76734753/medium.jpg,North Myrtle Beach,33.81600587,-78.68001614,United States,Not Juvenile
48366970.0,Wed Jun 03 2020 15:32:14 GMT-0400 (EDT),2020-06-03,https://www.inaturalist.org/observations/48366970,https://inaturalist-open-data.s3.amazonaws.com/photos/76740529/medium.jpg,"North Atlantic Ocean, Ponce Inlet, FL, US",29.11679717,-80.94783833,United States,Not Juvenile
48371172.0,Wed Jun 03 2020 12:36:26 GMT-0400 (EDT),2020-06-03,https://www.inaturalist.org/observations/48371172,https://inaturalist-open-data.s3.amazonaws.com/photos/76747272/medium.jpg,"Ashe Island, Holly Ridge, NC, US",34.34417167,-77.65303833,United States,Not Juvenile
48399043.0,Tue Jun 02 2020 10:30:08 GMT-0400 (EDT),2020-06-02,https://www.inaturalist.org/observations/48399043,https://inaturalist-open-data.s3.amazonaws.com/photos/80273272/medium.jpg,"Debidue Island, Murrells Inlet, SC, US",33.56657804,-79.00687696,United States,Not Juvenile
48444435.0,2020-06-02 12:54:26 PM EDT,2020-06-02,https://www.inaturalist.org/observations/48444435,https://static.inaturalist.org/photos/76875736/medium.jpeg,"Isle of Palms, SC, USA",32.791809,-79.77836099999999,United States,Not Juvenile
48454872.0,Thu Jun 04 2020 13:42:10 GMT-0400 (EDT),2020-06-04,https://www.inaturalist.org/observations/48454872,https://static.inaturalist.org/photos/77049891/medium.jpg,"North Atlantic Ocean, Cocoa Beach, FL, US",28.33013124,-80.60640749,United States,Juvenile
48479792.0,2020-06-03 2:25:25 PM EDT,2020-06-03,https://www.inaturalist.org/observations/48479792,https://inaturalist-open-data.s3.amazonaws.com/photos/76926967/medium.jpeg,"Atlantic Beach, NC, USA",34.69437065,-76.70341131,United States,Not Juvenile
48553699.0,2020-05-28 6:46:00 PM EDT,2020-05-28,https://www.inaturalist.org/observations/48553699,https://inaturalist-open-data.s3.amazonaws.com/photos/77048481/medium.jpeg,Huntington Beach State Park Beach Access & Picnic Area,33.51598071,-79.05067865,United States,Not Juvenile
48554928.0,Tue Jun 02 2020 20:52:56 GMT-0400 (EDT),2020-06-02,https://www.inaturalist.org/observations/48554928,https://static.inaturalist.org/photos/77050608/medium.jpg,"The Caravelle Resort, Myrtle Beach, SC, US",33.73819151,-78.82032799,United States,Not Juvenile
48566849.0,Fri Jun 05 2020 12:34:28 GMT-0400 (EDT),2020-06-05,https://www.inaturalist.org/observations/48566849,https://static.inaturalist.org/photos/77069223/medium.jpg,"Oak Island, Oak Island, NC, US",33.91255333,-78.22761667,United States,Not Juvenile
48569005.0,2020-06-05T14:58:31-04:00,2020-06-05,https://www.inaturalist.org/observations/48569005,https://inaturalist-open-data.s3.amazonaws.com/photos/77072763/medium.jpeg,Ocracoke,35.11217763,-75.97720266,United States,Not Juvenile
48571910.0,Wed May 27 2020 17:46:12 GMT-0400 (EDT),2020-05-27,https://www.inaturalist.org/observations/48571910,https://inaturalist-open-data.s3.amazonaws.com/photos/77077273/medium.jpg,"Debidue Island, Murrells Inlet, SC, US",33.57343465,-79.00300094,United States,Not Juvenile
48573648.0,Fri Jun 05 2020 16:00:01 GMT-0400 (EDT),2020-06-05,https://www.inaturalist.org/observations/48573648,https://inaturalist-open-data.s3.amazonaws.com/photos/77080036/medium.jpg,"North Atlantic Ocean, NC, US",35.22802833,-75.54659167,United States,Not Juvenile
48638407.0,Fri Jun 05 2020 08:08:40 GMT-0400 (EDT),2020-06-05,https://www.inaturalist.org/observations/48638407,https://inaturalist-open-data.s3.amazonaws.com/photos/77186582/medium.jpg,"Ashe Island, Surf City, NC, US",34.4249,-77.54478333,United States,Not Juvenile
48638716.0,Fri Jun 05 2020 12:10:33 GMT-0400 (EDT),2020-06-05,https://www.inaturalist.org/observations/48638716,https://inaturalist-open-data.s3.amazonaws.com/photos/77187084/medium.jpg,"Ashe Island, North Topsail Beach, NC, US",34.52338833,-77.34963833,United States,Not Juvenile
48650897.0,Sat Jun 06 2020 10:17:54 GMT-0400 (EDT),2020-06-06,https://www.inaturalist.org/observations/48650897,https://static.inaturalist.org/photos/77206949/medium.jpg,"Oak Island, Oak Island, NC, US",33.91425689,-78.19513209,United States,Uncertain
48652052.0,Sat Jun 06 2020 09:08:56 GMT-0400 (EDT),2020-06-06,https://www.inaturalist.org/observations/48652052,https://inaturalist-open-data.s3.amazonaws.com/photos/77208662/medium.jpg,"Atlantic Beach, NC, US",34.69518308,-76.70869406,United States,Not Juvenile
48657406.0,2020-06-03 5:05:00 PM CDT,2020-06-03,https://www.inaturalist.org/observations/48657406,https://inaturalist-open-data.s3.amazonaws.com/photos/77217366/medium.jpeg,"3075 N. Atlantic Ob, Ormond Beach, FL 32176, USA",29.26896169,-81.02749754,United States,Not Juvenile
48678067.0,2020-06-06 12:29:14 PM EDT,2020-06-06,https://www.inaturalist.org/observations/48678067,https://static.inaturalist.org/photos/77249825/medium.jpeg,"Smithville, NC, USA",33.89019938,-78.02864101,United States,Not Juvenile
48716797.0,Fri Jun 05 2020 13:57:14 GMT-0400 (EDT),2020-06-05,https://www.inaturalist.org/observations/48716797,https://static.inaturalist.org/photos/77313304/medium.jpg,"Ocean Dr, NC, US",34.66392468,-77.01805507,United States,Not Juvenile
48739960.0,Sat Jun 06 2020 11:48:46 GMT-0400 (EDT),2020-06-06,https://www.inaturalist.org/observations/48739960,https://inaturalist-open-data.s3.amazonaws.com/photos/77352282/medium.jpg,"Atlantic Ocean, Holden Beach, NC, US",33.914045,-78.24236333,United States,Not Juvenile
48897063.0,2019-12-27 1:22:14 PM EST,2019-12-27,https://www.inaturalist.org/observations/48897063,https://static.inaturalist.org/photos/77606186/medium.jpeg,"Tradewinds Terrace, Indialantic, FL 32903, USA",28.08661461,-80.56832123,United States,Not Juvenile
48961343.0,Mon Jun 08 2020 17:11:20 GMT-0400 (EDT),2020-06-08,https://www.inaturalist.org/observations/48961343,https://inaturalist-open-data.s3.amazonaws.com/photos/77709086/medium.jpg,"North Atlantic Ocean, Jacksonville, FL, US",30.38271333,-81.39621667,United States,Not Juvenile
48976940.0,Sat Jun 06 2020 20:19:41 GMT-0400 (EDT),2020-06-06,https://www.inaturalist.org/observations/48976940,https://inaturalist-open-data.s3.amazonaws.com/photos/77735906/medium.jpg,"Smith Island Range, Bald Head Island, NC, US",33.85548585,-77.99612561,United States,Not Juvenile
48980054.0,Sun Jun 09 2019 18:29:05 GMT-0400 (EDT),2019-06-09,https://www.inaturalist.org/observations/48980054,https://inaturalist-open-data.s3.amazonaws.com/photos/77741345/medium.jpg,United States,32.10891163,-80.71007145,United States,Not Juvenile
49077201.0,Tue Jun 09 2020 19:51:31 GMT-0400 (EDT),2020-06-09,https://www.inaturalist.org/observations/49077201,https://static.inaturalist.org/photos/77898387/medium.jpg,"Ocean Blvd W, Holden Beach, NC, US",33.910334320000004,-78.29981385,United States,Not Juvenile
49098072.0,Wed Jun 10 2020 01:14:25 GMT-0400 (EDT),2020-06-10,https://www.inaturalist.org/observations/49098072,https://inaturalist-open-data.s3.amazonaws.com/photos/77934966/medium.jpg,"North Atlantic Ocean, Pine Knoll Shores, NC, US",34.69659784,-76.78310515,United States,Not Juvenile
49110702.0,Wed Jun 10 2020 07:00:21 GMT-0400 (EDT),2020-06-10,https://www.inaturalist.org/observations/49110702,https://static.inaturalist.org/photos/77954334/medium.jpg,"W Boardwalk Blvd, Atlantic Beach, NC, US",34.69693836,-76.74407619,United States,Not Juvenile
49113570.0,Wed Jun 10 2020 07:53:25 GMT-0400 (EDT),2020-06-10,https://www.inaturalist.org/observations/49113570,https://static.inaturalist.org/photos/77958449/medium.jpg,"North Atlantic Ocean, Atlantic Beach, NC, US",34.68524907,-76.88910568,United States,Not Juvenile
49120627.0,Wed Jun 10 2020 09:34:12 GMT-0400 (EDT),2020-06-10,https://www.inaturalist.org/observations/49120627,https://static.inaturalist.org/photos/77971059/medium.jpg,"Oak Island, Oak Island, NC, US",33.91393475,-78.19702641,United States,Not Juvenile
49136083.0,Wed Jun 10 2020 12:14:23 GMT-0400 (EDT),2020-06-10,https://www.inaturalist.org/observations/49136083,https://static.inaturalist.org/photos/77993612/medium.jpg,"North Atlantic Ocean, Atlantic Beach, NC, US",34.69683833,-76.77581167,United States,Not Juvenile
49143212.0,Wed Jun 10 2020 13:47:03 GMT-0400 (EDT),2020-06-10,https://www.inaturalist.org/observations/49143212,https://static.inaturalist.org/photos/78005511/medium.jpg,"Sheep Islands, NC, US",34.62729667,-76.51663333,United States,Not Juvenile
49146328.0,Wed Jun 10 2020 12:16:43 GMT-0400 (EDT),2020-06-10,https://www.inaturalist.org/observations/49146328,https://inaturalist-open-data.s3.amazonaws.com/photos/78011228/medium.jpg,"North Atlantic Ocean, NC, US",34.696175,-76.78494167,United States,Not Juvenile
49161284.0,Wed Jun 10 2020 15:51:29 GMT-0400 (EDT),2020-06-10,https://www.inaturalist.org/observations/49161284,https://inaturalist-open-data.s3.amazonaws.com/photos/78036553/medium.jpg,"Smith Island Range, Bald Head Island, NC, US",33.85549244,-77.9962539,United States,Not Juvenile
49161794.0,Thu Jun 04 2020 17:01:33 GMT-0400 (EDT),2020-06-04,https://www.inaturalist.org/observations/49161794,https://static.inaturalist.org/photos/78037570/medium.jpg,"Ashe Island, North Topsail Beach, NC, US",34.521805,-77.35397167,United States,Not Juvenile
49165766.0,2020-06-10 3:54:16 PM EDT,2020-06-10,https://www.inaturalist.org/observations/49165766,https://static.inaturalist.org/photos/78043771/medium.jpeg,"Bald Head Island, NC 28461, USA",33.84579444,-77.96970278,United States,Not Juvenile
49178384.0,2020-06-10 7:17:27 PM EDT,2020-06-10,https://www.inaturalist.org/observations/49178384,https://inaturalist-open-data.s3.amazonaws.com/photos/78062522/medium.jpeg,"Lockwoods Folly, NC, USA",33.91078056,-78.29349167,United States,Not Juvenile
49186053.0,Wed Jun 10 2020 18:55:02 GMT-0400 (EDT),2020-06-10,https://www.inaturalist.org/observations/49186053,https://inaturalist-open-data.s3.amazonaws.com/photos/78075369/medium.jpg,"North Atlantic Ocean, NC, US",34.67426333,-76.961595,United States,Not Juvenile
49186276.0,Wed Jun 10 2020 18:47:42 GMT-0400 (EDT),2020-06-10,https://www.inaturalist.org/observations/49186276,https://inaturalist-open-data.s3.amazonaws.com/photos/78075841/medium.jpg,"North Atlantic Ocean, NC, US",34.674524999999996,-76.95954167000001,United States,Not Juvenile
49186364.0,Wed Jun 10 2020 18:38:30 GMT-0400 (EDT),2020-06-10,https://www.inaturalist.org/observations/49186364,https://inaturalist-open-data.s3.amazonaws.com/photos/78076027/medium.jpg,"North Atlantic Ocean, NC, US",34.67522,-76.95521667,United States,Not Juvenile
49186963.0,Wed Jun 10 2020 18:36:14 GMT-0400 (EDT),2020-06-10,https://www.inaturalist.org/observations/49186963,https://inaturalist-open-data.s3.amazonaws.com/photos/78077037/medium.jpg,"North Atlantic Ocean, NC, US",34.67535333,-76.95461333,United States,Not Juvenile
49214020.0,Tue Jun 09 2020 17:00:54 GMT-0400 (EDT),2020-06-09,https://www.inaturalist.org/observations/49214020,https://inaturalist-open-data.s3.amazonaws.com/photos/78119978/medium.jpg,"Smith Island Range, Carolina Beach, NC, US",34.01465278,-77.89874167,United States,Not Juvenile
49230397.0,Thu Jun 11 2020 09:48:55 GMT-0400 (EDT),2020-06-11,https://www.inaturalist.org/observations/49230397,https://static.inaturalist.org/photos/78146002/medium.jpg,"NC, US",33.904458330000004,-78.35290499999999,United States,Not Juvenile
49254740.0,Wed Jun 10 2020 20:51:02 GMT-0400 (EDT),2020-06-10,https://www.inaturalist.org/observations/49254740,https://inaturalist-open-data.s3.amazonaws.com/photos/78185829/medium.jpg,"Dunescape Dr, Holden Beach, NC, US",33.91528709,-78.24891296,United States,Not Juvenile
49275004.0,2020-06-11T18:58:43-04:00,2020-06-11,https://www.inaturalist.org/observations/49275004,https://inaturalist-open-data.s3.amazonaws.com/photos/78218691/medium.jpeg,Frisco,35.21185914,-75.68218284,United States,Not Juvenile
49281037.0,Thu Jun 11 2020 18:48:59 GMT-0400 (EDT),2020-06-11,https://www.inaturalist.org/observations/49281037,https://static.inaturalist.org/photos/78228486/medium.jpg,"Supply, NC, US",33.90272833,-78.360895,United States,Not Juvenile
49281101.0,Wed Jun 10 2020 14:43:45 GMT-0400 (EDT),2020-06-10,https://www.inaturalist.org/observations/49281101,https://static.inaturalist.org/photos/78228583/medium.jpg,"Supply, NC, US",33.90262167,-78.36157167,United States,Not Juvenile
49353845.0,Fri Jun 12 2020 14:25:56 GMT-0400 (EDT),2020-06-12,https://www.inaturalist.org/observations/49353845,https://static.inaturalist.org/photos/78345570/medium.jpg,"Ocean View Dr, Emerald Isle, NC, US",34.65942833,-77.03779717,United States,Not Juvenile
49395412.0,Fri Jun 12 2020 13:54:41 GMT-0400 (EDT),2020-06-12,https://www.inaturalist.org/observations/49395412,https://static.inaturalist.org/photos/78413605/medium.jpg,"Ocean Dr, Emerald Isle, NC, US",34.65121167,-77.07006117,United States,Not Juvenile
49510763.0,Sat Jun 13 2020 18:11:32 GMT-0400 (EDT),2020-06-13,https://www.inaturalist.org/observations/49510763,https://static.inaturalist.org/photos/78597177/medium.jpg,"Debidue Island, Myrtle Beach, SC, US",33.64750024,-78.9295678,United States,Not Juvenile
49613163.0,2020-06-14T14:20:42-04:00,2020-06-14,https://www.inaturalist.org/observations/49613163,https://inaturalist-open-data.s3.amazonaws.com/photos/78760071/medium.jpeg,Rodanthe,35.32760565,-75.50675952,United States,Not Juvenile
49617825.0,Tue Jun 09 2020 15:21:28 GMT-0400 (EDT),2020-06-09,https://www.inaturalist.org/observations/49617825,https://static.inaturalist.org/photos/78767135/medium.jpg,"Smith Island Range, Kure Beach, NC, US",33.99879201,-77.90552497,United States,Not Juvenile
49706114.0,Mon Jun 15 2020 07:19:35 GMT-0400 (EDT),2020-06-15,https://www.inaturalist.org/observations/49706114,https://static.inaturalist.org/photos/78913146/medium.jpg,"N Ocean Shore Blvd, Flagler Beach, FL, US",29.528855,-81.15068883,United States,Not Juvenile
49761206.0,Wed Jun 10 2020 20:18:11 GMT-0400 (EDT),2020-06-10,https://www.inaturalist.org/observations/49761206,https://static.inaturalist.org/photos/79001227/medium.jpg,"Ocean View Dr, Emerald Isle, NC, US",34.658463330000004,-77.04237499999999,United States,Not Juvenile
49775805.0,Mon Jun 15 2020 17:31:18 GMT-0400 (EDT),2020-06-15,https://www.inaturalist.org/observations/49775805,https://inaturalist-open-data.s3.amazonaws.com/photos/79024750/medium.jpg,"North Atlantic Ocean, NC, US",35.01661388,-76.31108833,United States,Not Juvenile
49876475.0,2020-06-16 11:43:33 AM EDT,2020-06-16,https://www.inaturalist.org/observations/49876475,https://inaturalist-open-data.s3.amazonaws.com/photos/79189439/medium.jpeg,Ormond Beach,29.28626906,-81.05588939,United States,Not Juvenile
49935692.0,Wed Jun 17 2020 07:05:00 GMT-0400 (EDT),2020-06-17,https://www.inaturalist.org/observations/49935692,https://static.inaturalist.org/photos/79286332/medium.jpg,"North Atlantic Ocean, Ormond Beach, FL, US",29.29611889,-81.03931734,United States,Not Juvenile
50057229.0,2020-06-03 6:05:48 AM EDT,2020-06-03,https://www.inaturalist.org/observations/50057229,https://static.inaturalist.org/photos/79483860/medium.jpeg,"Horry County, US-SC, US",33.82054391,-78.66342142,United States,Not Juvenile
50057441.0,2020-06-03 6:12:24 AM EDT,2020-06-03,https://www.inaturalist.org/observations/50057441,https://static.inaturalist.org/photos/79484202/medium.jpeg,"Horry County, SC, USA",33.82166679,-78.65995406,United States,Not Juvenile
50057855.0,2020-06-03 6:13:21 AM EDT,2020-06-03,https://www.inaturalist.org/observations/50057855,https://static.inaturalist.org/photos/79507496/medium.jpeg,"Horry County, SC, USA",33.82173915,-78.65984527,United States,Not Juvenile
50071510.0,2020-06-03 6:13:46 AM EDT,2020-06-03,https://www.inaturalist.org/observations/50071510,https://static.inaturalist.org/photos/79507583/medium.jpeg,"Horry County, SC, USA",33.82177946,-78.65975117,United States,Not Juvenile
50071552.0,2020-06-03 6:14:31 AM EDT,2020-06-03,https://www.inaturalist.org/observations/50071552,https://static.inaturalist.org/photos/79507661/medium.jpeg,"Horry County, SC, USA",33.82193394,-78.65920679,United States,Not Juvenile
50071585.0,2020-06-03 6:15:21 AM EDT,2020-06-03,https://www.inaturalist.org/observations/50071585,https://static.inaturalist.org/photos/79507737/medium.jpeg,"Horry County, SC, USA",33.822112,-78.65897411,United States,Not Juvenile
50071678.0,2020-06-03 6:15:58 AM EDT,2020-06-03,https://www.inaturalist.org/observations/50071678,https://static.inaturalist.org/photos/79853883/medium.jpeg,"Horry County, SC, USA",33.82212312,-78.65872465,United States,Not Juvenile
50117823.0,2020-06-18 6:01:15 PM EDT,2020-06-18,https://www.inaturalist.org/observations/50117823,https://inaturalist-open-data.s3.amazonaws.com/photos/79582413/medium.jpeg,"Canaveral National Seashore, Volusia County, US-FL, US",28.93785392,-80.82979325000001,United States,Not Juvenile
50289314.0,2020-06-03 6:16:35 AM EDT,2020-06-03,https://www.inaturalist.org/observations/50289314,https://static.inaturalist.org/photos/79854093/medium.jpeg,"Horry County, SC, USA",33.82212707,-78.65867331,United States,Not Juvenile
50289369.0,2020-06-03 6:16:52 AM EDT,2020-06-03,https://www.inaturalist.org/observations/50289369,https://static.inaturalist.org/photos/80986388/medium.jpeg,"Horry County, SC, USA",33.82213223,-78.65864563,United States,Not Juvenile
50322368.0,Sat Jun 20 2020 16:51:47 GMT-0400 (EDT),2020-06-20,https://www.inaturalist.org/observations/50322368,https://static.inaturalist.org/photos/79905470/medium.jpg,"Cape Hatteras National Seashore, Frisco, NC, US",35.20720921,-75.69615318,United States,Not Juvenile
50537346.0,Mon Jun 22 2020 07:00:54 GMT-0400 (EDT),2020-06-22,https://www.inaturalist.org/observations/50537346,https://static.inaturalist.org/photos/80247760/medium.jpg,"North Atlantic Ocean, Ocracoke, NC, US",35.09923844,-75.964227,United States,Not Juvenile
50672875.0,2019-12-20 1:50:17 PM EST,2019-12-20,https://www.inaturalist.org/observations/50672875,https://inaturalist-open-data.s3.amazonaws.com/photos/80475816/medium.jpeg,"A1A/NE 9 S, Fort Lauderdale, FL 33304, USA",26.1352868,-80.10298334000001,United States,Not Juvenile
50736988.0,2018/02/26 7:39 AM EDT,2018-02-26,https://www.inaturalist.org/observations/50736988,https://inaturalist-open-data.s3.amazonaws.com/photos/80583199/medium.jpg,"Cocoa Beach, FL 32931, USA",28.32357673,-80.60748693000001,United States,Not Juvenile
50985520.0,2020-06-03 6:17:17 AM EDT,2020-06-03,https://www.inaturalist.org/observations/50985520,https://static.inaturalist.org/photos/80986413/medium.jpeg,"Horry County, SC, USA",33.8221588,-78.6584867,United States,Not Juvenile
50985536.0,2020-06-03 6:17:29 AM EDT,2020-06-03,https://www.inaturalist.org/observations/50985536,https://static.inaturalist.org/photos/80986438/medium.jpeg,"Horry County, SC, USA",33.82219677,-78.65834913,United States,Not Juvenile
50985556.0,2020-06-03 6:18:38 AM EDT,2020-06-03,https://www.inaturalist.org/observations/50985556,https://static.inaturalist.org/photos/80986458/medium.jpeg,"Horry County, SC, USA",33.82240721,-78.65776001,United States,Not Juvenile
50985577.0,2020-06-03 6:19:16 AM EDT,2020-06-03,https://www.inaturalist.org/observations/50985577,https://static.inaturalist.org/photos/80986484/medium.jpeg,"Horry County, SC, USA",33.82253991,-78.65755459,United States,Not Juvenile
50985615.0,2020-06-03 6:20:25 AM EDT,2020-06-03,https://www.inaturalist.org/observations/50985615,https://static.inaturalist.org/photos/80986528/medium.jpeg,"Horry County, SC, USA",33.82268653,-78.65703838,United States,Not Juvenile
50985630.0,2020-06-03 6:21:13 AM EDT,2020-06-03,https://www.inaturalist.org/observations/50985630,https://static.inaturalist.org/photos/80986546/medium.jpeg,"Horry County, SC, USA",33.82273004,-78.65679767,United States,Not Juvenile
50985642.0,2020-06-03 6:21:43 AM EDT,2020-06-03,https://www.inaturalist.org/observations/50985642,https://static.inaturalist.org/photos/80986568/medium.jpeg,"Horry County, US-SC, US",33.82283874,-78.65657261,United States,Not Juvenile
50985656.0,2020-06-03 6:21:53 AM EDT,2020-06-03,https://www.inaturalist.org/observations/50985656,https://static.inaturalist.org/photos/80986587/medium.jpeg,"Horry County, SC, USA",33.82281889,-78.65654293,United States,Not Juvenile
50985671.0,2020-06-03 6:22:05 AM EDT,2020-06-03,https://www.inaturalist.org/observations/50985671,https://static.inaturalist.org/photos/80986609/medium.jpeg,"Horry County, SC, USA",33.822818160000004,-78.65653929,United States,Not Juvenile
50985690.0,2020-06-03 6:22:15 AM EDT,2020-06-03,https://www.inaturalist.org/observations/50985690,https://static.inaturalist.org/photos/80986655/medium.jpeg,"Horry County, SC, USA",33.8228635,-78.65634852,United States,Not Juvenile
50985712.0,2020-06-03 6:23:54 AM EDT,2020-06-03,https://www.inaturalist.org/observations/50985712,https://static.inaturalist.org/photos/80986694/medium.jpeg,"Horry County, US-SC, US",33.82311945,-78.65554471,United States,Not Juvenile
50985738.0,2020-06-03 6:24:07 AM EDT,2020-06-03,https://www.inaturalist.org/observations/50985738,https://static.inaturalist.org/photos/80986730/medium.jpeg,"Horry County, SC, USA",33.82311899,-78.65553138,United States,Not Juvenile
50985758.0,2020-06-03 6:24:18 AM EDT,2020-06-03,https://www.inaturalist.org/observations/50985758,https://static.inaturalist.org/photos/80986767/medium.jpeg,"Horry County, SC, USA",33.82313163,-78.65551877,United States,Not Juvenile
51044872.0,2020-06-26T20:28:42-04:00,2020-06-27,https://www.inaturalist.org/observations/51044872,https://static.inaturalist.org/photos/81082738/medium.jpeg,Atlantic Beach,34.7,-76.71000000000001,United States,Not Juvenile
51094294.0,2020-06-03 6:24:58 AM EDT,2020-06-03,https://www.inaturalist.org/observations/51094294,https://static.inaturalist.org/photos/81163422/medium.jpeg,"Horry County, SC, USA",33.82325493,-78.65515842,United States,Not Juvenile
51094360.0,2020-06-03 6:25:15 AM EDT,2020-06-03,https://www.inaturalist.org/observations/51094360,https://static.inaturalist.org/photos/81163469/medium.jpeg,"Horry County, SC, USA",33.82326389,-78.6549457,United States,Not Juvenile
51094410.0,2020-06-03 6:26:30 AM EDT,2020-06-03,https://www.inaturalist.org/observations/51094410,https://static.inaturalist.org/photos/81163566/medium.jpeg,"Horry County, SC, USA",33.82351586,-78.65430883,United States,Not Juvenile
51094544.0,2020-06-03 6:27:35 AM EDT,2020-06-03,https://www.inaturalist.org/observations/51094544,https://static.inaturalist.org/photos/81163720/medium.jpeg,"Horry County, SC, USA",33.82375777,-78.65362243,United States,Not Juvenile
51098043.0,2020-06-03 6:29:41 AM EDT,2020-06-03,https://www.inaturalist.org/observations/51098043,https://static.inaturalist.org/photos/81168964/medium.jpeg,"Horry County, US-SC, US",33.82396892,-78.65290478,United States,Not Juvenile
51098077.0,2020-06-03 6:30:10 AM EDT,2020-06-03,https://www.inaturalist.org/observations/51098077,https://static.inaturalist.org/photos/81169036/medium.jpeg,"Horry County, US-SC, US",33.8241339,-78.6522657,United States,Not Juvenile
51098133.0,2020-06-03 6:31:37 AM EDT,2020-06-03,https://www.inaturalist.org/observations/51098133,https://static.inaturalist.org/photos/81169100/medium.jpeg,"Horry County, SC, USA",33.82429064,-78.65176869999999,United States,Not Juvenile
51098218.0,2020-06-03 6:33:11 AM EDT,2020-06-03,https://www.inaturalist.org/observations/51098218,https://static.inaturalist.org/photos/81169226/medium.jpeg,"North Myrtle Beach, SC, USA",33.82444872,-78.65107239,United States,Not Juvenile
51098241.0,2020-06-03 6:33:24 AM EDT,2020-06-03,https://www.inaturalist.org/observations/51098241,https://static.inaturalist.org/photos/81169243/medium.jpeg,"Horry County, SC, USA",33.824509490000004,-78.65102583,United States,Not Juvenile
51098252.0,2020-06-03 6:33:42 AM EDT,2020-06-03,https://www.inaturalist.org/observations/51098252,https://static.inaturalist.org/photos/81169274/medium.jpeg,"Horry County, SC, USA",33.824502020000004,-78.65100561,United States,Not Juvenile
51118620.0,2020-05-30 11:15:00 AM EDT,2020-05-30,https://www.inaturalist.org/observations/51118620,https://inaturalist-open-data.s3.amazonaws.com/photos/81200878/medium.jpeg,"Buxton, NC 27920, USA",35.22503078,-75.52850403000001,United States,Not Juvenile
51145923.0,Sun Jan 12 2020 13:35:52 GMT-0500 (EST),2020-01-12,https://www.inaturalist.org/observations/51145923,https://inaturalist-open-data.s3.amazonaws.com/photos/81245186/medium.jpg,"North Atlantic Ocean, Palm Beach, FL, US",26.623904999999997,-80.03656117,United States,Not Juvenile
51349230.0,2020-02-06 1:00:53 PM CST,2020-02-06,https://www.inaturalist.org/observations/51349230,https://static.inaturalist.org/photos/81575849/medium.jpeg,"West Palm Beach, FL 33401, USA",26.72983448,-80.08325167,United States,Not Juvenile
51632400.0,Sat Jun 06 2020 08:36:43 GMT-0400 (EDT),2020-06-06,https://www.inaturalist.org/observations/51632400,https://static.inaturalist.org/photos/82047167/medium.jpg,"Ocean Ridge Dr, Atlantic Beach, NC, US",34.697190230000004,-76.7595686,United States,Not Juvenile
51632429.0,Sat Jun 06 2020 08:31:40 GMT-0400 (EDT),2020-06-06,https://www.inaturalist.org/observations/51632429,https://static.inaturalist.org/photos/82047221/medium.jpg,"W Fort Macon Rd, Atlantic Beach, NC, US",34.697175,-76.76593000000001,United States,Not Juvenile
51942625.0,2020-05-30T13:00:10.324Z,2020-05-30,https://www.inaturalist.org/observations/51942625,https://inaturalist-open-data.s3.amazonaws.com/photos/82550220/medium.jpeg,"Carteret County, US-NC, US",34.6779,-76.9508,United States,Not Juvenile
52233660.0,2020-01-15T20:52:52-05:00,2020-01-16,https://www.inaturalist.org/observations/52233660,https://inaturalist-open-data.s3.amazonaws.com/photos/83022831/medium.jpeg,Indialantic,28.0913244,-80.56494794,United States,Not Juvenile
53012926.0,2019-03-10 2:34:00 PM CDT,2019-03-10,https://www.inaturalist.org/observations/53012926,https://static.inaturalist.org/photos/84301029/medium.jpeg,"Cocoa Beach, FL 32931, USA",28.32107832,-80.60762789,United States,Not Juvenile
53149334.0,Thu Jun 04 2020 09:01:22 GMT-0400 (EDT),2020-06-04,https://www.inaturalist.org/observations/53149334,https://inaturalist-open-data.s3.amazonaws.com/photos/84520957/medium.jpg,"Ponte Vedra Beach, FL, US",30.11074717,-81.34313333,United States,Not Juvenile
53512938.0,Sat Dec 28 2019 15:34:11 GMT-0500 (EST),2019-12-28,https://www.inaturalist.org/observations/53512938,https://static.inaturalist.org/photos/85115701/medium.jpg,"Atlantic Ocean, Cocoa Beach, FL, US",28.36715352,-80.60169853000001,United States,Not Juvenile
54810569.0,2018/03/09 4:01 PM CST,2018-03-09,https://www.inaturalist.org/observations/54810569,https://inaturalist-open-data.s3.amazonaws.com/photos/87234487/medium.jpeg,"Hollywood South Central Beach, Hollywood, FL, USA",25.99558027,-80.11648809,United States,Not Juvenile
55101468.0,2018/01/09 5:18 PM PST,2018-01-09,https://www.inaturalist.org/observations/55101468,https://inaturalist-open-data.s3.amazonaws.com/photos/87716195/medium.jpg,"1001 Ocean Dr, Miami Beach, FL 33139",25.779556,-80.128185,United States,Not Juvenile
55315983.0,Sat Jan 13 2018 11:45:25 GMT-0500 (EST),2018-01-13,https://www.inaturalist.org/observations/55315983,https://inaturalist-open-data.s3.amazonaws.com/photos/88073836/medium.jpg,"Cape Hatteras National Seashore, NC, US",35.222875,-75.53443833,United States,Not Juvenile
55405792.0,2020-08-04T09:43:06-04:00,2020-08-04,https://www.inaturalist.org/observations/55405792,https://inaturalist-open-data.s3.amazonaws.com/photos/88222977/medium.jpeg,Rehoboth Beach,38.71211934,-75.09364269999999,United States,Not Juvenile
55692873.0,Mon Jan 13 2020 11:34:42 GMT-0500 (EST),2020-01-13,https://www.inaturalist.org/observations/55692873,https://inaturalist-open-data.s3.amazonaws.com/photos/88698697/medium.jpg,"Delray Beach, , FL, US",26.46272964,-80.05741514,United States,Juvenile
55815192.0,2020-06-04 2:57:44 PM EDT,2020-06-04,https://www.inaturalist.org/observations/55815192,https://inaturalist-open-data.s3.amazonaws.com/photos/88901796/medium.jpeg,"Emerald Isle, NC 28594, USA",34.64378097,-77.0982226,United States,Not Juvenile
57144118.0,Sat Jan 18 2020 16:37:24 GMT-0500 (EST),2020-01-18,https://www.inaturalist.org/observations/57144118,https://static.inaturalist.org/photos/91124925/medium.jpg,"John D. MacArthur Beach State Park, North Palm Beach, FL, US",26.82090704,-80.03771279,United States,Not Juvenile
57176984.0,2020/01/13 8:41 AM EST,2020-01-13,https://www.inaturalist.org/observations/57176984,https://inaturalist-open-data.s3.amazonaws.com/photos/91179826/medium.jpeg,"Cocoa Beach, FL 32931, USA",28.36337833,-80.60279667,United States,Not Juvenile
57177122.0,2020/01/13 8:42 AM EST,2020-01-13,https://www.inaturalist.org/observations/57177122,https://inaturalist-open-data.s3.amazonaws.com/photos/91180027/medium.jpeg,"Cocoa Beach, FL 32931, USA",28.36393333,-80.60264000000001,United States,Not Juvenile
57330007.0,2019/02/22 4:35 PM EST,2019-02-22,https://www.inaturalist.org/observations/57330007,https://inaturalist-open-data.s3.amazonaws.com/photos/91434623/medium.jpeg,United States,26.51909133,-80.08368823,United States,Not Juvenile
57434874.0,2020-05-27 7:46:00 PM EDT,2020-05-27,https://www.inaturalist.org/observations/57434874,https://static.inaturalist.org/photos/91611931/medium.jpeg,Myrtle Beach State Park,33.64688505,-78.92931674,United States,Not Juvenile
57453103.0,Tue Jan 14 2020 11:15:13 GMT-0500 (EST),2020-01-14,https://www.inaturalist.org/observations/57453103,https://inaturalist-open-data.s3.amazonaws.com/photos/91642731/medium.jpg,"N Ocean Shore Blvd, Marineland, FL, US",29.673105,-81.214355,United States,Not Juvenile
57815548.0,2019-06-08T06:10:42-04:00,2019-06-08,https://www.inaturalist.org/observations/57815548,https://inaturalist-open-data.s3.amazonaws.com/photos/92253886/medium.jpeg,Oak Island,33.90290561,-78.07471502,United States,Not Juvenile
57817891.0,2019-12-19T09:04:02-06:00,2019-12-19,https://www.inaturalist.org/observations/57817891,https://inaturalist-open-data.s3.amazonaws.com/photos/92257586/medium.jpeg,Key Largo,25.09323117,-80.43327207,United States,Not Juvenile
57882513.0,Fri May 22 2020 19:20:50 GMT-0400 (EDT),2020-05-22,https://www.inaturalist.org/observations/57882513,https://static.inaturalist.org/photos/92365883/medium.jpg,"Ashe Island, North Topsail Beach, NC, US",34.47761167,-77.45067499999999,United States,Not Juvenile
57948215.0,2020-08-29 2:15:46 PM EDT,2020-08-29,https://www.inaturalist.org/observations/57948215,https://inaturalist-open-data.s3.amazonaws.com/photos/92475941/medium.jpeg,"Nantucket County, US-MA, US",41.27011111,-70.20209639000001,United States,Not Juvenile
58039362.0,Sun Aug 30 2020 11:21:17 GMT-0400 (EDT),2020-08-30,https://www.inaturalist.org/observations/58039362,https://inaturalist-open-data.s3.amazonaws.com/photos/92627831/medium.jpg,"Nantucket Island, Nantucket, MA, US",41.24082167,-70.09923617,United States,Not Juvenile
58174316.0,Fri Jan 03 2020 09:16:19 GMT-0600 (CST),2020-01-03,https://www.inaturalist.org/observations/58174316,https://inaturalist-open-data.s3.amazonaws.com/photos/92853483/medium.jpg,"Biscayne Bay, Key Biscayne, FL, US",25.73957296,-80.16990335,United States,Not Juvenile
58286673.0,Tue Sep 01 2020 18:42:05 GMT-0400 (EDT),2020-09-01,https://www.inaturalist.org/observations/58286673,https://inaturalist-open-data.s3.amazonaws.com/photos/93040994/medium.jpg,"North Atlantic Ocean, Nantucket, MA, US",41.29117122,-70.09316994,United States,Not Juvenile
58458819.0,2020-09-03 5:55:21 PM EDT,2020-09-03,https://www.inaturalist.org/observations/58458819,https://inaturalist-open-data.s3.amazonaws.com/photos/93333120/medium.jpeg,"Menemsha, Chilmark, MA 02535, USA",41.34093688,-70.71821429,United States,Not Juvenile
58528839.0,Fri Sep 04 2020 14:27:44 GMT-0400 (EDT),2020-09-04,https://www.inaturalist.org/observations/58528839,https://static.inaturalist.org/photos/93449568/medium.jpg,"Conanicut Island, Jamestown, RI, US",41.4491,-71.39986333,United States,Not Juvenile
58573673.0,Fri Sep 04 2020 21:11:24 GMT-0400 (EDT),2020-09-04,https://www.inaturalist.org/observations/58573673,https://static.inaturalist.org/photos/93525477/medium.jpg,"North Atlantic Ocean, FL, US",29.83493835,-81.26317427000001,United States,Not Juvenile
58617674.0,2020-09-05 12:02:26 PM EDT,2020-09-05,https://www.inaturalist.org/observations/58617674,https://static.inaturalist.org/photos/93598500/medium.jpeg,"Menemsha Beach, Chilmark, MA 02535, USA",41.35481162,-70.76599013,United States,Not Juvenile
58964698.0,2020-09-08 12:48:41 PM EDT,2020-09-08,https://www.inaturalist.org/observations/58964698,https://static.inaturalist.org/photos/94258803/medium.jpeg,"Massachusetts, US",41.49089105,-70.9383818,United States,Not Juvenile
58999589.0,Mon Sep 07 2020 15:53:55 GMT-0400 (EDT),2020-09-07,https://www.inaturalist.org/observations/58999589,https://inaturalist-open-data.s3.amazonaws.com/photos/94233643/medium.jpg,"Buzzards Bay, South Dartmouth, MA, US",41.51007833,-71.01680833,United States,Not Juvenile
59035916.0,Wed Sep 09 2020 07:35:55 GMT-0400 (EDT),2020-09-09,https://www.inaturalist.org/observations/59035916,https://inaturalist-open-data.s3.amazonaws.com/photos/94297504/medium.jpg,"Sachuest Point National Wildlife Refuge, Middletown, RI, US",41.47987998,-71.23997754,United States,Not Juvenile
59060843.0,Wed Sep 09 2020 13:25:30 GMT-0400 (EDT),2020-09-09,https://www.inaturalist.org/observations/59060843,https://inaturalist-open-data.s3.amazonaws.com/photos/94339754/medium.jpg,"Green Hill Ocean Dr, Wakefield, RI, US",41.365025,-71.60026667,United States,Not Juvenile
59104265.0,Sun Dec 29 2019 12:44:07 GMT-0500 (EST),2019-12-29,https://www.inaturalist.org/observations/59104265,https://static.inaturalist.org/photos/94414053/medium.jpg,"Cocoa Beach, FL, US",28.33350833,-80.60656167,United States,Not Juvenile
59150183.0,2018/02/09 2:58 PM UTC,2018-02-09,https://www.inaturalist.org/observations/59150183,https://inaturalist-open-data.s3.amazonaws.com/photos/94491303/medium.jpeg,"Delray Beach, FL, USA",26.4614625,-80.0728201,United States,Not Juvenile
59189216.0,Wed Sep 09 2020 17:20:09 GMT-0400 (EDT),2020-09-09,https://www.inaturalist.org/observations/59189216,https://inaturalist-open-data.s3.amazonaws.com/photos/94558405/medium.jpg,"Beach St, Narragansett, RI, US",41.43934415,-71.45097405,United States,Not Juvenile
59400114.0,Thu Sep 03 2020 17:28:28 GMT-0400 (EDT),2020-09-03,https://www.inaturalist.org/observations/59400114,https://inaturalist-open-data.s3.amazonaws.com/photos/94908823/medium.jpg,"Martha's Vineyard, Edgartown, MA, US",41.34966667,-70.466055,United States,Not Juvenile
59421615.0,2020/09/06 5:30 PM EDT,2020-09-06,https://www.inaturalist.org/observations/59421615,https://inaturalist-open-data.s3.amazonaws.com/photos/94945365/medium.jpeg,"Menemsha, Chilmark, MA 02535, USA",41.30702333,-70.78609833,United States,Not Juvenile
59498058.0,2020-09-13 12:38:28 PM EDT,2020-09-13,https://www.inaturalist.org/observations/59498058,https://inaturalist-open-data.s3.amazonaws.com/photos/95071726/medium.jpeg,"Watch Hill, Westerly, RI 02891, USA",41.3094861,-71.87670998,United States,Not Juvenile
59503801.0,Sun Sep 13 2020 16:13:12 GMT-0400 (EDT),2020-09-13,https://www.inaturalist.org/observations/59503801,https://inaturalist-open-data.s3.amazonaws.com/photos/95080991/medium.jpg,"North Atlantic Ocean, Southampton, NY, US",40.85042167,-72.44428333,United States,Not Juvenile
59512795.0,Sun Sep 13 2020 17:17:24 GMT-0400 (EDT),2020-09-13,https://www.inaturalist.org/observations/59512795,https://static.inaturalist.org/photos/95095545/medium.jpg,"Charlestown Beach Rd, Charlestown, RI, US",41.35876167,-71.63289667000001,United States,Not Juvenile
59520522.0,Sun Sep 13 2020 11:43:31 GMT-0400 (EDT),2020-09-13,https://www.inaturalist.org/observations/59520522,https://static.inaturalist.org/photos/95108501/medium.jpg,"Block Island, RI, US",41.228195,-71.57512000000001,United States,Not Juvenile
59529608.0,Sat Sep 12 2020 14:32:19 GMT-0400 (EDT),2020-09-12,https://www.inaturalist.org/observations/59529608,https://static.inaturalist.org/photos/95123644/medium.jpg,"North Atlantic Ocean, Block Island, RI, US",41.18604115,-71.56654428,United States,Not Juvenile
59530569.0,Sun Sep 13 2020 16:51:09 GMT-0400 (EDT),2020-09-13,https://www.inaturalist.org/observations/59530569,https://inaturalist-open-data.s3.amazonaws.com/photos/95125277/medium.jpg,"Salty Brine State Beach, Narragansett, RI, US",41.37536774,-71.51211442,United States,Not Juvenile
59533478.0,Sun Sep 13 2020 21:32:47 GMT-0400 (EDT),2020-09-13,https://www.inaturalist.org/observations/59533478,https://inaturalist-open-data.s3.amazonaws.com/photos/95130464/medium.jpg,"Long Island, Montauk, NY, US",41.00148056,-72.02811383,United States,Not Juvenile
59538384.0,Sun Sep 13 2020 22:27:48 GMT-0400 (EDT),2020-09-13,https://www.inaturalist.org/observations/59538384,https://inaturalist-open-data.s3.amazonaws.com/photos/95138639/medium.jpg,"Sand Hill Cove, Narragansett, RI, US",41.375267699999995,-71.51211889,United States,Not Juvenile
59556509.0,Sun Sep 13 2020 12:49:22 GMT-0400 (EDT),2020-09-13,https://www.inaturalist.org/observations/59556509,https://inaturalist-open-data.s3.amazonaws.com/photos/95169007/medium.jpg,"Ram Island, New London, CT, US",41.31207429,-71.97850414,United States,Not Juvenile
59581412.0,Mon Sep 14 2020 11:34:56 GMT-0400 (EDT),2020-09-14,https://www.inaturalist.org/observations/59581412,https://static.inaturalist.org/photos/95210352/medium.jpg,"Atlantic Ave, Westport, MA, US",41.50464638,-71.09701554,United States,Not Juvenile
59602559.0,Mon Sep 14 2020 14:39:20 GMT-0400 (EDT),2020-09-14,https://www.inaturalist.org/observations/59602559,https://inaturalist-open-data.s3.amazonaws.com/photos/95244639/medium.jpg,"Sachuest Bay, RI, US",41.48597833,-71.253075,United States,Not Juvenile
59636494.0,Sun Sep 13 2020 13:22:59 GMT-0400 (EDT),2020-09-13,https://www.inaturalist.org/observations/59636494,https://static.inaturalist.org/photos/95302287/medium.jpg,"Martha's Vineyard, Edgartown, MA, US",41.34848996,-70.50412674,United States,Not Juvenile
59639246.0,Mon Sep 14 2020 09:17:00 GMT-0400 (EDT),2020-09-14,https://www.inaturalist.org/observations/59639246,https://static.inaturalist.org/photos/95307088/medium.jpg,"Stonington Harbor, Stonington, CT, US",41.33454445,-71.90892102000001,United States,Not Juvenile
59650259.0,Tue Sep 15 2020 06:34:20 GMT+0700 (GMT+7),2020-09-15,https://www.inaturalist.org/observations/59650259,https://static.inaturalist.org/photos/95326208/medium.jpg,"Second Beach, Middletown, RI, US",41.487852,-71.25857022,United States,Not Juvenile
59674929.0,Mon Sep 14 2020 17:05:55 GMT-0400 (EDT),2020-09-14,https://www.inaturalist.org/observations/59674929,https://static.inaturalist.org/photos/95366707/medium.jpg,"Isabella Beach, Fishers Island, NY, US",41.26187583,-71.99121684,United States,Not Juvenile
59826515.0,Wed Sep 16 2020 18:25:10 GMT-0400 (EDT),2020-09-16,https://www.inaturalist.org/observations/59826515,https://inaturalist-open-data.s3.amazonaws.com/photos/192984337/medium.jpg,"Bridge Rd, Westport, MA, US",41.50648172,-71.05937803,United States,Not Juvenile
60014481.0,Fri Sep 18 2020 18:00:35 GMT-0400 (EDT),2020-09-18,https://www.inaturalist.org/observations/60014481,https://static.inaturalist.org/photos/95932985/medium.jpg,"Crown Point Cir, Corolla, NC, US",36.32242,-75.80808333,United States,Not Juvenile
60015494.0,Fri Sep 18 2020 18:16:22 GMT-0400 (EDT),2020-09-18,https://www.inaturalist.org/observations/60015494,https://static.inaturalist.org/photos/95934634/medium.jpg,"Sandpiper Ln E, Southern Shores, NC, US",36.13474717,-75.72915499999999,United States,Not Juvenile
60075187.0,Sat Sep 19 2020 10:12:32 GMT-0400 (EDT),2020-09-19,https://www.inaturalist.org/observations/60075187,https://inaturalist-open-data.s3.amazonaws.com/photos/96035085/medium.jpg,"Cape Cod National Seashore, Eastham, MA, US",41.84836573,-69.94779568,United States,Not Juvenile
60082721.0,Sat Sep 19 2020 12:13:12 GMT-0400 (EDT),2020-09-19,https://www.inaturalist.org/observations/60082721,https://inaturalist-open-data.s3.amazonaws.com/photos/96047206/medium.jpg,"North Atlantic Ocean, Provincetown, MA, US",42.05325833,-70.08085000000001,United States,Not Juvenile
60201685.0,Fri May 29 2020 17:48:14 GMT-0400 (EDT),2020-05-29,https://www.inaturalist.org/observations/60201685,https://static.inaturalist.org/photos/96241746/medium.jpg,"Atlantic Ocean, Oak Island, NC, US",33.91418333,-78.17571333000001,United States,Not Juvenile
60254229.0,Sun Sep 20 2020 13:23:38 GMT-0400 (EDT),2020-09-20,https://www.inaturalist.org/observations/60254229,https://static.inaturalist.org/photos/96328157/medium.jpg,"Corolla, NC, US",36.31136333,-75.80417,United States,Not Juvenile
60274696.0,Sun Sep 20 2020 17:33:40 GMT-0400 (EDT),2020-09-20,https://www.inaturalist.org/observations/60274696,https://static.inaturalist.org/photos/96364163/medium.jpg,"Hickory Trail, Southern Shores, NC, US",36.13601383,-75.730055,United States,Not Juvenile
60331231.0,2020-09-21T12:59:56-04:00,2020-09-21,https://www.inaturalist.org/observations/60331231,https://inaturalist-open-data.s3.amazonaws.com/photos/96460873/medium.jpeg,"Cape Cod National Seashore, Barnstable County, US-MA, US",42.04965421,-70.07337009,United States,Not Juvenile
60360587.0,Sun Sep 20 2020 17:52:17 GMT-0400 (EDT),2020-09-20,https://www.inaturalist.org/observations/60360587,https://static.inaturalist.org/photos/96510117/medium.jpg,"Purple Martin Ln, Southern Shores, NC, US",36.13569167,-75.72961333,United States,Not Juvenile
60362667.0,Mon Sep 21 2020 15:44:14 GMT-0400 (EDT),2020-09-21,https://www.inaturalist.org/observations/60362667,https://inaturalist-open-data.s3.amazonaws.com/photos/96513325/medium.jpg,"Cape Cod National Seashore, Wellfleet, MA, US",41.9997,-70.02056117000001,United States,Not Juvenile
60421166.0,2020/09/22 10:26 AM EDT,2020-09-22,https://www.inaturalist.org/observations/60421166,https://inaturalist-open-data.s3.amazonaws.com/photos/96614587/medium.jpeg,"Dare County, NC, USA",35.82454167,-75.55411667,United States,Not Juvenile
60452228.0,2020/09/22 12:33 PM EDT,2020-09-22,https://www.inaturalist.org/observations/60452228,https://inaturalist-open-data.s3.amazonaws.com/photos/96665246/medium.jpeg,"Truro, MA, USA",42.04661518,-70.06772389,United States,Not Juvenile
60747656.0,2019/03/02 3:38 PM EST,2019-03-02,https://www.inaturalist.org/observations/60747656,https://inaturalist-open-data.s3.amazonaws.com/photos/97155765/medium.jpeg,"Barrier Island, Fort Lauderdale, FL, USA",26.1410895,-80.10187379999999,United States,Not Juvenile
61094414.0,Mon Jun 08 2020 19:13:16 GMT-0400 (EDT),2020-06-08,https://www.inaturalist.org/observations/61094414,https://inaturalist-open-data.s3.amazonaws.com/photos/97731743/medium.jpg,"Wrightsville Beach, NC, US",34.19439696,-77.8038143,United States,Not Juvenile
61233004.0,2020-05-28 4:17:05 PM EDT,2020-05-28,https://www.inaturalist.org/observations/61233004,https://inaturalist-open-data.s3.amazonaws.com/photos/97961517/medium.jpeg,"Horry County, SC, USA",33.684981,-78.88462697,United States,Not Juvenile
61804422.0,Wed Sep 09 2020 13:31:17 GMT-0400 (EDT),2020-09-09,https://www.inaturalist.org/observations/61804422,https://static.inaturalist.org/photos/98942657/medium.jpg,"Martha's Vineyard, Chilmark, MA, US",41.346695,-70.726045,United States,Not Juvenile
62055087.0,2020-10-08 2:37:13 PM EDT,2020-10-08,https://www.inaturalist.org/observations/62055087,https://static.inaturalist.org/photos/99377014/medium.jpeg,"Nantucket, MA 02554, USA",41.29430306,-70.11687167,United States,Not Juvenile
62270571.0,Sat Oct 10 2020 11:47:57 GMT-0400 (EDT),2020-10-10,https://www.inaturalist.org/observations/62270571,https://inaturalist-open-data.s3.amazonaws.com/photos/99750765/medium.jpg,"Virginia, US",36.84815616,-75.92467479,United States,Not Juvenile
62501309.0,2019/01/01 1:27 PM UTC,2019-01-01,https://www.inaturalist.org/observations/62501309,https://inaturalist-open-data.s3.amazonaws.com/photos/100150757/medium.jpg,"Key Biscayne, FL 33149, USA",25.69779369,-80.15717858000001,United States,Not Juvenile
62554683.0,2020/10/14 1:48 PM UTC,2020-10-14,https://www.inaturalist.org/observations/62554683,https://static.inaturalist.org/photos/100246896/medium.jpg,"South Beach, Miami Beach, FL 33139, USA",25.7890173,-80.12730439,United States,Not Juvenile
63027530.0,Thu Sep 03 2020 11:10:00 GMT-0700 (PDT),2020-09-03,https://www.inaturalist.org/observations/63027530,https://inaturalist-open-data.s3.amazonaws.com/photos/101087181/medium.jpg,"North Atlantic Ocean, Nantucket, MA, US",41.27986677,-70.09209065,United States,Not Juvenile
64245220.0,Sun Nov 01 2020 13:21:00 GMT-0500 (EST),2020-11-01,https://www.inaturalist.org/observations/64245220,https://inaturalist-open-data.s3.amazonaws.com/photos/103254861/medium.jpg,"Ocean Shore Blvd, Ormond Beach, FL, US",29.31726129,-81.05115163,United States,Not Juvenile
64259628.0,Thu Nov 05 2020 16:13:30 GMT-0500 (EST),2020-11-05,https://www.inaturalist.org/observations/64259628,https://static.inaturalist.org/photos/103280747/medium.jpg,"41‚Äì99 12th Ln, St. Augustine Beach, FL, US",29.85240813,-81.2660831,United States,Not Juvenile
64374203.0,Sat Nov 07 2020 10:53:33 GMT-0500 (EST),2020-11-07,https://www.inaturalist.org/observations/64374203,https://static.inaturalist.org/photos/103482906/medium.jpg,"Melbourne, FL, US",28.12430283,-80.57588833,United States,Not Juvenile
64397816.0,2020-11-07 1:18:29 PM EST,2020-11-07,https://www.inaturalist.org/observations/64397816,https://static.inaturalist.org/photos/103524297/medium.jpeg,"FERNANDINA, FL 32034, USA",30.514896,-81.437467,United States,Not Juvenile
64455518.0,Sun Nov 08 2020 10:51:58 GMT-0500 (EST),2020-11-08,https://www.inaturalist.org/observations/64455518,https://inaturalist-open-data.s3.amazonaws.com/photos/103629218/medium.jpg,"Anastasia Island, FL, US",29.83058833,-81.26319167,United States,Not Juvenile
64606946.0,Tue Nov 10 2020 11:57:35 GMT-0500 (EST),2020-11-10,https://www.inaturalist.org/observations/64606946,https://inaturalist-open-data.s3.amazonaws.com/photos/103891356/medium.jpg,"Masonboro Island, NC, US",34.17027985,-77.82578751,United States,Not Juvenile
64724817.0,Wed Nov 11 2020 13:08:46 GMT-0500 (EST),2020-11-11,https://www.inaturalist.org/observations/64724817,https://inaturalist-open-data.s3.amazonaws.com/photos/104105412/medium.jpg,"Sullivan's Island Beach, Sullivans Island, SC, US",32.75405,-79.852975,United States,Not Juvenile
64736132.0,Thu Nov 12 2020 11:55:35 GMT-0500 (EST),2020-11-12,https://www.inaturalist.org/observations/64736132,https://static.inaturalist.org/photos/104126940/medium.jpg,"Ocean Blvd W, NC, US",33.90734358,-78.33035968,United States,Not Juvenile
64741042.0,2020-11-11 11:38:28 AM EST,2020-11-11,https://www.inaturalist.org/observations/64741042,https://static.inaturalist.org/photos/104136402/medium.jpeg,"Carteret County, US-NC, US",34.65976143,-77.03868192,United States,Not Juvenile
64818431.0,Fri Nov 13 2020 12:03:39 GMT-0500 (EST),2020-11-13,https://www.inaturalist.org/observations/64818431,https://inaturalist-open-data.s3.amazonaws.com/photos/105509938/medium.jpg,"Wrightsville Beach, NC, US",34.22925833,-77.778595,United States,Not Juvenile
64880453.0,Sat Nov 14 2020 15:10:44 GMT-0500 (EST),2020-11-14,https://www.inaturalist.org/observations/64880453,https://inaturalist-open-data.s3.amazonaws.com/photos/104378193/medium.jpg,"Debidue Island, Pawleys Island, SC, US",33.43050847,-79.12093233,United States,Not Juvenile
64932495.0,2020-11-13 3:01:55 PM EST,2020-11-13,https://www.inaturalist.org/observations/64932495,https://static.inaturalist.org/photos/104470573/medium.jpeg,"Kiawah Island, SC, USA",32.59937164,-80.09448878,United States,Not Juvenile
64974909.0,Fri Nov 13 2020 13:59:54 GMT-0500 (EST),2020-11-13,https://www.inaturalist.org/observations/64974909,https://inaturalist-open-data.s3.amazonaws.com/photos/104538588/medium.jpg,"Freeman Park, NC, US",34.07096703,-77.8758986,United States,Not Juvenile
65011729.0,Tue Nov 10 2020 17:48:33 GMT-0600 (CST),2020-11-10,https://www.inaturalist.org/observations/65011729,https://inaturalist-open-data.s3.amazonaws.com/photos/104603123/medium.jpg,"North Atlantic Ocean, FL, US",24.95550166,-80.56874119,United States,Not Juvenile
65134525.0,Sun Mar 15 2020 12:39:52 GMT-0400 (EDT),2020-03-15,https://www.inaturalist.org/observations/65134525,https://inaturalist-open-data.s3.amazonaws.com/photos/104795217/medium.jpg,"Biscayne National Park, Homestead, FL, US",25.54880228,-80.32098327,United States,Not Juvenile
65202115.0,2020/01/04 10:13 AM EST,2020-01-04,https://www.inaturalist.org/observations/65202115,https://inaturalist-open-data.s3.amazonaws.com/photos/104907488/medium.jpeg,"Jupiter, FL, USA",26.89435937,-80.05678825,United States,Uncertain
65236734.0,2020-11-19 4:21:00 PM EST,2020-11-19,https://www.inaturalist.org/observations/65236734,https://static.inaturalist.org/photos/104963656/medium.jpeg,"Nautilus, Miami Beach, FL 33140, USA",25.81351888,-80.13473231,United States,Not Juvenile
65248930.0,Sun Jun 14 2020 06:27:56 GMT-0400 (EDT),2020-06-14,https://www.inaturalist.org/observations/65248930,https://inaturalist-open-data.s3.amazonaws.com/photos/104984563/medium.jpg,"Ponte Vedra Blvd, Ponte Vedra Beach, FL, US",30.18259667,-81.361075,United States,Not Juvenile
65398629.0,2020-11-22T07:20:07-05:00,2020-11-22,https://www.inaturalist.org/observations/65398629,https://inaturalist-open-data.s3.amazonaws.com/photos/105254889/medium.jpeg,Jekyll Island,31.0312138,-81.414557,United States,Not Juvenile
65436352.0,2020-11-22 12:02:39 PM EST,2020-11-22,https://www.inaturalist.org/observations/65436352,https://inaturalist-open-data.s3.amazonaws.com/photos/105321923/medium.jpeg,"South Beach, Miami Beach, FL 33139, USA",25.78006576,-80.12835771,United States,Not Juvenile
65529460.0,Tue Nov 24 2020 08:01:18 GMT-0500 (EST),2020-11-24,https://www.inaturalist.org/observations/65529460,https://inaturalist-open-data.s3.amazonaws.com/photos/105487270/medium.jpg,"North Atlantic Ocean, FL, US",27.33433648,-80.23026295,United States,Not Juvenile
65555314.0,Fri Nov 13 2020 12:03:39 GMT-0500 (EST),2020-11-13,https://www.inaturalist.org/observations/65555314,https://inaturalist-open-data.s3.amazonaws.com/photos/105533288/medium.jpg,"Wrightsville Beach, NC, US",34.22925833,-77.778595,United States,Not Juvenile
65602476.0,2020-11-25T16:36:49-05:00,2020-11-25,https://www.inaturalist.org/observations/65602476,https://static.inaturalist.org/photos/105618357/medium.jpeg,Palm Beach,26.45425952,-80.05830657,United States,Not Juvenile
65619949.0,Wed Nov 25 2020 12:39:47 GMT-0500 (EST),2020-11-25,https://www.inaturalist.org/observations/65619949,https://static.inaturalist.org/photos/105648602/medium.jpg,"North Hutchinson Island, Vero Beach, FL, US",27.60676167,-80.33669167000001,United States,Juvenile
65661045.0,Thu Nov 26 2020 17:44:24 GMT-0500 (EST),2020-11-26,https://www.inaturalist.org/observations/65661045,https://static.inaturalist.org/photos/105719836/medium.jpg,"Straits of Florida, FL, US",25.78855796,-80.12689958,United States,Not Juvenile
65661308.0,2020-11-26 5:50:29 PM EST,2020-11-26,https://www.inaturalist.org/observations/65661308,https://static.inaturalist.org/photos/105720307/medium.jpeg,"Riviera Beach, FL, USA",26.79551221,-80.03129158,United States,Not Juvenile
65716418.0,Thu Nov 26 2020 15:11:04 GMT-0500 (EST),2020-11-26,https://www.inaturalist.org/observations/65716418,https://static.inaturalist.org/photos/105817106/medium.jpg,"Lower Matecumbe Key, Islamorada, FL, US",24.85453333,-80.73155333,United States,Not Juvenile
65726509.0,2020/11/27 2:09 PM EST,2020-11-27,https://www.inaturalist.org/observations/65726509,https://inaturalist-open-data.s3.amazonaws.com/photos/105833971/medium.jpg,"Miami-Dade County, FL, USA",25.70217423,-80.15412244,United States,Not Juvenile
65726511.0,2020/11/27 3:15 PM EST,2020-11-27,https://www.inaturalist.org/observations/65726511,https://inaturalist-open-data.s3.amazonaws.com/photos/105833990/medium.jpg,"Miami-Dade County, FL, USA",25.7023728,-80.1540112,United States,Juvenile
65764036.0,2020-03-18 11:36:39 AM EDT,2020-03-18,https://www.inaturalist.org/observations/65764036,https://static.inaturalist.org/photos/105903132/medium.jpeg,"N Highway A1A/ Cassia Blvd (SE Corner), Satellite Beach, FL 32937, USA",28.17190498,-80.58853995,United States,Not Juvenile
65831733.0,2020-11-27 9:55:13 AM EST,2020-11-27,https://www.inaturalist.org/observations/65831733,https://static.inaturalist.org/photos/106024174/medium.jpeg,"Dania Beach, FL 33004, USA",26.06623501,-80.11210285,United States,Uncertain
65860795.0,Thu Nov 12 2020 12:37:42 GMT-0500 (EST),2020-11-12,https://www.inaturalist.org/observations/65860795,https://inaturalist-open-data.s3.amazonaws.com/photos/106076894/medium.jpg,"Isle of Palms Beach, Isle of Palms, SC, US",32.78011667,-79.79737833,United States,Not Juvenile
65868896.0,2020-11-29T23:59:40-05:00,2020-11-30,https://www.inaturalist.org/observations/65868896,https://inaturalist-open-data.s3.amazonaws.com/photos/106091438/medium.jpeg,Miami Beach,25.7867723,-80.1290104,United States,Not Juvenile
66043338.0,Thu Dec 03 2020 08:45:20 GMT-0500 (EST),2020-12-03,https://www.inaturalist.org/observations/66043338,https://static.inaturalist.org/photos/106385210/medium.jpg,"S Ocean Blvd, Palm Beach, FL, US",26.59367972,-80.03698327000001,United States,Not Juvenile
66043359.0,Thu Dec 03 2020 08:46:03 GMT-0500 (EST),2020-12-03,https://www.inaturalist.org/observations/66043359,https://static.inaturalist.org/photos/106385243/medium.jpg,"S Ocean Blvd, South Palm Beach, FL, US",26.59366851,-80.03709926,United States,Not Juvenile
66065295.0,Wed Dec 02 2020 23:04:02 GMT-0500 (EST),2020-12-02,https://www.inaturalist.org/observations/66065295,https://inaturalist-open-data.s3.amazonaws.com/photos/106424320/medium.jpg,"N Atlantic Blvd, FL, US",26.16716264,-80.09779757,United States,Not Juvenile
66107967.0,Fri Dec 04 2020 17:20:05 GMT-0500 (EST),2020-12-04,https://www.inaturalist.org/observations/66107967,https://inaturalist-open-data.s3.amazonaws.com/photos/106499187/medium.jpg,"Key Biscayne, FL, US",25.70517985,-80.15289266,United States,Not Juvenile
66190102.0,Fri Dec 04 2020 15:43:09 GMT-0500 (EST),2020-12-04,https://www.inaturalist.org/observations/66190102,https://static.inaturalist.org/photos/106653307/medium.jpg,"North Atlantic Ocean, Miami, FL, US",25.73930725,-80.16402882,United States,Not Juvenile
66212648.0,2020/11/29 9:03 AM EST,2020-11-29,https://www.inaturalist.org/observations/66212648,https://inaturalist-open-data.s3.amazonaws.com/photos/106683963/medium.jpeg,"Key Largo, FL 33037, USA",25.12624547,-80.40549215,United States,Not Juvenile
66218960.0,2020-11-27 10:09:47 AM EST,2020-11-27,https://www.inaturalist.org/observations/66218960,https://static.inaturalist.org/photos/106696924/medium.jpeg,Key Largo,25.08775875,-80.44728007,United States,Not Juvenile
66298005.0,Thu Nov 26 2020 13:50:43 GMT-0500 (EST),2020-11-26,https://www.inaturalist.org/observations/66298005,https://inaturalist-open-data.s3.amazonaws.com/photos/107423773/medium.jpg,"Straits of Florida, Miami Beach, FL, US",25.83109167,-80.11934717,United States,Not Juvenile
66314485.0,Sun Mar 10 2019 13:44:00 GMT-0400 (EDT),2019-03-10,https://www.inaturalist.org/observations/66314485,https://static.inaturalist.org/photos/106876885/medium.jpg,"Singer Island, Jupiter, FL, US",26.93105358,-80.07439869,United States,Not Juvenile
66422152.0,Fri Dec 11 2020 11:25:12 GMT-0500 (EST),2020-12-11,https://www.inaturalist.org/observations/66422152,https://static.inaturalist.org/photos/107075522/medium.jpg,"Singer Island, Jupiter, FL, US",26.89794977,-80.05796967,United States,Not Juvenile
66422155.0,Fri Dec 11 2020 11:25:14 GMT-0500 (EST),2020-12-11,https://www.inaturalist.org/observations/66422155,https://inaturalist-open-data.s3.amazonaws.com/photos/107075946/medium.jpg,"Singer Island, Jupiter, FL, US",26.89812993,-80.05881176,United States,Not Juvenile
66462285.0,2020-12-12 7:43:43 AM EST,2020-12-12,https://www.inaturalist.org/observations/66462285,https://inaturalist-open-data.s3.amazonaws.com/photos/107147418/medium.jpeg,"The Bluffs South, Jupiter, FL 33477, USA",26.89713587,-80.05995367,United States,Not Juvenile
66492837.0,Sat Dec 12 2020 11:22:21 GMT-0500 (EST),2020-12-12,https://www.inaturalist.org/observations/66492837,https://static.inaturalist.org/photos/107202125/medium.jpg,"Crandon Park, Key Biscayne, FL, US",25.71410833,-80.15398333,United States,Not Juvenile
66497497.0,Sat Dec 12 2020 16:35:06 GMT-0500 (EST),2020-12-12,https://www.inaturalist.org/observations/66497497,https://static.inaturalist.org/photos/107211420/medium.jpg,"Ocean Park Beach, Dania Beach, FL, US",26.05672645,-80.11172206,United States,Not Juvenile
66534820.0,2020/12/13 12:43 PM EST,2020-12-13,https://www.inaturalist.org/observations/66534820,https://inaturalist-open-data.s3.amazonaws.com/photos/107278744/medium.jpeg,"Juno Beach, FL 33408, USA",26.8797819,-80.0533743,United States,Not Juvenile
66540846.0,2020-12-13 11:55:00 AM EST,2020-12-13,https://www.inaturalist.org/observations/66540846,https://static.inaturalist.org/photos/107289937/medium.jpeg,"Gulf Stream, FL 33483, USA",26.46512859,-80.0575665,United States,Not Juvenile
66547128.0,Sun Dec 13 2020 17:07:52 GMT-0500 (EST),2020-12-13,https://www.inaturalist.org/observations/66547128,https://static.inaturalist.org/photos/107301748/medium.jpg,"Singer Island, Juno Beach, FL, US",26.88186333,-80.053375,United States,Not Juvenile
66677283.0,Fri Mar 20 2020 11:42:19 GMT-0400 (EDT),2020-03-20,https://www.inaturalist.org/observations/66677283,https://static.inaturalist.org/photos/107541610/medium.jpg,"Atlantic St, Melbourne Beach, FL, US",28.06743883,-80.55547167,United States,Not Juvenile
66695331.0,Fri Dec 11 2020 14:46:38 GMT-0500 (EST),2020-12-11,https://www.inaturalist.org/observations/66695331,https://static.inaturalist.org/photos/107576506/medium.jpg,"Straits of Florida, FL, US",26.31506333,-80.07498883,United States,Not Juvenile
66746954.0,Sat Feb 03 2018 15:00:31 GMT-0600 (CST),2018-02-03,https://www.inaturalist.org/observations/66746954,https://static.inaturalist.org/photos/107670727/medium.jpg,"Hutchinson Island, Fort Pierce, FL, US",27.46778667,-80.29065833,United States,Not Juvenile
66792435.0,Sat Dec 19 2020 15:59:42 GMT-0500 (EST),2020-12-19,https://www.inaturalist.org/observations/66792435,https://static.inaturalist.org/photos/107754462/medium.jpg,"Commercial Blvd, Lauderdale-by-the-Sea, FL, US",26.189645,-80.09455833,United States,Not Juvenile
66850648.0,2020-12-20 4:07:01 PM EST,2020-12-20,https://www.inaturalist.org/observations/66850648,https://inaturalist-open-data.s3.amazonaws.com/photos/107862726/medium.jpeg,"A1A/NE 16 C, Fort Lauderdale, FL 33305, USA",26.149718,-80.10071497,United States,Not Juvenile
66967237.0,Wed Dec 23 2020 11:56:56 GMT-0500 (EST),2020-12-23,https://www.inaturalist.org/observations/66967237,https://inaturalist-open-data.s3.amazonaws.com/photos/108081668/medium.jpg,"73603‚Äì73703 Overseas Hwy, , FL, US",24.84785737,-80.74220622,United States,Not Juvenile
66978593.0,Wed Dec 23 2020 17:20:27 GMT-0500 (EST),2020-12-23,https://www.inaturalist.org/observations/66978593,https://inaturalist-open-data.s3.amazonaws.com/photos/108101605/medium.jpg,"Virginia Key, Key Biscayne, FL, US",25.73746511,-80.16081561,United States,Not Juvenile
66981498.0,Wed Dec 23 2020 17:07:46 GMT-0500 (EST),2020-12-23,https://www.inaturalist.org/observations/66981498,https://static.inaturalist.org/photos/108237107/medium.jpg,"S Ocean Blvd, Palm Beach, FL, US",26.70495312,-80.03294509999999,United States,Not Juvenile
67008940.0,2020-12-24T11:10:51-05:00,2020-12-24,https://www.inaturalist.org/observations/67008940,https://inaturalist-open-data.s3.amazonaws.com/photos/108157714/medium.jpeg,Key Biscayne,25.70761051,-80.151973,United States,Not Juvenile
67009299.0,2020-12-24T11:21:53-05:00,2020-12-24,https://www.inaturalist.org/observations/67009299,https://inaturalist-open-data.s3.amazonaws.com/photos/108158437/medium.jpeg,Key Biscayne,25.70812572,-80.1517483,United States,Not Juvenile
67013883.0,Wed Dec 23 2020 13:29:00 GMT-0500 (EST),2020-12-23,https://www.inaturalist.org/observations/67013883,https://inaturalist-open-data.s3.amazonaws.com/photos/108166888/medium.jpg,"Sol√© Miami, A Noble House Resort, 17315 Collins Ave, Sunny Isles Beach, FL 33160",25.936568,-80.119896,United States,Not Juvenile
67018630.0,2020-12-24 3:08:16 PM EST,2020-12-24,https://www.inaturalist.org/observations/67018630,https://inaturalist-open-data.s3.amazonaws.com/photos/108175791/medium.jpeg,"INDN RIV SHRS, FL 32963, USA",27.63195486,-80.34994739999999,United States,Not Juvenile
67036483.0,2020-03-13 6:51:56 PM EDT,2020-03-13,https://www.inaturalist.org/observations/67036483,https://inaturalist-open-data.s3.amazonaws.com/photos/108209263/medium.jpeg,"Cocoa Beach, FL 32931, USA",28.37108611,-80.60075,United States,Not Juvenile
67083224.0,2019-12-29T10:44:42-05:00,2019-12-29,https://www.inaturalist.org/observations/67083224,https://inaturalist-open-data.s3.amazonaws.com/photos/108293246/medium.jpeg,Hollywood,26.06473037,-80.11239595,United States,Not Juvenile
67137431.0,2020/12/24 7:14 AM MST,2020-12-24,https://www.inaturalist.org/observations/67137431,https://inaturalist-open-data.s3.amazonaws.com/photos/108396618/medium.jpg,"Central Beach Alliance, Fort Lauderdale, FL, USA",26.15721667,-80.10033889,United States,Not Juvenile
67195600.0,Mon Feb 18 2019 10:26:40 GMT+0100 (GMT+1),2019-02-18,https://www.inaturalist.org/observations/67195600,https://inaturalist-open-data.s3.amazonaws.com/photos/108505365/medium.jpg,"Hollywood Beach, Hollywood, FL, US",25.99613833,-80.1164945,United States,Not Juvenile
67208926.0,2020-12-28 3:17:21 PM EST,2020-12-28,https://www.inaturalist.org/observations/67208926,https://static.inaturalist.org/photos/108530035/medium.jpeg,"Key Biscayne, FL 33149, USA",25.67789036,-80.15424544,United States,Not Juvenile
67209014.0,2020-12-28 3:20:38 PM EST,2020-12-28,https://www.inaturalist.org/observations/67209014,https://static.inaturalist.org/photos/108530297/medium.jpeg,"Key Biscayne, FL 33149, USA",25.67897307,-80.15439645000001,United States,Not Juvenile
67209028.0,2020-12-28 3:21:15 PM EST,2020-12-28,https://www.inaturalist.org/observations/67209028,https://static.inaturalist.org/photos/108530359/medium.jpeg,"Key Biscayne, FL 33149, USA",25.67896146,-80.15441072,United States,Not Juvenile
67209089.0,2020-12-28 3:22:36 PM EST,2020-12-28,https://www.inaturalist.org/observations/67209089,https://static.inaturalist.org/photos/108530483/medium.jpeg,"Key Biscayne, FL 33149, USA",25.67958034,-80.15465591,United States,Not Juvenile
67209389.0,Mon Dec 28 2020 15:28:06 GMT-0500 (EST),2020-12-28,https://www.inaturalist.org/observations/67209389,https://static.inaturalist.org/photos/108531036/medium.jpg,"Hillsboro Mile, Hillsboro Beach, FL, US",26.3019,-80.0768195,United States,Not Juvenile
67263539.0,2020-12-29T14:53:48-05:00,2020-12-29,https://www.inaturalist.org/observations/67263539,https://inaturalist-open-data.s3.amazonaws.com/photos/108632249/medium.jpeg,Satellite Beach,28.200000000000003,-80.61,United States,Not Juvenile
67305811.0,Wed Dec 30 2020 09:40:20 GMT-0500 (EST),2020-12-30,https://www.inaturalist.org/observations/67305811,https://static.inaturalist.org/photos/114622230/medium.jpg,"SR-A1A, Melbourne, FL, US",28.12237217,-80.57526333,United States,Not Juvenile
67307147.0,Wed Dec 30 2020 08:16:59 GMT-0500 (EST),2020-12-30,https://www.inaturalist.org/observations/67307147,https://inaturalist-open-data.s3.amazonaws.com/photos/108714759/medium.jpg,"North Hutchinson Island, FL, US",27.61308833,-80.34126333,United States,Not Juvenile
67312971.0,2020-12-30T13:39:57-05:00,2020-12-30,https://www.inaturalist.org/observations/67312971,https://inaturalist-open-data.s3.amazonaws.com/photos/108725929/medium.jpeg,Indian River,27.55905825,-80.32136957,United States,Not Juvenile
67314436.0,Wed Dec 30 2020 14:26:15 GMT-0500 (EST),2020-12-30,https://www.inaturalist.org/observations/67314436,https://static.inaturalist.org/photos/108728620/medium.jpg,"North Atlantic Ocean, FL, US",27.31849619,-80.21788384,United States,Not Juvenile
67334372.0,2020-12-30T14:45:35-05:00,2020-12-30,https://www.inaturalist.org/observations/67334372,https://inaturalist-open-data.s3.amazonaws.com/photos/108765536/medium.jpeg,Vero Beach,27.6456368,-80.35306682,United States,Not Juvenile
67365790.0,Thu Dec 31 2020 09:54:34 GMT-0500 (EST),2020-12-31,https://www.inaturalist.org/observations/67365790,https://inaturalist-open-data.s3.amazonaws.com/photos/108823973/medium.jpg,"Harry Harris Park, Tavernier, FL, US",25.02458617,-80.49430000000001,United States,Not Juvenile
67366749.0,2020-12-31 2:59:01 PM EST,2020-12-31,https://www.inaturalist.org/observations/67366749,https://inaturalist-open-data.s3.amazonaws.com/photos/108825732/medium.jpeg,"Layton, FL 33001, USA",24.8126973,-80.81452019999999,United States,Not Juvenile
67368940.0,2020-12-31 2:59:01 PM EST,2020-12-31,https://www.inaturalist.org/observations/67368940,https://inaturalist-open-data.s3.amazonaws.com/photos/108829184/medium.jpeg,"Layton, FL 33001, USA",24.8126973,-80.81452019999999,United States,Not Juvenile
67376502.0,2020-12-31 1:10:08 PM EST,2020-12-31,https://www.inaturalist.org/observations/67376502,https://inaturalist-open-data.s3.amazonaws.com/photos/108842916/medium.jpeg,"OCEAN BRZ PK, FL 34957, USA",27.32633756,-80.22841097,United States,Uncertain
67379882.0,Tue Dec 29 2020 12:06:00 GMT-0500 (EST),2020-12-29,https://www.inaturalist.org/observations/67379882,https://inaturalist-open-data.s3.amazonaws.com/photos/108849066/medium.jpg,"N Fort Lauderdale Beach Blvd, Fort Lauderdale, FL, US",26.13182671,-80.10335305,United States,Not Juvenile
67382847.0,Thu Dec 31 2020 15:12:15 GMT-0500 (EST),2020-12-31,https://www.inaturalist.org/observations/67382847,https://static.inaturalist.org/photos/108854942/medium.jpg,"S Ocean Blvd, South Palm Beach, FL, US",26.58826333,-80.03740549999999,United States,Not Juvenile
67407627.0,2021-01-01 00:00:00,2021-01-01,https://www.inaturalist.org/observations/67407627,https://inaturalist-open-data.s3.amazonaws.com/photos/108899693/medium.jpeg,"Ocean Ridge, FL, USA",26.54408676,-80.0431115,United States,Not Juvenile
67408090.0,2021-01-01 7:58:54 AM EST,2021-01-01,https://www.inaturalist.org/observations/67408090,https://inaturalist-open-data.s3.amazonaws.com/photos/108901716/medium.jpeg,"Mile Marker 73.5 (O), Islamorada, FL 33036, USA",24.847182,-80.74274497,United States,Not Juvenile
67414460.0,Fri Jan 01 2021 14:50:17 GMT-0500 (EST),2021-01-01,https://www.inaturalist.org/observations/67414460,https://inaturalist-open-data.s3.amazonaws.com/photos/108913401/medium.jpg,"Royal Palm Island, Hollywood, FL, US",26.04987204,-80.11234518,United States,Not Juvenile
67414537.0,Fri Jan 01 2021 14:52:29 GMT-0500 (EST),2021-01-01,https://www.inaturalist.org/observations/67414537,https://inaturalist-open-data.s3.amazonaws.com/photos/108913589/medium.jpg,"Royal Palm Island, Hollywood, FL, US",26.04909776,-80.11257643,United States,Not Juvenile
67414930.0,Fri Jan 01 2021 14:59:04 GMT-0500 (EST),2021-01-01,https://www.inaturalist.org/observations/67414930,https://inaturalist-open-data.s3.amazonaws.com/photos/108914171/medium.jpg,"Wavecrest Ave, Indialantic, FL, US",28.09227713,-80.56591149,United States,Not Juvenile
67431466.0,2021/01/01 6:22 PM HST,2021-01-01,https://www.inaturalist.org/observations/67431466,https://inaturalist-open-data.s3.amazonaws.com/photos/108944269/medium.png,"Lauderdale-By-The-Sea, FL, USA",26.18852167,-80.09484018,United States,Not Juvenile
67470175.0,Sat Jan 02 2021 14:23:14 GMT-0500 (EST),2021-01-02,https://www.inaturalist.org/observations/67470175,https://inaturalist-open-data.s3.amazonaws.com/photos/109015468/medium.jpg,"Straits of Florida, Miami, FL, US",25.75764056,-80.14269901,United States,Not Juvenile
67494549.0,2020-03-15 7:51:09 AM EDT,2020-03-15,https://www.inaturalist.org/observations/67494549,https://static.inaturalist.org/photos/109060548/medium.jpeg,United States,26.67539373,-80.05232732,United States,Not Juvenile
67514067.0,Sun Jan 03 2021 08:39:35 GMT-0500 (EST),2021-01-03,https://www.inaturalist.org/observations/67514067,https://inaturalist-open-data.s3.amazonaws.com/photos/109097033/medium.jpg,"Lake Worth, FL, US",26.613480000000003,-80.03640833,United States,Not Juvenile
67514092.0,Sun Jan 03 2021 09:06:13 GMT-0500 (EST),2021-01-03,https://www.inaturalist.org/observations/67514092,https://inaturalist-open-data.s3.amazonaws.com/photos/109097055/medium.jpg,"S Ocean Blvd, Lake Worth, FL, US",26.61497062,-80.03647762,United States,Not Juvenile
67514187.0,2021-01-03 8:32:45 AM EST,2021-01-03,https://www.inaturalist.org/observations/67514187,https://static.inaturalist.org/photos/109097286/medium.jpeg,"Cocoa Beach, FL 32931, USA",28.2994,-80.60698333,United States,Not Juvenile
67624354.0,2021-01-03 9:11:20 AM EST,2021-01-03,https://www.inaturalist.org/observations/67624354,https://static.inaturalist.org/photos/109303065/medium.jpeg,"Duck Key, FL 33050, USA",24.74093782,-80.98006234,United States,Not Juvenile
67872215.0,Sun Jan 03 2021 15:49:34 GMT-0500 (EST),2021-01-03,https://www.inaturalist.org/observations/67872215,https://inaturalist-open-data.s3.amazonaws.com/photos/109769474/medium.jpg,"Key Biscayne, FL, US",25.72064667,-80.1478195,United States,Not Juvenile
67943525.0,2018/12/20 2:20 PM PST,2018-12-20,https://www.inaturalist.org/observations/67943525,https://static.inaturalist.org/photos/109903115/medium.jpg,"Barrier Island, Fort Lauderdale, FL, USA",26.09324298,-80.10822856,United States,Not Juvenile
67964610.0,Tue Jan 12 2021 12:41:11 GMT-0500 (EST),2021-01-12,https://www.inaturalist.org/observations/67964610,https://static.inaturalist.org/photos/109942684/medium.jpg,"Dr. Von D. Mizell-Eula Johnson State Park, Hollywood, FL, US",26.08127958,-80.10966545000001,United States,Juvenile
68295390.0,Mon Jan 18 2021 15:34:53 GMT-0500 (EST),2021-01-18,https://www.inaturalist.org/observations/68295390,https://static.inaturalist.org/photos/110549833/medium.jpg,"Delray Beach, FL, US",26.43541134,-80.0614083,United States,Not Juvenile
68342832.0,Tue Jan 19 2021 17:03:49 GMT-0500 (EST),2021-01-19,https://www.inaturalist.org/observations/68342832,https://static.inaturalist.org/photos/110636419/medium.jpg,"North Atlantic Ocean, Palm Beach, FL, US",26.77060875,-80.03502841,United States,Not Juvenile
68368204.0,Mon Dec 04 2017 13:54:53 GMT-0500 (EST),2017-12-04,https://www.inaturalist.org/observations/68368204,https://static.inaturalist.org/photos/110685058/medium.jpg,"Curry Hammock State Park, Marathon, FL, US",24.74118333,-80.98004167,United States,Not Juvenile
68368210.0,Tue Mar 10 2020 07:59:31 GMT-0400 (EDT),2020-03-10,https://www.inaturalist.org/observations/68368210,https://static.inaturalist.org/photos/110685078/medium.jpg,"S Ocean Blvd, Boca Raton, FL, US",26.34983833,-80.0696195,United States,Not Juvenile
68609825.0,Mon Jan 25 2021 14:21:43 GMT-0500 (EST),2021-01-25,https://www.inaturalist.org/observations/68609825,https://static.inaturalist.org/photos/111142070/medium.jpg,"Royal Palm Island, Hollywood, FL, US",25.99314167,-80.1171945,United States,Not Juvenile
68614555.0,Mon Jan 25 2021 15:24:02 GMT-0600 (CST),2021-01-25,https://www.inaturalist.org/observations/68614555,https://static.inaturalist.org/photos/119860952/medium.jpg,"North Atlantic Ocean, Jupiter, FL, US",26.92957833,-80.0678945,United States,Not Juvenile
68621926.0,Mon Jan 25 2021 18:06:28 GMT-0500 (EST),2021-01-25,https://www.inaturalist.org/observations/68621926,https://static.inaturalist.org/photos/111164055/medium.jpg,"Snake Creek, FL, US",24.96666667,-80.594545,United States,Not Juvenile
68626659.0,2021/01/03 2:08 PM EST,2021-01-03,https://www.inaturalist.org/observations/68626659,https://inaturalist-open-data.s3.amazonaws.com/photos/111172389/medium.jpeg,"Monroe County, FL, USA",25.12584972,-80.99705972,United States,Not Juvenile
68627022.0,2021/01/04 12:24 PM EST,2021-01-04,https://www.inaturalist.org/observations/68627022,https://inaturalist-open-data.s3.amazonaws.com/photos/111173225/medium.jpeg,"Monroe County, FL, USA",25.12493472,-81.00389306,United States,Not Juvenile
68653505.0,Sun Jan 24 2021 18:20:01 GMT-0500 (EST),2021-01-24,https://www.inaturalist.org/observations/68653505,https://inaturalist-open-data.s3.amazonaws.com/photos/111222674/medium.jpg,"Hollywood Beach, Hollywood, FL, US",26.0149883,-80.11490411,United States,Not Juvenile
68654493.0,2021/01/03 11:01 AM EST,2021-01-03,https://www.inaturalist.org/observations/68654493,https://inaturalist-open-data.s3.amazonaws.com/photos/111223817/medium.jpeg,"Monroe County, FL, USA",25.13905167,-80.92536167,United States,Not Juvenile
68657668.0,2021/01/04 11:25 AM EST,2021-01-04,https://www.inaturalist.org/observations/68657668,https://inaturalist-open-data.s3.amazonaws.com/photos/111229463/medium.jpeg,"Monroe County, FL, USA",25.12494722,-81.00386944,United States,Not Juvenile
68660484.0,Tue Jan 26 2021 17:43:42 GMT-0500 (EST),2021-01-26,https://www.inaturalist.org/observations/68660484,https://inaturalist-open-data.s3.amazonaws.com/photos/111234949/medium.jpg,"North Atlantic Ocean, Jupiter, FL, US",26.90720833,-80.06089717,United States,Not Juvenile
68687947.0,Wed Jan 27 2021 11:48:47 GMT-0500 (EST),2021-01-27,https://www.inaturalist.org/observations/68687947,https://static.inaturalist.org/photos/111301533/medium.jpg,"Lake Worth Inner Channel, Palm Beach, FL, US",26.66306719,-80.04458474,United States,Not Juvenile
68766045.0,Tue Jan 26 2021 12:24:50 GMT-0500 (EST),2021-01-26,https://www.inaturalist.org/observations/68766045,https://static.inaturalist.org/photos/111430628/medium.jpg,"S Ocean Dr, Fort Lauderdale, FL, US",26.09510312,-80.10849977000001,United States,Not Juvenile
68770638.0,Sun Apr 14 2019 14:09:22 GMT-0400 (EDT),2019-04-14,https://www.inaturalist.org/observations/68770638,https://inaturalist-open-data.s3.amazonaws.com/photos/111438906/medium.jpg,"Lorelane Pl, Key Largo, FL, US",25.083294499999997,-80.43740000000001,United States,Not Juvenile
68817007.0,Wed Jan 27 2021 11:31:05 GMT-0500 (EST),2021-01-27,https://www.inaturalist.org/observations/68817007,https://static.inaturalist.org/photos/111524355/medium.jpg,"Gulf of Mexico, FL, US",24.74101333,-80.97287,United States,Not Juvenile
68823586.0,Sat Jan 30 2021 16:23:13 GMT-0500 (EST),2021-01-30,https://www.inaturalist.org/observations/68823586,https://static.inaturalist.org/photos/111536531/medium.jpg,"Royal Palm Island, Sunny Isles Beach, FL, US",25.92970042,-80.12131014,United States,Not Juvenile
68827613.0,Sat Jan 30 2021 17:41:21 GMT-0500 (EST),2021-01-30,https://www.inaturalist.org/observations/68827613,https://inaturalist-open-data.s3.amazonaws.com/photos/111544155/medium.jpg,"Biscayne Bay, Homestead, FL, US",25.53164196,-80.31812708,United States,Juvenile
68828583.0,2021-01-30T17:58:22-05:00,2021-01-30,https://www.inaturalist.org/observations/68828583,https://inaturalist-open-data.s3.amazonaws.com/photos/111545725/medium.jpeg,Hollywood,26.01876889,-80.11473149999999,United States,Not Juvenile
68830464.0,2021-01-30 2:52:46 PM EST,2021-01-30,https://www.inaturalist.org/observations/68830464,https://inaturalist-open-data.s3.amazonaws.com/photos/111548858/medium.jpeg,"Boca Raton, FL 33431, USA",26.365382,-80.067982,United States,Not Juvenile
68878470.0,Sun Jan 31 2021 13:44:40 GMT-0500 (EST),2021-01-31,https://www.inaturalist.org/observations/68878470,https://static.inaturalist.org/photos/111659646/medium.jpg,"North Atlantic Ocean, Riviera Beach, FL, US",26.795070000000003,-80.03153883,United States,Not Juvenile
68885823.0,2021-01-31T17:23:20-05:00,2021-01-31,https://www.inaturalist.org/observations/68885823,https://static.inaturalist.org/photos/111651577/medium.jpeg,Key Biscayne,25.740775,-80.17122,United States,Not Juvenile
68892610.0,Sun Jan 31 2021 18:12:29 GMT-0500 (EST),2021-01-31,https://www.inaturalist.org/observations/68892610,https://inaturalist-open-data.s3.amazonaws.com/photos/111663661/medium.jpg,"Royal Palm Island, Hollywood, FL, US",26.02086428,-80.11511195,United States,Not Juvenile
68892638.0,Sun Jan 31 2021 18:13:07 GMT-0500 (EST),2021-01-31,https://www.inaturalist.org/observations/68892638,https://inaturalist-open-data.s3.amazonaws.com/photos/111663867/medium.jpg,"Straits of Florida, Hollywood, FL, US",26.02884848,-80.11289083,United States,Not Juvenile
68909000.0,2021-01-02 11:10:59 AM EST,2021-01-02,https://www.inaturalist.org/observations/68909000,https://static.inaturalist.org/photos/111695237/medium.jpeg,"Islamorada, FL, USA",24.88400301,-80.6930596,United States,Not Juvenile
68914233.0,Fri Jan 29 2021 16:25:06 GMT-0500 (EST),2021-01-29,https://www.inaturalist.org/observations/68914233,https://static.inaturalist.org/photos/111705442/medium.jpg,"Straits of Florida, Hollywood, FL, US",26.067533899999997,-80.11088769,United States,Not Juvenile
68945633.0,2021-01-31 00:00:00,2021-01-31,https://www.inaturalist.org/observations/68945633,https://static.inaturalist.org/photos/111765127/medium.jpeg,"Islamorada, FL 33036, USA",24.94734386,-80.59756693,United States,Not Juvenile
69009236.0,Tue Feb 02 2021 16:24:56 GMT-0500 (EST),2021-02-02,https://www.inaturalist.org/observations/69009236,https://static.inaturalist.org/photos/111881287/medium.jpg,"Biscayne Bay, Coral Gables, FL, US",25.67275805,-80.26043586,United States,Not Juvenile
69050840.0,2021-01-26 11:30:04 AM EST,2021-01-26,https://www.inaturalist.org/observations/69050840,https://inaturalist-open-data.s3.amazonaws.com/photos/111957785/medium.jpeg,"Islamorada, FL, USA",24.95121454,-80.58883499,United States,Not Juvenile
69373110.0,Wed Feb 10 2021 13:07:17 GMT-0500 (EST),2021-02-10,https://www.inaturalist.org/observations/69373110,https://inaturalist-open-data.s3.amazonaws.com/photos/112541749/medium.jpg,"North Atlantic Ocean, FL, US",24.84849114,-80.74020544,United States,Not Juvenile
69375456.0,Wed Feb 10 2021 13:40:48 GMT-0500 (EST),2021-02-10,https://www.inaturalist.org/observations/69375456,https://static.inaturalist.org/photos/112547165/medium.jpg,"Straits of Florida, Hollywood, FL, US",26.0212945,-80.11444717,United States,Not Juvenile
69426483.0,Thu Feb 11 2021 11:25:22 GMT-0500 (EST),2021-02-11,https://www.inaturalist.org/observations/69426483,https://inaturalist-open-data.s3.amazonaws.com/photos/112642022/medium.jpg,"Key Biscayne, Key Biscayne, FL, US",25.722745,-80.14760283,United States,Not Juvenile
69479972.0,2020/11/11 2:00 PM EST,2020-11-11,https://www.inaturalist.org/observations/69479972,https://inaturalist-open-data.s3.amazonaws.com/photos/112744338/medium.jpeg,"Kiawah Island, SC, USA",32.6082373,-80.0848166,United States,Not Juvenile
69479980.0,2020/11/11 3:28 PM EST,2020-11-11,https://www.inaturalist.org/observations/69479980,https://inaturalist-open-data.s3.amazonaws.com/photos/112744378/medium.jpeg,"Kiawah Island, SC, USA",32.6082373,-80.0848166,United States,Not Juvenile
69516295.0,2021-02-13 2:25:20 PM EST,2021-02-13,https://www.inaturalist.org/observations/69516295,https://inaturalist-open-data.s3.amazonaws.com/photos/112812718/medium.jpeg,"Gulf Stream, FL 33483, USA",26.4568154,-80.05804018,United States,Not Juvenile
69562486.0,2021-02-14T10:15:18-05:00,2021-02-14,https://www.inaturalist.org/observations/69562486,https://inaturalist-open-data.s3.amazonaws.com/photos/112897719/medium.jpeg,Palm Beach,26.63813597,-80.03782616000001,United States,Not Juvenile
69564989.0,Sun Feb 14 2021 11:04:25 GMT-0500 (EST),2021-02-14,https://www.inaturalist.org/observations/69564989,https://inaturalist-open-data.s3.amazonaws.com/photos/112917334/medium.jpg,"Deering Estate, Palmetto Bay, FL, US",25.615405,-80.30458,United States,Not Juvenile
69569219.0,2021/02/14 10:26 AM EST,2021-02-14,https://www.inaturalist.org/observations/69569219,https://static.inaturalist.org/photos/112909571/medium.jpeg,"6503 N Ocean Dr, Dania Beach, FL 33004, USA",26.0756469,-80.11131979999999,United States,Not Juvenile
69570214.0,Sun Feb 14 2021 11:20:31 GMT-0500 (EST),2021-02-14,https://www.inaturalist.org/observations/69570214,https://inaturalist-open-data.s3.amazonaws.com/photos/112911217/medium.jpg,"Biscayne Bay, FL, US",25.61548333,-80.30467167,United States,Not Juvenile
69576070.0,Sun Feb 14 2021 14:43:34 GMT-0500 (EST),2021-02-14,https://www.inaturalist.org/observations/69576070,https://static.inaturalist.org/photos/113041139/medium.jpg,"Red Reef Park, Boca Raton, FL, US",26.36718112,-80.06812142,United States,Not Juvenile
69619628.0,Mon Feb 15 2021 10:09:37 GMT-0500 (EST),2021-02-15,https://www.inaturalist.org/observations/69619628,https://inaturalist-open-data.s3.amazonaws.com/photos/113003105/medium.jpg,"SR-A1A, Indian Harbour Beach, FL, US",28.14081667,-80.58068,United States,Not Juvenile
69699995.0,2021-02-13 00:00:00,2021-02-13,https://www.inaturalist.org/observations/69699995,https://static.inaturalist.org/photos/113152522/medium.jpeg,Coast of West Palm Beach,26.709807,-80.03321199999999,United States,Not Juvenile
69783731.0,2021/02/18 9:59 AM EST,2021-02-18,https://www.inaturalist.org/observations/69783731,https://inaturalist-open-data.s3.amazonaws.com/photos/113315098/medium.jpeg,"Martin County, FL, USA",27.24181588,-80.18884979,United States,Not Juvenile
69793732.0,Thu Feb 18 2021 20:51:35 GMT-0500 (EST),2021-02-18,https://www.inaturalist.org/observations/69793732,https://static.inaturalist.org/photos/113334616/medium.jpg,"Ocean Dr, Miami Beach, FL, US",25.7810143,-80.13070379,United States,Not Juvenile
69796624.0,2020-09-18 10:37:28 AM EDT,2020-09-18,https://www.inaturalist.org/observations/69796624,https://static.inaturalist.org/photos/113339745/medium.jpeg,Gooseberry Island,41.4875,-71.03833292,United States,Not Juvenile
69796627.0,2020-09-18 10:33:11 AM EDT,2020-09-18,https://www.inaturalist.org/observations/69796627,https://static.inaturalist.org/photos/113339768/medium.jpeg,Gooseberry Island,41.4875,-71.03833292,United States,Not Juvenile
69882830.0,2021-02-20 1:17:49 PM EST,2021-02-20,https://www.inaturalist.org/observations/69882830,https://inaturalist-open-data.s3.amazonaws.com/photos/113500100/medium.jpeg,"Barrier Island, Fort Lauderdale, FL, USA",26.144608,-80.101568,United States,Not Juvenile
69885186.0,2021-02-19 4:03:24 PM EST,2021-02-19,https://www.inaturalist.org/observations/69885186,https://inaturalist-open-data.s3.amazonaws.com/photos/113504637/medium.jpeg,"Broward County, US-FL, US",26.137955,-80.10229097,United States,Not Juvenile
69936948.0,Thu Jan 07 2021 17:52:24 GMT-0500 (EST),2021-01-07,https://www.inaturalist.org/observations/69936948,https://inaturalist-open-data.s3.amazonaws.com/photos/113598819/medium.jpg,"Key Biscayne, Key Biscayne, FL, US",25.7190129,-80.14837903,United States,Juvenile
69939402.0,Sun Feb 21 2021 14:22:27 GMT-0500 (EST),2021-02-21,https://www.inaturalist.org/observations/69939402,https://static.inaturalist.org/photos/113603221/medium.jpg,"N Ocean Blvd, Boca Raton, FL, US",26.37704987,-80.06774064,United States,Not Juvenile
70016920.0,Fri Jan 01 2021 19:29:35 GMT-0500 (EST),2021-01-01,https://www.inaturalist.org/observations/70016920,https://inaturalist-open-data.s3.amazonaws.com/photos/113744057/medium.jpg,"North Atlantic Ocean, Ocean Ridge, FL, US",26.524225,-80.04754717,United States,Not Juvenile
70045751.0,Fri Feb 19 2021 11:15:11 GMT-0500 (EST),2021-02-19,https://www.inaturalist.org/observations/70045751,https://static.inaturalist.org/photos/113796758/medium.jpg,"FL, US",26.10537783,-80.10420283,United States,Not Juvenile
70056797.0,Tue Feb 23 2021 16:42:28 GMT-0500 (EST),2021-02-23,https://www.inaturalist.org/observations/70056797,https://inaturalist-open-data.s3.amazonaws.com/photos/113816238/medium.jpg,"Miami Beach, FL, US",25.7729381,-80.12998015000001,United States,Not Juvenile
70194349.0,Fri Feb 26 2021 07:41:50 GMT-0500 (EST),2021-02-26,https://www.inaturalist.org/observations/70194349,https://static.inaturalist.org/photos/114060454/medium.jpg,"North Atlantic Ocean, FL, US",30.10985448,-81.33606867,United States,Not Juvenile
70203885.0,Fri Feb 26 2021 09:34:03 GMT-0500 (EST),2021-02-26,https://www.inaturalist.org/observations/70203885,https://inaturalist-open-data.s3.amazonaws.com/photos/114078107/medium.jpg,"North Atlantic Ocean, Lantana, FL, US",26.58411017,-80.03762615000001,United States,Not Juvenile
70251440.0,Sat Feb 27 2021 09:10:06 GMT-0500 (EST),2021-02-27,https://www.inaturalist.org/observations/70251440,https://static.inaturalist.org/photos/114165698/medium.jpg,"Gulf of Mexico, FL, US",24.81263232,-80.81823261,United States,Not Juvenile
70254648.0,Sat Feb 27 2021 09:09:46 GMT-0500 (EST),2021-02-27,https://www.inaturalist.org/observations/70254648,https://inaturalist-open-data.s3.amazonaws.com/photos/114171755/medium.jpg,"Long Key State Park, Long Key, FL, US",24.81268,-80.81836667,United States,Not Juvenile
70261858.0,Sat Feb 27 2021 09:09:34 GMT-0500 (EST),2021-02-27,https://www.inaturalist.org/observations/70261858,https://inaturalist-open-data.s3.amazonaws.com/photos/114184627/medium.jpg,"Long Key State Park, Long Key, FL, US",24.81273833,-80.81823667,United States,Not Juvenile
70292992.0,2021-02-27 8:22:32 PM EST,2021-02-27,https://www.inaturalist.org/observations/70292992,https://static.inaturalist.org/photos/114242506/medium.jpeg,"OCEAN BRZ PK, FL 34957, USA",27.34022626,-80.23343928,United States,Not Juvenile
70326256.0,2021-02-28T11:16:36-05:00,2021-02-28,https://www.inaturalist.org/observations/70326256,https://inaturalist-open-data.s3.amazonaws.com/photos/114303502/medium.jpeg,Boca Raton,26.33484161,-80.07261127,United States,Not Juvenile
70353449.0,2018-02-21 10:59:05 AM EST,2018-02-21,https://www.inaturalist.org/observations/70353449,https://inaturalist-open-data.s3.amazonaws.com/photos/114353219/medium.jpeg,West Palm Beach,26.71530825,-80.05337488,United States,Not Juvenile
70356049.0,Thu Feb 11 2021 09:30:00 GMT-0500 (EST),2021-02-11,https://www.inaturalist.org/observations/70356049,https://inaturalist-open-data.s3.amazonaws.com/photos/114358613/medium.jpg,"Bal Harbour Beach, Bal Harbour, FL, US",25.89821564,-80.12190115,United States,Not Juvenile
70359342.0,Sat Feb 27 2021 12:30:37 GMT-0500 (EST),2021-02-27,https://www.inaturalist.org/observations/70359342,https://inaturalist-open-data.s3.amazonaws.com/photos/114364706/medium.jpg,"Long Key State Park, Long Key, FL, US",24.81247167,-80.824325,United States,Not Juvenile
70359603.0,Sat Feb 27 2021 09:10:13 GMT-0500 (EST),2021-02-27,https://www.inaturalist.org/observations/70359603,https://inaturalist-open-data.s3.amazonaws.com/photos/114365161/medium.jpg,"Long Key State Park, Long Key, FL, US",24.8127,-80.81835833,United States,Not Juvenile
70389088.0,2021-03-01 8:24:39 AM EST,2021-03-01,https://www.inaturalist.org/observations/70389088,https://inaturalist-open-data.s3.amazonaws.com/photos/114420869/medium.jpeg,"INDN RIV SHRS, FL 32963, USA",27.64610833,-80.35280833,United States,Not Juvenile
70398299.0,2021-02-28 6:01:36 PM EST,2021-02-28,https://www.inaturalist.org/observations/70398299,https://inaturalist-open-data.s3.amazonaws.com/photos/114436107/medium.jpeg,"Palm Beach Shores, FL 33404, USA",26.77949722,-80.032775,United States,Not Juvenile
70412352.0,Mon Mar 01 2021 16:21:22 GMT-0500 (EST),2021-03-01,https://www.inaturalist.org/observations/70412352,https://static.inaturalist.org/photos/114462307/medium.jpg,"North Atlantic Ocean, FL, US",24.850619,-80.73385986,United States,Not Juvenile
70469565.0,Tue Mar 02 2021 17:31:01 GMT-0500 (EST),2021-03-02,https://www.inaturalist.org/observations/70469565,https://inaturalist-open-data.s3.amazonaws.com/photos/114569466/medium.jpg,"North Atlantic Ocean, FL, US",26.47714323,-80.05494732,United States,Not Juvenile
70505479.0,Wed Mar 03 2021 11:49:06 GMT-0500 (EST),2021-03-03,https://www.inaturalist.org/observations/70505479,https://inaturalist-open-data.s3.amazonaws.com/photos/114634253/medium.jpg,"S Ocean Blvd, Delray Beach, FL, US",26.44903218,-80.05906744,United States,Not Juvenile
70507713.0,Wed Mar 03 2021 11:33:10 GMT-0500 (EST),2021-03-03,https://www.inaturalist.org/observations/70507713,https://inaturalist-open-data.s3.amazonaws.com/photos/114665779/medium.jpg,"North Atlantic Ocean, FL, US",26.44033833,-80.06021117,United States,Not Juvenile
70570549.0,Thu Dec 20 2018 13:14:58 GMT-0800 (PST),2018-12-20,https://www.inaturalist.org/observations/70570549,https://inaturalist-open-data.s3.amazonaws.com/photos/114752343/medium.jpg,"Dr. Von D. Mizell-Eula Johnson State Park, Hollywood, FL, US",26.08798883,-80.10952783,United States,Not Juvenile
70645207.0,2021-02-27 9:11:04 AM EST,2021-02-27,https://www.inaturalist.org/observations/70645207,https://inaturalist-open-data.s3.amazonaws.com/photos/114885452/medium.jpeg,"Monroe County, US-FL, US",24.81276067,-80.81827391,United States,Not Juvenile
70647845.0,Sat Feb 27 2021 09:09:54 GMT-0500 (EST),2021-02-27,https://www.inaturalist.org/observations/70647845,https://inaturalist-open-data.s3.amazonaws.com/photos/114890365/medium.jpg,"Monroe County, US-FL, US",24.81265086,-80.81825581,United States,Not Juvenile
70668169.0,2021-03-03T20:38:32-05:00,2021-03-04,https://www.inaturalist.org/observations/70668169,https://inaturalist-open-data.s3.amazonaws.com/photos/114926518/medium.jpeg,Boynton Beach,26.51557645,-80.05724149999999,United States,Not Juvenile
70688992.0,Sun Jan 03 2021 05:00:20 GMT-0600 (CST),2021-01-03,https://www.inaturalist.org/observations/70688992,https://static.inaturalist.org/photos/114962759/medium.jpg,"SW Fifth St, Miami, FL, US",25.76795097,-80.22363847,United States,Uncertain
70755274.0,Fri Mar 05 2021 12:03:00 GMT-0500 (EST),2021-03-05,https://www.inaturalist.org/observations/70755274,https://inaturalist-open-data.s3.amazonaws.com/photos/115081625/medium.jpg,"North Atlantic Ocean, NC, US",35.92380367,-75.60221249,United States,Not Juvenile
70768863.0,Sun Mar 07 2021 16:23:05 GMT-0500 (EST),2021-03-07,https://www.inaturalist.org/observations/70768863,https://inaturalist-open-data.s3.amazonaws.com/photos/115106428/medium.jpg,"North Atlantic Ocean, Jupiter, FL, US",26.92805133,-80.06702591,United States,Not Juvenile
70834518.0,Mon Mar 08 2021 15:36:50 GMT-0500 (EST),2021-03-08,https://www.inaturalist.org/observations/70834518,https://static.inaturalist.org/photos/115228006/medium.jpg,"N Fort Lauderdale Beach Blvd, Fort Lauderdale, FL, US",26.12858573,-80.10306163,United States,Not Juvenile
70892732.0,2021-03-09 12:25:36 PM EST,2021-03-09,https://www.inaturalist.org/observations/70892732,https://static.inaturalist.org/photos/115332589/medium.jpeg,"Miami, FL 33141, USA",25.8581673,-80.1186877,United States,Not Juvenile
70893426.0,Tue Mar 09 2021 14:55:26 GMT-0500 (EST),2021-03-09,https://www.inaturalist.org/observations/70893426,https://inaturalist-open-data.s3.amazonaws.com/photos/115334919/medium.jpg,"S Ocean Blvd, Palm Beach, FL, US",26.68218833,-80.03491117,United States,Not Juvenile
70895708.0,Tue Mar 09 2021 15:10:41 GMT-0500 (EST),2021-03-09,https://www.inaturalist.org/observations/70895708,https://inaturalist-open-data.s3.amazonaws.com/photos/115338188/medium.jpg,"Palm Beach County, US-FL, US",26.67773667,-80.03556117000001,United States,Not Juvenile
70896070.0,Tue Mar 09 2021 15:01:44 GMT-0500 (EST),2021-03-09,https://www.inaturalist.org/observations/70896070,https://inaturalist-open-data.s3.amazonaws.com/photos/115338723/medium.jpg,"Palm Beach County, US-FL, US",26.68172974,-80.03539106,United States,Not Juvenile
70896428.0,Tue Mar 09 2021 14:59:08 GMT-0500 (EST),2021-03-09,https://www.inaturalist.org/observations/70896428,https://inaturalist-open-data.s3.amazonaws.com/photos/115339239/medium.jpg,"S Ocean Blvd, Palm Beach, FL, US",26.68172571,-80.03486755,United States,Not Juvenile
70913486.0,Tue Mar 09 2021 11:27:49 GMT-0500 (EST),2021-03-09,https://www.inaturalist.org/observations/70913486,https://static.inaturalist.org/photos/115369959/medium.jpg,"Straits of Florida, FL, US",26.23212764,-80.08839555,United States,Not Juvenile
70924687.0,2021-03-09 3:01:16 PM EST,2021-03-09,https://www.inaturalist.org/observations/70924687,https://static.inaturalist.org/photos/115391187/medium.jpeg,"Palm Beach, FL, USA",26.68193734,-80.03502354,United States,Not Juvenile
70924714.0,2021-03-09 2:58:48 PM EST,2021-03-09,https://www.inaturalist.org/observations/70924714,https://static.inaturalist.org/photos/115391218/medium.jpeg,"Palm Beach, FL, USA",26.68214195,-80.03497928,United States,Not Juvenile
70937911.0,Wed Mar 10 2021 08:30:28 GMT-0500 (EST),2021-03-10,https://www.inaturalist.org/observations/70937911,https://static.inaturalist.org/photos/115414463/medium.jpg,"North Atlantic Ocean, Jupiter, FL, US",26.93013833,-80.06802499999999,United States,Not Juvenile
70937916.0,Wed Mar 10 2021 08:41:53 GMT-0500 (EST),2021-03-10,https://www.inaturalist.org/observations/70937916,https://static.inaturalist.org/photos/115414472/medium.jpg,"Singer Island, Jupiter, FL, US",26.93011367,-80.06811275,United States,Not Juvenile
70947974.0,Wed Mar 10 2021 11:57:38 GMT-0500 (EST),2021-03-10,https://www.inaturalist.org/observations/70947974,https://inaturalist-open-data.s3.amazonaws.com/photos/115429625/medium.jpg,"S Ocean Blvd, Palm Beach, FL, US",26.68301333,-80.03484449999999,United States,Not Juvenile
70948017.0,Wed Mar 10 2021 11:57:30 GMT-0500 (EST),2021-03-10,https://www.inaturalist.org/observations/70948017,https://inaturalist-open-data.s3.amazonaws.com/photos/115430962/medium.jpg,"Palm Beach County, US-FL, US",26.68301167,-80.03486667,United States,Not Juvenile
70948029.0,Wed Mar 10 2021 11:57:21 GMT-0500 (EST),2021-03-10,https://www.inaturalist.org/observations/70948029,https://inaturalist-open-data.s3.amazonaws.com/photos/115429694/medium.jpg,"Palm Beach County, US-FL, US",26.682975,-80.03482783,United States,Not Juvenile
70948043.0,Wed Mar 10 2021 11:57:17 GMT-0500 (EST),2021-03-10,https://www.inaturalist.org/observations/70948043,https://inaturalist-open-data.s3.amazonaws.com/photos/115431019/medium.jpg,"S Ocean Blvd, Palm Beach, FL, US",26.682975,-80.03482783,United States,Not Juvenile
70948266.0,Wed Mar 10 2021 11:57:09 GMT-0500 (EST),2021-03-10,https://www.inaturalist.org/observations/70948266,https://inaturalist-open-data.s3.amazonaws.com/photos/115431051/medium.jpg,"S Ocean Blvd, Palm Beach, FL, US",26.68293,-80.0348195,United States,Not Juvenile
70948370.0,Wed Mar 10 2021 11:57:02 GMT-0500 (EST),2021-03-10,https://www.inaturalist.org/observations/70948370,https://inaturalist-open-data.s3.amazonaws.com/photos/115431077/medium.jpg,"S Ocean Blvd, Palm Beach, FL, US",26.682924999999997,-80.03480549999999,United States,Not Juvenile
70948554.0,Wed Mar 10 2021 11:56:41 GMT-0500 (EST),2021-03-10,https://www.inaturalist.org/observations/70948554,https://inaturalist-open-data.s3.amazonaws.com/photos/115430667/medium.jpg,"Palm Beach County, US-FL, US",26.68280333,-80.03481383,United States,Not Juvenile
70948575.0,Wed Mar 10 2021 11:59:16 GMT-0500 (EST),2021-03-10,https://www.inaturalist.org/observations/70948575,https://inaturalist-open-data.s3.amazonaws.com/photos/115431091/medium.jpg,"S Ocean Blvd, Palm Beach, FL, US",26.68328353,-80.03485414000001,United States,Not Juvenile
70948822.0,Wed Mar 10 2021 11:59:25 GMT-0500 (EST),2021-03-10,https://www.inaturalist.org/observations/70948822,https://inaturalist-open-data.s3.amazonaws.com/photos/115432153/medium.jpg,"Palm Beach County, US-FL, US",26.6832707,-80.03483805,United States,Not Juvenile
70948993.0,Wed Mar 10 2021 12:00:05 GMT-0500 (EST),2021-03-10,https://www.inaturalist.org/observations/70948993,https://inaturalist-open-data.s3.amazonaws.com/photos/115432556/medium.jpg,"S Ocean Blvd, Palm Beach, FL, US",26.68345167,-80.0347575,United States,Not Juvenile
70949636.0,Wed Mar 10 2021 12:00:13 GMT-0500 (EST),2021-03-10,https://www.inaturalist.org/observations/70949636,https://inaturalist-open-data.s3.amazonaws.com/photos/115439706/medium.jpg,"S Ocean Blvd, Palm Beach, FL, US",26.68341454,-80.03481877,United States,Not Juvenile
70949701.0,Wed Mar 10 2021 12:05:04 GMT-0500 (EST),2021-03-10,https://www.inaturalist.org/observations/70949701,https://inaturalist-open-data.s3.amazonaws.com/photos/115439768/medium.jpg,"Palm Beach County, US-FL, US",26.68427607,-80.03475876,United States,Not Juvenile
70952247.0,2021-03-10 11:57:10 AM EST,2021-03-10,https://www.inaturalist.org/observations/70952247,https://static.inaturalist.org/photos/115436948/medium.jpeg,"Palm Beach, FL, USA",26.68220666,-80.03496419999999,United States,Not Juvenile
70953834.0,Wed Mar 10 2021 12:05:16 GMT-0500 (EST),2021-03-10,https://www.inaturalist.org/observations/70953834,https://inaturalist-open-data.s3.amazonaws.com/photos/115439815/medium.jpg,"Palm Beach County, US-FL, US",26.68433835,-80.03474518,United States,Not Juvenile
70998120.0,2021/02/28 3:59 PM UTC,2021-02-28,https://www.inaturalist.org/observations/70998120,https://static.inaturalist.org/photos/115519877/medium.jpeg,"Miami-Dade County, FL, USA",25.7190916,-80.14836425,United States,Not Juvenile
71017099.0,Thu Mar 11 2021 14:55:54 GMT-0500 (EST),2021-03-11,https://www.inaturalist.org/observations/71017099,https://inaturalist-open-data.s3.amazonaws.com/photos/115553175/medium.jpg,"Collins Ave, Miami Beach, FL, US",25.79305145,-80.12783331,United States,Not Juvenile
71029987.0,2021-03-10 11:46:01 AM EST,2021-03-10,https://www.inaturalist.org/observations/71029987,https://static.inaturalist.org/photos/115575686/medium.jpeg,"Rio Vista, Fort Lauderdale, FL, USA",26.11015994,-80.12346737,United States,Not Juvenile
71055349.0,Fri Mar 12 2021 06:30:15 GMT-0500 (EST),2021-03-12,https://www.inaturalist.org/observations/71055349,https://inaturalist-open-data.s3.amazonaws.com/photos/115636408/medium.jpg,"Royal Palm Island, Sunny Isles Beach, FL, US",25.94929854,-80.1187932,United States,Not Juvenile
71056370.0,Fri Mar 12 2021 07:10:02 GMT-0500 (EST),2021-03-12,https://www.inaturalist.org/observations/71056370,https://inaturalist-open-data.s3.amazonaws.com/photos/115625323/medium.jpg,"Collins Ave, Miami Beach, FL, US",25.791495,-80.12799167,United States,Not Juvenile
71059687.0,Fri Mar 12 2021 08:41:33 GMT-0500 (EST),2021-03-12,https://www.inaturalist.org/observations/71059687,https://inaturalist-open-data.s3.amazonaws.com/photos/115631502/medium.jpg,"Miami Beach, FL, US",25.76665796,-80.13140965,United States,Not Juvenile
71061422.0,Fri Mar 12 2021 09:22:42 GMT-0500 (EST),2021-03-12,https://www.inaturalist.org/observations/71061422,https://static.inaturalist.org/photos/115750129/medium.jpg,"Royal Palm Island, Sunny Isles Beach, FL, US",25.95465556,-80.11869055,United States,Not Juvenile
71089520.0,Fri Mar 12 2021 17:20:04 GMT-0500 (EST),2021-03-12,https://www.inaturalist.org/observations/71089520,https://static.inaturalist.org/photos/115683685/medium.jpg,"Hendry Ave, Cocoa Beach, FL, US",28.36838788,-80.60291029999999,United States,Uncertain
71095670.0,2021-03-12 6:11:59 PM EST,2021-03-12,https://www.inaturalist.org/observations/71095670,https://static.inaturalist.org/photos/115694385/medium.jpeg,"Vero Beach, FL 32960, USA",27.6324212,-80.35259273,United States,Not Juvenile
71135951.0,2021-03-13 11:04:42 AM EST,2021-03-13,https://www.inaturalist.org/observations/71135951,https://inaturalist-open-data.s3.amazonaws.com/photos/115767651/medium.jpeg,"Cocoa Beach, FL 32931, USA",28.32011595,-80.60701283,United States,Not Juvenile
71140290.0,Sat Mar 13 2021 12:06:22 GMT-0500 (EST),2021-03-13,https://www.inaturalist.org/observations/71140290,https://inaturalist-open-data.s3.amazonaws.com/photos/115775194/medium.jpg,"Jupiter Island, FL, US",27.09181395,-80.12795033,United States,Not Juvenile
71169205.0,Sat Mar 13 2021 17:33:22 GMT-0500 (EST),2021-03-13,https://www.inaturalist.org/observations/71169205,https://inaturalist-open-data.s3.amazonaws.com/photos/115827178/medium.jpg,"Biscayne Bay, Coral Gables, FL, US",25.67985833,-80.25618667,United States,Not Juvenile
71178287.0,Wed Mar 10 2021 14:41:41 GMT-0500 (EST),2021-03-10,https://www.inaturalist.org/observations/71178287,https://static.inaturalist.org/photos/115844406/medium.jpg,"North Atlantic Ocean, FL, US",24.93378869,-80.59858106,United States,Not Juvenile
71344483.0,Sun Feb 09 2020 14:06:23 GMT-0800 (PST),2020-02-09,https://www.inaturalist.org/observations/71344483,https://inaturalist-open-data.s3.amazonaws.com/photos/116145306/medium.jpg,"Miami Beach, Miami Beach, FL, US",25.78797343,-80.12750285,United States,Not Juvenile
71370237.0,2021/01/30 12:13 PM EST,2021-01-30,https://www.inaturalist.org/observations/71370237,https://inaturalist-open-data.s3.amazonaws.com/photos/116191367/medium.jpg,"Miami-Dade County, FL, USA",25.7084036,-80.1515802,United States,Not Juvenile
71374161.0,Tue Mar 16 2021 14:11:43 GMT-0400 (EDT),2021-03-16,https://www.inaturalist.org/observations/71374161,https://inaturalist-open-data.s3.amazonaws.com/photos/258081457/medium.jpg,"Collins Ave, Miami Beach, FL, US",25.813370000000003,-80.12167217,United States,Not Juvenile
71436207.0,Fri Mar 12 2021 09:57:08 GMT-0500 (EST),2021-03-12,https://www.inaturalist.org/observations/71436207,https://static.inaturalist.org/photos/116307178/medium.jpg,"N Atlantic Blvd, FL, US",26.15740833,-80.09951117,United States,Not Juvenile
71455938.0,Fri Mar 12 2021 11:45:35 GMT-0600 (CST),2021-03-12,https://www.inaturalist.org/observations/71455938,https://inaturalist-open-data.s3.amazonaws.com/photos/116340117/medium.jpg,"Boca Raton, FL, US",26.35481153,-80.06903476000001,United States,Not Juvenile
71552865.0,Fri Mar 19 2021 11:25:25 GMT-0400 (EDT),2021-03-19,https://www.inaturalist.org/observations/71552865,https://inaturalist-open-data.s3.amazonaws.com/photos/116513036/medium.jpg,"Monroe County, US-FL, US",24.88276362,-80.6908696,United States,Not Juvenile
71558195.0,Fri Mar 19 2021 09:52:45 GMT-0400 (EDT),2021-03-19,https://www.inaturalist.org/observations/71558195,https://inaturalist-open-data.s3.amazonaws.com/photos/116522266/medium.jpg,"North Atlantic Ocean, FL, US",24.86942167,-80.70317833,United States,Not Juvenile
71577452.0,Sat Feb 27 2021 14:28:23 GMT-0600 (CST),2021-02-27,https://www.inaturalist.org/observations/71577452,https://inaturalist-open-data.s3.amazonaws.com/photos/116556847/medium.jpg,"Jupiter Island, Jupiter Island, FL, US",27.08206667,-80.1288445,United States,Not Juvenile
71661208.0,2021-03-20 7:22:26 PM EDT,2021-03-20,https://www.inaturalist.org/observations/71661208,https://static.inaturalist.org/photos/116704205/medium.jpeg,"Gulf Stream, FL 33483, USA",26.4745136,-80.0552943,United States,Not Juvenile
71878269.0,Thu Mar 11 2021 15:09:55 GMT-0500 (EST),2021-03-11,https://www.inaturalist.org/observations/71878269,https://static.inaturalist.org/photos/117097399/medium.jpg,"Straits of Florida, FL, US",25.67899789,-80.15445514,United States,Not Juvenile
72047829.0,Fri Mar 12 2021 14:13:30 GMT-0500 (EST),2021-03-12,https://www.inaturalist.org/observations/72047829,https://static.inaturalist.org/photos/117400912/medium.jpg,"North Atlantic Ocean, Cocoa Beach, FL, US",28.30525102,-80.60704665,United States,Not Juvenile
72173407.0,2021-03-27 11:57:14-04:00,2021-03-27,https://www.inaturalist.org/observations/72173407,https://inaturalist-open-data.s3.amazonaws.com/photos/117627722/medium.jpeg,Fort Lauderdale,26.1,-80.11,United States,Not Juvenile
72436928.0,2021-03-28 9:33:04 AM EDT,2021-03-28,https://www.inaturalist.org/observations/72436928,https://static.inaturalist.org/photos/118102604/medium.jpeg,Virginia Key Beach Park,25.73996313,-80.15681359999999,United States,Not Juvenile
72455203.0,2021/03/26 4:12 PM UTC,2021-03-26,https://www.inaturalist.org/observations/72455203,https://static.inaturalist.org/photos/118133812/medium.jpg,"Miami-Dade County, FL, USA",25.7084036,-80.1515802,United States,Not Juvenile
72460822.0,2021/03/30 1:07 PM UTC,2021-03-30,https://www.inaturalist.org/observations/72460822,https://inaturalist-open-data.s3.amazonaws.com/photos/118143448/medium.jpeg,"Palm Beach, FL, USA",26.70977728,-80.03321022,United States,Not Juvenile
72718193.0,2021-03-31 6:16:43 PM EDT,2021-03-31,https://www.inaturalist.org/observations/72718193,https://static.inaturalist.org/photos/118608762/medium.jpeg,"White Oak, NC, USA",34.65056754,-77.07366362,United States,Not Juvenile
72885979.0,Sun Apr 04 2021 09:13:09 GMT-0400 (EDT),2021-04-04,https://www.inaturalist.org/observations/72885979,https://static.inaturalist.org/photos/118919316/medium.jpg,"Miami Beach, Miami Beach, FL, US",25.79531673,-80.1256325,United States,Not Juvenile
72926108.0,Sun Apr 04 2021 15:36:17 GMT-0400 (EDT),2021-04-04,https://www.inaturalist.org/observations/72926108,https://static.inaturalist.org/photos/118986289/medium.jpg,"Key Biscayne, Key Biscayne, FL, US",25.69411184,-80.15735579,United States,Uncertain
72926511.0,Sun Apr 04 2021 15:42:12 GMT-0400 (EDT),2021-04-04,https://www.inaturalist.org/observations/72926511,https://static.inaturalist.org/photos/118987174/medium.jpg,"Key Biscayne, Key Biscayne, FL, US",25.694579599999997,-80.15736243,United States,Uncertain
72927441.0,Sun Apr 04 2021 15:48:55 GMT-0400 (EDT),2021-04-04,https://www.inaturalist.org/observations/72927441,https://static.inaturalist.org/photos/118988756/medium.jpg,"Key Biscayne, Key Biscayne, FL, US",25.69425179,-80.15710607,United States,Uncertain
72927584.0,Sun Apr 04 2021 15:50:12 GMT-0400 (EDT),2021-04-04,https://www.inaturalist.org/observations/72927584,https://static.inaturalist.org/photos/118989002/medium.jpg,"Key Biscayne, Key Biscayne, FL, US",25.69437569,-80.15731471000001,United States,Uncertain
72928347.0,Sun Apr 04 2021 15:57:18 GMT-0400 (EDT),2021-04-04,https://www.inaturalist.org/observations/72928347,https://static.inaturalist.org/photos/118991914/medium.jpg,"Key Biscayne, Key Biscayne, FL, US",25.69432519,-80.15720689,United States,Juvenile
72929119.0,Sun Apr 04 2021 16:04:11 GMT-0400 (EDT),2021-04-04,https://www.inaturalist.org/observations/72929119,https://static.inaturalist.org/photos/118992346/medium.jpg,"Key Biscayne, Key Biscayne, FL, US",25.69654104,-80.15679344,United States,Juvenile
72929351.0,Sun Apr 04 2021 16:05:42 GMT-0400 (EDT),2021-04-04,https://www.inaturalist.org/observations/72929351,https://static.inaturalist.org/photos/118992465/medium.jpg,"Straits of Florida, Key Biscayne, FL, US",25.69628056,-80.15598113,United States,Juvenile
73011547.0,Sun Apr 04 2021 09:46:51 GMT-0400 (EDT),2021-04-04,https://www.inaturalist.org/observations/73011547,https://static.inaturalist.org/photos/119144628/medium.jpg,"Straits of Florida, Hollywood, FL, US",26.011775,-80.11502783,United States,Not Juvenile
73084876.0,Mon Apr 05 2021 18:32:59 GMT-0400 (EDT),2021-04-05,https://www.inaturalist.org/observations/73084876,https://static.inaturalist.org/photos/119272912/medium.jpg,"Cocoa Beach, FL, US",28.33539005,-80.60627507,United States,Not Juvenile
73108464.0,Tue Apr 06 2021 10:13:46 GMT-0400 (EDT),2021-04-06,https://www.inaturalist.org/observations/73108464,https://inaturalist-open-data.s3.amazonaws.com/photos/119315137/medium.jpg,"Gulf of Mexico, FL, US",24.90322,-80.64967167,United States,Not Juvenile
73108552.0,Tue Apr 06 2021 10:13:23 GMT-0400 (EDT),2021-04-06,https://www.inaturalist.org/observations/73108552,https://inaturalist-open-data.s3.amazonaws.com/photos/119315279/medium.jpg,"Upper Matecumbe Key, Islamorada, FL, US",24.90324667,-80.64974167,United States,Not Juvenile
73306631.0,Wed Mar 10 2021 18:13:18 GMT-0500 (EST),2021-03-10,https://www.inaturalist.org/observations/73306631,https://inaturalist-open-data.s3.amazonaws.com/photos/119660999/medium.jpg,"El Mar Dr, Lauderdale-by-the-Sea, FL, US",26.190154999999997,-80.09511667,United States,Not Juvenile
73309085.0,Thu Apr 08 2021 11:36:16 GMT-0400 (EDT),2021-04-08,https://www.inaturalist.org/observations/73309085,https://static.inaturalist.org/photos/119665028/medium.jpg,"Curry Hammock State Park, Marathon, FL, US",24.74239667,-80.98309499999999,United States,Not Juvenile
73432053.0,Fri Apr 09 2021 11:26:49 GMT-0400 (EDT),2021-04-09,https://www.inaturalist.org/observations/73432053,https://static.inaturalist.org/photos/119881758/medium.jpg,"Curry Hammock State Park, Marathon, FL, US",24.74030863,-80.98311059,United States,Not Juvenile
73638151.0,Sun Apr 11 2021 12:26:23 GMT-0400 (EDT),2021-04-11,https://www.inaturalist.org/observations/73638151,https://inaturalist-open-data.s3.amazonaws.com/photos/120246981/medium.jpg,"North Atlantic Ocean, Frisco, NC, US",35.23169354,-75.60777412,United States,Not Juvenile
73658471.0,Sun Apr 11 2021 14:56:54 GMT-0400 (EDT),2021-04-11,https://www.inaturalist.org/observations/73658471,https://inaturalist-open-data.s3.amazonaws.com/photos/120280199/medium.jpg,"S Ocean Blvd, Delray Beach, FL, US",26.456695,-80.05901383,United States,Not Juvenile
73704467.0,Sun Apr 11 2021 17:43:32 GMT-0400 (EDT),2021-04-11,https://www.inaturalist.org/observations/73704467,https://inaturalist-open-data.s3.amazonaws.com/photos/120362182/medium.jpg,"Cape Hatteras National Seashore, Frisco, NC, US",35.22004527,-75.6576307,United States,Not Juvenile
73779950.0,Wed Jan 27 2021 09:22:55 GMT-0500 (EST),2021-01-27,https://www.inaturalist.org/observations/73779950,https://inaturalist-open-data.s3.amazonaws.com/photos/120501861/medium.jpg,"Dr. Von D. Mizell-Eula Johnson State Park, Hollywood, FL, US",26.0843805,-80.1096805,United States,Not Juvenile
73949031.0,Wed Apr 14 2021 11:03:23 GMT-0400 (EDT),2021-04-14,https://www.inaturalist.org/observations/73949031,https://inaturalist-open-data.s3.amazonaws.com/photos/120802632/medium.jpg,"SR-A1A, Indian Harbour Beach, FL, US",28.14382207,-80.58096598,United States,Not Juvenile
74500420.0,Fri Feb 02 2018 11:26:17 GMT-0500 (EST),2018-02-02,https://www.inaturalist.org/observations/74500420,https://inaturalist-open-data.s3.amazonaws.com/photos/121769824/medium.jpg,"Sheridan Ave, Miami Beach, FL, US",25.81984067,-80.12649789999999,United States,Not Juvenile
74550359.0,Sat Apr 17 2021 19:34:09 GMT-0400 (EDT),2021-04-17,https://www.inaturalist.org/observations/74550359,https://inaturalist-open-data.s3.amazonaws.com/photos/121854420/medium.jpg,"North Atlantic Ocean, Boca Raton, FL, US",26.35962072,-80.06871394,United States,Not Juvenile
74620374.0,2021/04/18 11:59 AM UTC,2021-04-18,https://www.inaturalist.org/observations/74620374,https://inaturalist-open-data.s3.amazonaws.com/photos/121981474/medium.jpg,"Hollywood Beach, Hollywood, FL 33019, USA",26.008678699999997,-80.1170355,United States,Not Juvenile
74623194.0,Fri Apr 16 2021 19:02:10 GMT-0400 (EDT),2021-04-16,https://www.inaturalist.org/observations/74623194,https://static.inaturalist.org/photos/121986509/medium.jpg,"North Atlantic Ocean, Ocean Ridge, FL, US",26.53169167,-80.0458445,United States,Not Juvenile
74749472.0,Sun Jul 21 2019 13:00:00 GMT-0400 (EDT),2019-07-21,https://www.inaturalist.org/observations/74749472,https://inaturalist-open-data.s3.amazonaws.com/photos/122208068/medium.jpg,"Woodbine, GA, US",31.01756871,-81.47793796,United States,Not Juvenile
74955186.0,Fri Apr 23 2021 14:42:21 GMT-0400 (EDT),2021-04-23,https://www.inaturalist.org/observations/74955186,https://inaturalist-open-data.s3.amazonaws.com/photos/122569917/medium.jpg,"North Atlantic Ocean, Riviera Beach, FL, US",26.79071312,-80.03150348,United States,Not Juvenile
74984615.0,Fri Apr 23 2021 17:46:59 GMT-0400 (EDT),2021-04-23,https://www.inaturalist.org/observations/74984615,https://inaturalist-open-data.s3.amazonaws.com/photos/122619799/medium.jpg,"Straits of Florida, Hollywood, FL, US",26.01745386,-80.11460834,United States,Not Juvenile
75105670.0,Sat Apr 24 2021 18:56:12 GMT-0400 (EDT),2021-04-24,https://www.inaturalist.org/observations/75105670,https://static.inaturalist.org/photos/122829092/medium.jpg,"Straits of Florida, FL, US",25.87328035,-80.11966276,United States,Not Juvenile
75180306.0,Sun Apr 25 2021 11:20:20 GMT-0400 (EDT),2021-04-25,https://www.inaturalist.org/observations/75180306,https://inaturalist-open-data.s3.amazonaws.com/photos/122961601/medium.jpg,"SR-A1A, FL, US",28.0511034,-80.54861679999999,United States,Not Juvenile
75362991.0,2018/05/21 7:34 AM UTC,2018-05-21,https://www.inaturalist.org/observations/75362991,https://static.inaturalist.org/photos/123272358/medium.jpeg,"Camden County, GA, USA",30.83957222,-81.42914444,United States,Not Juvenile
75383022.0,Mon Jun 01 2020 19:10:48 GMT-0400 (EDT),2020-06-01,https://www.inaturalist.org/observations/75383022,https://inaturalist-open-data.s3.amazonaws.com/photos/123318691/medium.jpg,"Bird Island, Sunset Beach, NC, US",33.857025,-78.53019667,United States,Not Juvenile
75467347.0,Thu Mar 11 2021 18:01:33 GMT-0500 (EST),2021-03-11,https://www.inaturalist.org/observations/75467347,https://static.inaturalist.org/photos/123471096/medium.jpg,"Dr. Von D. Mizell-Eula Johnson State Park, Hollywood, FL, US",26.0658945,-80.11110000000001,United States,Not Juvenile
75543824.0,Sat Feb 27 2021 12:18:14 GMT-0500 (EST),2021-02-27,https://www.inaturalist.org/observations/75543824,https://inaturalist-open-data.s3.amazonaws.com/photos/123608044/medium.jpg,"Vista Park, Fort Lauderdale, FL, US",26.16346575,-80.09959669999999,United States,Not Juvenile
75581924.0,Wed Apr 28 2021 16:36:59 GMT-0400 (EDT),2021-04-28,https://www.inaturalist.org/observations/75581924,https://static.inaturalist.org/photos/123734192/medium.jpg,"North Atlantic Ocean, Cocoa Beach, FL, US",28.33628333,-80.60575,United States,Not Juvenile
75587369.0,Wed Apr 28 2021 17:00:05 GMT-0700 (PDT),2021-04-28,https://www.inaturalist.org/observations/75587369,https://inaturalist-open-data.s3.amazonaws.com/photos/123681037/medium.jpg,"NW Sixth Ave, Boca Raton, FL, US",26.35751623,-80.09744301,United States,Not Juvenile
75589681.0,2021-04-28 17:51:58,2021-04-28,https://www.inaturalist.org/observations/75589681,https://inaturalist-open-data.s3.amazonaws.com/photos/123684923/medium.jpeg,"Volusia County, FL, USA",28.86280847,-80.77888953,United States,Not Juvenile
75606657.0,Wed Apr 28 2021 20:05:40 GMT-0400 (EDT),2021-04-28,https://www.inaturalist.org/observations/75606657,https://inaturalist-open-data.s3.amazonaws.com/photos/123715175/medium.jpg,"North Hutchinson Island, Vero Beach, FL, US",27.65407503,-80.35530875,United States,Not Juvenile
75670880.0,2021-04-29 11:01:45,2021-04-29,https://www.inaturalist.org/observations/75670880,https://static.inaturalist.org/photos/123827492/medium.jpeg,"Cape Canaveral, FL 32920, USA",28.385520699999997,-80.60026154,United States,Not Juvenile
75674518.0,Thu Apr 29 2021 06:54:45 GMT-0400 (EDT),2021-04-29,https://www.inaturalist.org/observations/75674518,https://inaturalist-open-data.s3.amazonaws.com/photos/123833050/medium.jpg,"North Atlantic Ocean, FL, US",29.03966667,-80.89520333,United States,Not Juvenile
76621756.0,Sun May 02 2021 13:52:15 GMT-0400 (EDT),2021-05-02,https://www.inaturalist.org/observations/76621756,https://inaturalist-open-data.s3.amazonaws.com/photos/125346899/medium.jpg,"Canaveral National Seashore Florida, Cape Canaveral, FL, US",28.67208377,-80.64329959999999,United States,Not Juvenile
76924787.0,2021-02-11 15:13:02,2021-02-11,https://www.inaturalist.org/observations/76924787,https://static.inaturalist.org/photos/125806226/medium.jpeg,"Location: 25.716997, -80.149161",25.71699712,-80.14916092,United States,Not Juvenile
77010291.0,Mon May 03 2021 13:14:55 GMT-0400 (EDT),2021-05-03,https://www.inaturalist.org/observations/77010291,https://inaturalist-open-data.s3.amazonaws.com/photos/125939776/medium.jpg,"Straits of Florida, Hollywood, FL, US",26.0409555,-80.11313617,United States,Not Juvenile
77015363.0,Mon May 03 2021 12:45:17 GMT-0400 (EDT),2021-05-03,https://www.inaturalist.org/observations/77015363,https://inaturalist-open-data.s3.amazonaws.com/photos/125948122/medium.jpg,"Hollywood North Beach Park, Hollywood, FL, US",26.04423333,-80.11293049999999,United States,Not Juvenile
77364898.0,Tue May 04 2021 16:32:00 GMT-0400 (EDT),2021-05-04,https://www.inaturalist.org/observations/77364898,https://inaturalist-open-data.s3.amazonaws.com/photos/126518329/medium.jpg,"N Dixie Hwy, Hollywood, FL, US",26.01330587,-80.14921088,United States,Not Juvenile
77734456.0,2020/03/09 7:15 PM PDT,2020-03-09,https://www.inaturalist.org/observations/77734456,https://inaturalist-open-data.s3.amazonaws.com/photos/127153494/medium.jpeg,"St Lucie County, FL, USA",27.28684752,-80.24807463,United States,Not Juvenile
77974431.0,Tue Mar 09 2021 12:56:38 GMT-0500 (EST),2021-03-09,https://www.inaturalist.org/observations/77974431,https://inaturalist-open-data.s3.amazonaws.com/photos/127556998/medium.jpg,"South Pointe Park, Miami Beach, FL, US",25.76623456,-80.13357839999999,United States,Not Juvenile
78038852.0,Sun May 09 2021 06:55:34 GMT-0400 (EDT),2021-05-09,https://www.inaturalist.org/observations/78038852,https://inaturalist-open-data.s3.amazonaws.com/photos/127670532/medium.jpg,"SR-A1A, Melbourne Beach, FL, US",27.9024728,-80.47257154,United States,Not Juvenile
78700949.0,2021-05-14 09:39:23,2021-05-14,https://www.inaturalist.org/observations/78700949,https://inaturalist-open-data.s3.amazonaws.com/photos/128833275/medium.jpeg,"Canaveral National Seashore, Brevard County, US-FL, US",28.69306697,-80.659941,United States,Not Juvenile
79093142.0,Sun May 16 2021 20:04:31 GMT-0400 (EDT),2021-05-16,https://www.inaturalist.org/observations/79093142,https://static.inaturalist.org/photos/129510831/medium.jpg,"North Atlantic Ocean, Cape Canaveral, FL, US",28.38631167,-80.59701667,United States,Not Juvenile
79205415.0,Mon May 17 2021 18:20:16 GMT -0400 (EDT),2021-05-17,https://www.inaturalist.org/observations/79205415,https://inaturalist-open-data.s3.amazonaws.com/photos/129709780/medium.jpeg,Satellite Beach,28.1811676,-80.59102631,United States,Not Juvenile
79273606.0,Tue May 18 2021 08:49:05 GMT-0400 (EDT),2021-05-18,https://www.inaturalist.org/observations/79273606,https://static.inaturalist.org/photos/129832258/medium.jpg,"Cocoa Beach, FL, US",28.328770499999997,-80.6227505,United States,Not Juvenile
79312441.0,Mon May 17 2021 12:12:23 GMT-0400 (EDT),2021-05-17,https://www.inaturalist.org/observations/79312441,https://static.inaturalist.org/photos/129898158/medium.jpg,"Canaveral National Seashore Florida, Cape Canaveral, FL, US",28.65462167,-80.63105833,United States,Not Juvenile
79391029.0,Wed May 19 2021 08:51:47 GMT-0400 (EDT),2021-05-19,https://www.inaturalist.org/observations/79391029,https://static.inaturalist.org/photos/130037968/medium.jpg,"North Atlantic Ocean, FL, US",29.36601275,-81.06722729,United States,Not Juvenile
79394112.0,Tue May 18 2021 16:47:19 GMT-0400 (EDT),2021-05-18,https://www.inaturalist.org/observations/79394112,https://inaturalist-open-data.s3.amazonaws.com/photos/130043520/medium.jpg,"North Hutchinson Island, Vero Beach, FL, US",27.67688105,-80.36226881,United States,Not Juvenile
79468777.0,Mon May 17 2021 12:09:34 GMT-0400 (EDT),2021-05-17,https://www.inaturalist.org/observations/79468777,https://static.inaturalist.org/photos/130162911/medium.jpg,"Melbourne Beach, FL, US",28.07322217,-80.558075,United States,Not Juvenile
79731897.0,2020-01-14 09:19:00,2020-01-14,https://www.inaturalist.org/observations/79731897,https://inaturalist-open-data.s3.amazonaws.com/photos/130617950/medium.jpeg,Flamingo Campground Tent Camping Area,25.13732057,-80.93533499,United States,Not Juvenile
79884675.0,Wed Apr 03 2019 14:15:03 GMT-0400 (EDT),2019-04-03,https://www.inaturalist.org/observations/79884675,https://static.inaturalist.org/photos/130880773/medium.jpg,"Wavecrest Ave, Indialantic, FL, US",28.09233883,-80.56530000000001,United States,Not Juvenile
82206419.0,Thu Jan 24 2019 07:01:32 GMT+0100 (GMT+1),2019-01-24,https://www.inaturalist.org/observations/82206419,https://static.inaturalist.org/photos/134904519/medium.jpg,"Straits of Florida, FL, US",26.108525,-80.10411117,United States,Not Juvenile
82897301.0,2020/01/14 2:01 PM EST,2020-01-14,https://www.inaturalist.org/observations/82897301,https://inaturalist-open-data.s3.amazonaws.com/photos/136094435/medium.jpg,"Hollywood, FL, USA",26.06903616,-80.11089216,United States,Not Juvenile
83215403.0,Wed Apr 28 2021 13:43:48 GMT-0400 (EDT),2021-04-28,https://www.inaturalist.org/observations/83215403,https://inaturalist-open-data.s3.amazonaws.com/photos/136650304/medium.jpg,"Miami Beach, FL, US",25.80813492,-80.12195285,United States,Not Juvenile
84904501.0,Mon Jun 28 2021 17:57:02 GMT-0400 (EDT),2021-06-28,https://www.inaturalist.org/observations/84904501,https://inaturalist-open-data.s3.amazonaws.com/photos/139607498/medium.jpg,"North Atlantic Ocean, FL, US",29.735455,-81.23841167,United States,Uncertain
85009178.0,2021-06-29 15:22:06,2021-06-29,https://www.inaturalist.org/observations/85009178,https://inaturalist-open-data.s3.amazonaws.com/photos/139834457/medium.jpeg,"Dare County, NC, USA",35.362950999999995,-75.49555699999999,United States,Not Juvenile
86748598.0,Sat Apr 17 2021 19:54:43 GMT -0400 (EDT),2021-04-17,https://www.inaturalist.org/observations/86748598,https://inaturalist-open-data.s3.amazonaws.com/photos/153504720/medium.jpeg,Marathon,24.73998833,-80.98207092,United States,Not Juvenile
87437046.0,Sat Jul 17 2021 14:41:16 GMT-0400 (EDT),2021-07-17,https://www.inaturalist.org/observations/87437046,https://static.inaturalist.org/photos/144160020/medium.jpg,"Westerly, RI, US",41.330345,-71.737945,United States,Not Juvenile
87551410.0,2021-07-18 09:48:52,2021-07-18,https://www.inaturalist.org/observations/87551410,https://static.inaturalist.org/photos/144360502/medium.jpeg,"Misquamicut, Westerly, RI 02891, USA",41.3209954,-71.8122853,United States,Not Juvenile
87639131.0,Mon Mar 29 2021 09:41:04 GMT-0400 (EDT),2021-03-29,https://www.inaturalist.org/observations/87639131,https://static.inaturalist.org/photos/144512136/medium.jpg,"Collins Ave, Bal Harbour, FL, US",25.896980000000003,-80.12252783,United States,Not Juvenile
87816259.0,2021-03-30 00:00:00,2021-03-30,https://www.inaturalist.org/observations/87816259,https://inaturalist-open-data.s3.amazonaws.com/photos/144827967/medium.jpeg,Miami beach,25.817390000000003,-80.120655,United States,Not Juvenile
89143368.0,Sat Jan 18 2020 11:16:20 GMT-0800 (PST),2020-01-18,https://www.inaturalist.org/observations/89143368,https://inaturalist-open-data.s3.amazonaws.com/photos/147175072/medium.jpg,"Jaycee Conn Beach, Vero Beach, FL, US",27.66457,-80.35852833,United States,Not Juvenile
89261861.0,2021/07/30 3:51 PM EDT,2021-07-30,https://www.inaturalist.org/observations/89261861,https://inaturalist-open-data.s3.amazonaws.com/photos/147382948/medium.jpg,"Aquinnah, MA, USA",41.33730251,-70.82904894,United States,Not Juvenile
89424143.0,2020-01-11 20:58:56,2020-01-11,https://www.inaturalist.org/observations/89424143,https://inaturalist-open-data.s3.amazonaws.com/photos/147669741/medium.jpeg,"Palm Beach County, FL, USA",26.450861099999997,-80.04872125,United States,Not Juvenile
89593726.0,2020/01/03 3:18 PM MST,2020-01-03,https://www.inaturalist.org/observations/89593726,https://inaturalist-open-data.s3.amazonaws.com/photos/147969178/medium.jpeg,"Hollywood Beach, Hollywood, FL 33019, USA",26.01956875,-80.11454514,United States,Not Juvenile
89928606.0,Fri Oct 11 2019 15:59:27 GMT -0400 (EDT),2019-10-11,https://www.inaturalist.org/observations/89928606,https://static.inaturalist.org/photos/148556928/medium.jpeg,Nags Head,35.82458115,-75.55415344000001,United States,Not Juvenile
89934572.0,Wed Aug 04 2021 14:11:57 GMT-0400 (EDT),2021-08-04,https://www.inaturalist.org/observations/89934572,https://inaturalist-open-data.s3.amazonaws.com/photos/148567433/medium.jpg,"Martha's Vineyard, Chilmark, MA, US",41.33893333,-70.72773667,United States,Not Juvenile
89960498.0,2021-08-04 12:00:12,2021-08-04,https://www.inaturalist.org/observations/89960498,https://inaturalist-open-data.s3.amazonaws.com/photos/148611269/medium.jpeg,"Aquinnah, MA, USA",41.33466667,-70.8261,United States,Not Juvenile
90245244.0,Fri Aug 06 2021 18:10:29 GMT -0400 (EDT),2021-08-06,https://www.inaturalist.org/observations/90245244,https://inaturalist-open-data.s3.amazonaws.com/photos/149128944/medium.jpeg,Rodanthe,35.56995773,-75.46379852,United States,Not Juvenile
90615880.0,Sun Feb 16 2020 10:11:05 GMT -0600 (CST),2020-02-16,https://www.inaturalist.org/observations/90615880,https://inaturalist-open-data.s3.amazonaws.com/photos/149783089/medium.jpeg,Martin County,27.06534195,-80.11418915,United States,Not Juvenile
90711319.0,Tue Aug 10 2021 18:02:17 GMT-0400 (EDT),2021-08-10,https://www.inaturalist.org/observations/90711319,https://inaturalist-open-data.s3.amazonaws.com/photos/149944833/medium.jpg,"North Atlantic Ocean, Block Island, RI, US",41.20029167,-71.56127167,United States,Not Juvenile
90791163.0,Wed Aug 11 2021 12:27:25 GMT-0400 (EDT),2021-08-11,https://www.inaturalist.org/observations/90791163,https://inaturalist-open-data.s3.amazonaws.com/photos/155990168/medium.jpg,"Rhode Island, Newport, RI, US",41.455881999999995,-71.35741975,United States,Not Juvenile
90809856.0,Wed Aug 11 2021 15:19:04 GMT-0400 (EDT),2021-08-11,https://www.inaturalist.org/observations/90809856,https://inaturalist-open-data.s3.amazonaws.com/photos/150116663/medium.jpg,"Rhode Island, Middletown, RI, US",41.48163542,-71.246029,United States,Not Juvenile
90900785.0,Mon Feb 10 2020 08:22:01 GMT-0500 (EST),2020-02-10,https://www.inaturalist.org/observations/90900785,https://static.inaturalist.org/photos/150280574/medium.jpg,"20th St, Miami Beach, FL, US",25.795295,-80.12716667000001,United States,Not Juvenile
91194588.0,Sat Aug 14 2021 16:22:14 GMT-0400 (EDT),2021-08-14,https://www.inaturalist.org/observations/91194588,https://inaturalist-open-data.s3.amazonaws.com/photos/150805220/medium.jpg,"North Atlantic Ocean, Aquinnah, MA, US",41.34426167,-70.83592167,United States,Not Juvenile
91498310.0,2021-02-10 00:00:00,2021-02-10,https://www.inaturalist.org/observations/91498310,https://static.inaturalist.org/photos/151359828/medium.jpeg,"Jupiter, FL 33477, USA",26.92944034,-80.06806064,United States,Not Juvenile
91832480.0,Thu Aug 19 2021 17:01:36 GMT-0400 (EDT),2021-08-19,https://www.inaturalist.org/observations/91832480,https://inaturalist-open-data.s3.amazonaws.com/photos/151964776/medium.jpg,"Rhode Island, Middletown, RI, US",41.514145,-71.23407833,United States,Not Juvenile
91869566.0,Fri Aug 20 2021 13:22:35 GMT -0400 (EDT),2021-08-20,https://www.inaturalist.org/observations/91869566,https://inaturalist-open-data.s3.amazonaws.com/photos/152071525/medium.jpeg,Westport,41.49923706,-71.04291534000001,United States,Not Juvenile
92035860.0,Fri Aug 20 2021 10:39:02 GMT-0400 (EDT),2021-08-20,https://www.inaturalist.org/observations/92035860,https://inaturalist-open-data.s3.amazonaws.com/photos/152323804/medium.jpg,"Audubon Ln, Westport, MA, US",41.51126191,-71.01034551000001,United States,Not Juvenile
92133353.0,Sun Aug 22 2021 13:20:37 GMT-0400 (EDT),2021-08-22,https://www.inaturalist.org/observations/92133353,https://static.inaturalist.org/photos/152501079/medium.jpg,"Popponesset Island, MA, US",41.57952467,-70.45596425000001,United States,Not Juvenile
92135124.0,Sun Aug 22 2021 13:21:06 GMT-0400 (EDT),2021-08-22,https://www.inaturalist.org/observations/92135124,https://inaturalist-open-data.s3.amazonaws.com/photos/152502925/medium.jpg,"Popponesset Island Rd, Popponesset Island, MA, US",41.57856167,-70.45684667,United States,Not Juvenile
92204769.0,2021-08-13 00:17:00,2021-08-13,https://www.inaturalist.org/observations/92204769,https://inaturalist-open-data.s3.amazonaws.com/photos/152633787/medium.png,"Fort Lauderdale, Florida, EE. UU.",26.1224386,-80.1373174,United States,Not Juvenile
92232832.0,Mon Aug 23 2021 09:24:03 GMT-0400 (EDT),2021-08-23,https://www.inaturalist.org/observations/92232832,https://inaturalist-open-data.s3.amazonaws.com/photos/152683716/medium.jpg,"Second Beach, Middletown, RI, US",41.48848038,-71.26063928,United States,Not Juvenile
92271815.0,2021-08-23 14:59:25,2021-08-23,https://www.inaturalist.org/observations/92271815,https://inaturalist-open-data.s3.amazonaws.com/photos/152754223/medium.jpeg,"Charlestown, RI 02813, USA",41.343172,-71.688451,United States,Not Juvenile
92307036.0,Mon Aug 23 2021 07:11:00 GMT-0400 (EDT),2021-08-23,https://www.inaturalist.org/observations/92307036,https://inaturalist-open-data.s3.amazonaws.com/photos/152821122/medium.jpg,"Rhode Island, Newport, RI, US",41.48945333,-71.286225,United States,Not Juvenile
92607213.0,2021-08-26 15:35:21,2021-08-26,https://www.inaturalist.org/observations/92607213,https://static.inaturalist.org/photos/154228215/medium.jpeg,"Narragansett, RI 02879, USA",41.36357544,-71.61058836000001,United States,Not Juvenile
92958411.0,Sun Aug 29 2021 16:26:30 GMT-0400 (EDT),2021-08-29,https://www.inaturalist.org/observations/92958411,https://inaturalist-open-data.s3.amazonaws.com/photos/154022323/medium.jpg,"Fire Island, Patchogue, NY, US",40.71547821,-72.91884751,United States,Not Juvenile
93000957.0,Sun Aug 29 2021 08:41:25 GMT-0400 (EDT),2021-08-29,https://www.inaturalist.org/observations/93000957,https://inaturalist-open-data.s3.amazonaws.com/photos/154072521/medium.jpg,"Washington County, US-RI, US",41.17934124,-71.56457093,United States,Not Juvenile
93001381.0,Sun Aug 29 2021 08:45:05 GMT-0400 (EDT),2021-08-29,https://www.inaturalist.org/observations/93001381,https://inaturalist-open-data.s3.amazonaws.com/photos/154072556/medium.jpg,"Washington County, US-RI, US",41.18098715,-71.56518658,United States,Not Juvenile
93001389.0,Sun Aug 29 2021 08:50:34 GMT-0400 (EDT),2021-08-29,https://www.inaturalist.org/observations/93001389,https://inaturalist-open-data.s3.amazonaws.com/photos/154072579/medium.jpg,"Washington County, US-RI, US",41.17873753,-71.56423967,United States,Not Juvenile
93086315.0,Sun Aug 29 2021 22:05:11 GMT-0400 (EDT),2021-08-29,https://www.inaturalist.org/observations/93086315,https://inaturalist-open-data.s3.amazonaws.com/photos/154226377/medium.jpg,"Washington County, US-RI, US",41.17998803,-71.56475365,United States,Not Juvenile
93106142.0,Sun Aug 29 2021 22:20:33 GMT-0400 (EDT),2021-08-29,https://www.inaturalist.org/observations/93106142,https://static.inaturalist.org/photos/154265151/medium.jpg,"Dodge St, Block Island, RI, US",41.174675,-71.56040833,United States,Not Juvenile
93513832.0,Fri Sep 03 2021 14:40:32 GMT-0400 (EDT),2021-09-03,https://www.inaturalist.org/observations/93513832,https://static.inaturalist.org/photos/155000335/medium.jpg,"Buzzards Bay, Woods Hole, MA, US",41.52683346,-70.69621156,United States,Not Juvenile
93700785.0,Thu Sep 02 2021 09:29:00 GMT-0400 (EDT),2021-09-02,https://www.inaturalist.org/observations/93700785,https://inaturalist-open-data.s3.amazonaws.com/photos/155336700/medium.jpg,"Vineyard Sound, Aquinnah, MA, US",41.38616299,-70.83580234,United States,Not Juvenile
93862248.0,2021/09/02 11:14 AM EDT,2021-09-02,https://www.inaturalist.org/observations/93862248,https://inaturalist-open-data.s3.amazonaws.com/photos/155624166/medium.jpg,"Tisbury, MA, USA",41.550140000000006,-70.71737399999999,United States,Not Juvenile
93875996.0,2021/08/29 10:33 AM EDT,2021-08-29,https://www.inaturalist.org/observations/93875996,https://inaturalist-open-data.s3.amazonaws.com/photos/155648532/medium.jpeg,"Washington, Rhode Island, United States",41.2075536,-71.5566872,United States,Not Juvenile
93927590.0,2020/12/05 8:14 AM EST,2020-12-05,https://www.inaturalist.org/observations/93927590,https://static.inaturalist.org/photos/155741456/medium.jpg,"Palm Beach County, FL, USA",26.52387438,-80.00686709,United States,Not Juvenile
94254541.0,Tue Aug 31 2021 17:25:30 GMT-0400 (EDT),2021-08-31,https://www.inaturalist.org/observations/94254541,https://inaturalist-open-data.s3.amazonaws.com/photos/156331206/medium.jpg,"Great Island Rd, Narragansett, RI, US",41.37703667,-71.51312167,United States,Not Juvenile
94282125.0,Fri Jan 01 2021 20:18:49 GMT-0500 (EST),2021-01-01,https://www.inaturalist.org/observations/94282125,https://inaturalist-open-data.s3.amazonaws.com/photos/156381991/medium.jpg,"Cocoa Beach, FL, US",28.32545903,-80.60688017,United States,Not Juvenile
94327310.0,Thu Aug 19 2021 07:42:48 GMT-0400 (EDT),2021-08-19,https://www.inaturalist.org/observations/94327310,https://inaturalist-open-data.s3.amazonaws.com/photos/156461977/medium.jpg,"Newport County, US-RI, US",41.46152075,-71.17441293,United States,Not Juvenile
94349303.0,2021/09/10 2:07 PM EDT,2021-09-10,https://www.inaturalist.org/observations/94349303,https://inaturalist-open-data.s3.amazonaws.com/photos/156497594/medium.jpg,"Black Point, Narragansett, RI 02882, USA",41.3951024,-71.4650556,United States,Not Juvenile
94964047.0,2021/09/15 12:20 PM UTC,2021-09-15,https://www.inaturalist.org/observations/94964047,https://inaturalist-open-data.s3.amazonaws.com/photos/157592333/medium.jpeg,"West Tisbury, MA, USA",41.34821944,-70.63989167,United States,Not Juvenile
95295251.0,Wed Sep 15 2021 17:20:02 GMT -0400 (EDT),2021-09-15,https://www.inaturalist.org/observations/95295251,https://inaturalist-open-data.s3.amazonaws.com/photos/158183746/medium.jpeg,Westport,41.50626755,-71.09073639,United States,Not Juvenile
95337321.0,Sat Sep 11 2021 08:14:29 GMT-0400 (EDT),2021-09-11,https://www.inaturalist.org/observations/95337321,https://inaturalist-open-data.s3.amazonaws.com/photos/158260074/medium.jpg,"Martha's Vineyard, Chilmark, MA, US",41.37824327,-70.74391997000001,United States,Not Juvenile
95532525.0,Mon Sep 20 2021 09:29:50 GMT-0400 (EDT),2021-09-20,https://www.inaturalist.org/observations/95532525,https://static.inaturalist.org/photos/158610446/medium.jpg,"Nantucket Island, Nantucket, MA, US",41.29075199,-70.09246859,United States,Not Juvenile
95652342.0,2021-09-17 10:52:00,2021-09-17,https://www.inaturalist.org/observations/95652342,https://static.inaturalist.org/photos/158818822/medium.jpeg,"Napeague, NY, USA",40.976838,-72.099581,United States,Not Juvenile
95699794.0,Tue Sep 21 2021 17:40:52 GMT-0400 (EDT),2021-09-21,https://www.inaturalist.org/observations/95699794,https://inaturalist-open-data.s3.amazonaws.com/photos/158902384/medium.jpg,"Cape Hatteras National Seashore, Rodanthe, NC, US",35.33657646,-75.5038158,United States,Not Juvenile
95840763.0,Thu Sep 23 2021 07:06:02 GMT-0400 (EDT),2021-09-23,https://www.inaturalist.org/observations/95840763,https://inaturalist-open-data.s3.amazonaws.com/photos/159159037/medium.jpg,"Narragansett Bay, Narragansett, RI, US",41.43505,-71.45459667,United States,Not Juvenile
95857439.0,2021-09-23 10:06:54,2021-09-23,https://www.inaturalist.org/observations/95857439,https://inaturalist-open-data.s3.amazonaws.com/photos/159185622/medium.jpeg,"Carteret County, NC, USA",34.671554,-76.97779299999999,United States,Not Juvenile
95880553.0,Thu Sep 23 2021 14:12:06 GMT-0400 (EDT),2021-09-23,https://www.inaturalist.org/observations/95880553,https://inaturalist-open-data.s3.amazonaws.com/photos/159226299/medium.jpg,"Martha's Vineyard, Chilmark, MA, US",41.34765724,-70.66085676,United States,Not Juvenile
95892470.0,2021-09-23 14:52:12,2021-09-23,https://www.inaturalist.org/observations/95892470,https://static.inaturalist.org/photos/159247252/medium.jpeg,"Amagansett, NY, USA",40.97395397,-72.10827997,United States,Not Juvenile
95892497.0,2021-09-23 14:49:33,2021-09-23,https://www.inaturalist.org/observations/95892497,https://static.inaturalist.org/photos/159247309/medium.jpeg,"Amagansett, NY, USA",40.974084999999995,-72.10774997,United States,Not Juvenile
95892619.0,2021-09-23 14:23:29,2021-09-23,https://www.inaturalist.org/observations/95892619,https://static.inaturalist.org/photos/159247553/medium.jpeg,"Amagansett, NY, USA",40.97022497,-72.119281,United States,Not Juvenile
95999558.0,Fri Sep 24 2021 15:42:16 GMT -0400 (EDT),2021-09-24,https://www.inaturalist.org/observations/95999558,https://inaturalist-open-data.s3.amazonaws.com/photos/159434548/medium.jpeg,East Hampton,40.95217896,-72.16874695,United States,Not Juvenile
96364840.0,Mon Sep 27 2021 10:09:26 GMT-0400 (EDT),2021-09-27,https://www.inaturalist.org/observations/96364840,https://static.inaturalist.org/photos/160083572/medium.jpg,"North Atlantic Ocean, Butler Beach, FL, US",29.772475,-81.25235833,United States,Not Juvenile
96404311.0,2021-09-27 16:40:00,2021-09-27,https://www.inaturalist.org/observations/96404311,https://inaturalist-open-data.s3.amazonaws.com/photos/160153488/medium.jpeg,"New Smyrna Beach, FL 32169, USA",28.99061277,-80.86567048,United States,Not Juvenile
96415532.0,Wed Sep 22 2021 17:05:16 GMT-0400 (EDT),2021-09-22,https://www.inaturalist.org/observations/96415532,https://inaturalist-open-data.s3.amazonaws.com/photos/160347112/medium.jpg,"Peck Beach, Ocean City, NJ, US",39.27051611,-74.57994026,United States,Not Juvenile
96436844.0,2021/08/28 10:34 AM EDT,2021-08-28,https://www.inaturalist.org/observations/96436844,https://static.inaturalist.org/photos/160211410/medium.jpeg,"Washington, Rhode Island, United States",41.2077488,-71.55643573,United States,Not Juvenile
96436851.0,2021/08/28 10:39 AM EDT,2021-08-28,https://www.inaturalist.org/observations/96436851,https://static.inaturalist.org/photos/160212270/medium.jpeg,"Washington, Rhode Island, United States",41.20880263,-71.5557341,United States,Not Juvenile
96436852.0,2021/08/28 10:39 AM EDT,2021-08-28,https://www.inaturalist.org/observations/96436852,https://static.inaturalist.org/photos/160212386/medium.jpeg,"Washington, Rhode Island, United States",41.2088307,-71.5557632,United States,Not Juvenile
96776068.0,2021/10/01 7:38 AM EDT,2021-10-01,https://www.inaturalist.org/observations/96776068,https://static.inaturalist.org/photos/160827342/medium.jpeg,"St Johns County, FL, USA",30.15064167,-81.3527,United States,Not Juvenile
97138930.0,Sun Oct 03 2021 14:43:32 GMT-0400 (EDT),2021-10-03,https://www.inaturalist.org/observations/97138930,https://inaturalist-open-data.s3.amazonaws.com/photos/161488863/medium.jpg,"North Hutchinson Island, Vero Beach, FL, US",27.799825,-80.41607,United States,Not Juvenile
97583883.0,Tue Mar 17 2020 13:12:37 GMT-0400 (EDT),2020-03-17,https://www.inaturalist.org/observations/97583883,https://inaturalist-open-data.s3.amazonaws.com/photos/162313836/medium.jpg,"North Atlantic Ocean, Cocoa Beach, FL, US",28.35995907,-80.60325956,United States,Not Juvenile
98138430.0,2021/10/09 10:45 AM GMT,2021-10-09,https://www.inaturalist.org/observations/98138430,https://inaturalist-open-data.s3.amazonaws.com/photos/163328833/medium.jpg,"Miami Beach, FL, USA",25.790654,-80.1300455,United States,Not Juvenile
99395547.0,2018/05/20 7:23 AM UTC,2018-05-20,https://www.inaturalist.org/observations/99395547,https://static.inaturalist.org/photos/165676876/medium.jpeg,"Camden County, GA, USA",30.85168056,-81.42473611,United States,Not Juvenile
99846961.0,Sun Oct 10 2021 09:25:00 GMT-0400 (EDT),2021-10-10,https://www.inaturalist.org/observations/99846961,https://static.inaturalist.org/photos/166537692/medium.jpg,"North Atlantic Ocean, Jacksonville Beach, FL, US",30.29100121,-81.38785181,United States,Not Juvenile
100792735.0,Thu Feb 18 2021 11:23:54 GMT-0500 (EST),2021-02-18,https://www.inaturalist.org/observations/100792735,https://static.inaturalist.org/photos/168259837/medium.jpg,"South Beach, FL, US",25.78284167,-80.12780833000001,United States,Not Juvenile
101264140.0,2021/11/16 9:21 AM PST,2021-11-16,https://www.inaturalist.org/observations/101264140,https://inaturalist-open-data.s3.amazonaws.com/photos/169097374/medium.jpeg,"Hutchinson Island South, FL, USA",27.299498999999997,-80.216482,United States,Not Juvenile
101274547.0,Tue Nov 16 2021 13:24:15 GMT -0500 (EST),2021-11-16,https://www.inaturalist.org/observations/101274547,https://static.inaturalist.org/photos/169150185/medium.jpeg,Palm Beach County,26.45541191,-80.05813599,United States,Not Juvenile
101297588.0,Tue Nov 16 2021 08:29:22 GMT-0500 (EST),2021-11-16,https://www.inaturalist.org/observations/101297588,https://inaturalist-open-data.s3.amazonaws.com/photos/169159928/medium.jpg,"North Atlantic Ocean, Palm Beach, FL, US",26.69366167,-80.03337783,United States,Not Juvenile
101363144.0,Wed Nov 17 2021 07:30:29 GMT-0500 (EST),2021-11-17,https://www.inaturalist.org/observations/101363144,https://static.inaturalist.org/photos/169271862/medium.jpg,"Bill Baggs Cape Florida State Park, FL, US",25.67501167,-80.15377783,United States,Not Juvenile
101396647.0,2021-11-18 08:12:43,2021-11-18,https://www.inaturalist.org/observations/101396647,https://static.inaturalist.org/photos/169335188/medium.jpeg,"Jupiter, FL, USA",26.89888773,-80.05833562000001,United States,Not Juvenile
101461652.0,Fri Nov 19 2021 08:17:31 GMT -0500 (EST),2021-11-19,https://www.inaturalist.org/observations/101461652,https://inaturalist-open-data.s3.amazonaws.com/photos/169455552/medium.jpeg,Jupiter,26.93618393,-80.07057189999999,United States,Not Juvenile
101542674.0,Sat Nov 20 2021 11:03:03 GMT-0500 (EST),2021-11-20,https://www.inaturalist.org/observations/101542674,https://static.inaturalist.org/photos/169669713/medium.jpg,"Indialantic, FL, US",28.11256588,-80.57233467,United States,Not Juvenile
101632543.0,Sun Nov 21 2021 11:52:56 GMT-0500 (EST),2021-11-21,https://www.inaturalist.org/observations/101632543,https://static.inaturalist.org/photos/169744527/medium.jpg,"S Atlantic Ave, Port Orange, FL, US",29.13139167,-80.95706167,United States,Not Juvenile
101635826.0,Sun Nov 21 2021 12:48:27 GMT-0500 (EST),2021-11-21,https://www.inaturalist.org/observations/101635826,https://static.inaturalist.org/photos/169750880/medium.jpg,"Straits of Florida, Fort Lauderdale, FL, US",26.137027399999997,-80.10239242,United States,Not Juvenile
101654233.0,Sun Nov 21 2021 16:59:05 GMT -0500 (EST),2021-11-21,https://www.inaturalist.org/observations/101654233,https://static.inaturalist.org/photos/169785489/medium.jpeg,Cape Canaveral,28.395347599999997,-80.59474945,United States,Not Juvenile
101678136.0,Sun Nov 21 2021 16:01:12 GMT -0500 (EST),2021-11-21,https://www.inaturalist.org/observations/101678136,https://inaturalist-open-data.s3.amazonaws.com/photos/169819707/medium.jpeg,Port Orange,29.13492012,-80.9624939,United States,Not Juvenile
101723526.0,Mon Nov 22 2021 14:01:30 GMT-0500 (EST),2021-11-22,https://www.inaturalist.org/observations/101723526,https://inaturalist-open-data.s3.amazonaws.com/photos/169909909/medium.jpg,"Friends of Washington Oaks Gardens State Park, Palm Coast, FL, US",29.63826167,-81.19973833,United States,Juvenile
101739007.0,2021-11-22 16:31:12,2021-11-22,https://www.inaturalist.org/observations/101739007,https://inaturalist-open-data.s3.amazonaws.com/photos/169940474/medium.jpeg,"Daytona Beach Shores, FL 32118, USA",29.15555315,-80.97041871,United States,Not Juvenile
101777742.0,2021-11-23 14:01:48,2021-11-23,https://www.inaturalist.org/observations/101777742,https://static.inaturalist.org/photos/170114617/medium.jpeg,"New Smyrna Beach, FL 32169, USA",28.95110468,-80.83906498,United States,Not Juvenile
101825894.0,Wed Nov 24 2021 10:00:56 GMT-0500 (EST),2021-11-24,https://www.inaturalist.org/observations/101825894,https://inaturalist-open-data.s3.amazonaws.com/photos/170096153/medium.jpg,"S Atlantic Ave, Daytona Beach Shores, FL, US",29.14564059,-80.96502252,United States,Not Juvenile
101846813.0,Wed Nov 24 2021 16:17:20 GMT-0500 (EST),2021-11-24,https://www.inaturalist.org/observations/101846813,https://static.inaturalist.org/photos/170137109/medium.jpg,"New Smyrna Beach, New Smyrna Beach, FL, US",28.995355,-80.86886667,United States,Not Juvenile
101847390.0,Wed Nov 24 2021 17:21:59 GMT -0500 (EST),2021-11-24,https://www.inaturalist.org/observations/101847390,https://inaturalist-open-data.s3.amazonaws.com/photos/170229138/medium.jpeg,Palm Beach County,26.44129372,-80.06011199999999,United States,Not Juvenile
101848258.0,Wed Nov 24 2021 16:17:30 GMT-0500 (EST),2021-11-24,https://www.inaturalist.org/observations/101848258,https://inaturalist-open-data.s3.amazonaws.com/photos/170140178/medium.jpg,"New Smyrna Beach, New Smyrna Beach, FL, US",28.995395,-80.86882833,United States,Not Juvenile
101876515.0,Thu Nov 25 2021 07:13:00 GMT-0500 (EST),2021-11-25,https://www.inaturalist.org/observations/101876515,https://static.inaturalist.org/photos/170194924/medium.jpg,"New Smyrna Beach, New Smyrna Beach, FL, US",29.00175,-80.87275000000001,United States,Not Juvenile
101890093.0,Thu Nov 25 2021 11:30:28 GMT-0500 (EST),2021-11-25,https://www.inaturalist.org/observations/101890093,https://static.inaturalist.org/photos/170215071/medium.jpg,"Singer Island, Riviera Beach, FL, US",26.79213891,-80.03268988,United States,Not Juvenile
101897377.0,Sun Nov 21 2021 14:52:56 GMT-0500 (EST),2021-11-21,https://www.inaturalist.org/observations/101897377,https://inaturalist-open-data.s3.amazonaws.com/photos/170230018/medium.jpg,"Straits of Florida, FL, US",25.78687833,-80.12706117,United States,Not Juvenile
101905819.0,Thu Nov 25 2021 14:55:43 GMT-0500 (EST),2021-11-25,https://www.inaturalist.org/observations/101905819,https://inaturalist-open-data.s3.amazonaws.com/photos/170245360/medium.jpg,"North Atlantic Ocean, FL, US",26.44282171,-80.05984371,United States,Not Juvenile
101907845.0,Thu Nov 25 2021 15:36:39 GMT-0500 (EST),2021-11-25,https://www.inaturalist.org/observations/101907845,https://inaturalist-open-data.s3.amazonaws.com/photos/170249065/medium.jpg,"North Atlantic Ocean, FL, US",26.44749167,-80.0591195,United States,Not Juvenile
101908714.0,Thu Nov 25 2021 15:05:41 GMT-0500 (EST),2021-11-25,https://www.inaturalist.org/observations/101908714,https://inaturalist-open-data.s3.amazonaws.com/photos/170251083/medium.jpg,"North Atlantic Ocean, FL, US",26.444155,-80.0597,United States,Not Juvenile
101908767.0,Thu Nov 25 2021 15:03:39 GMT-0500 (EST),2021-11-25,https://www.inaturalist.org/observations/101908767,https://inaturalist-open-data.s3.amazonaws.com/photos/170251223/medium.jpg,"North Atlantic Ocean, FL, US",26.44368,-80.05975283000001,United States,Juvenile
101908951.0,Thu Nov 25 2021 15:01:08 GMT-0500 (EST),2021-11-25,https://www.inaturalist.org/observations/101908951,https://inaturalist-open-data.s3.amazonaws.com/photos/170251481/medium.jpg,"North Atlantic Ocean, FL, US",26.44341333,-80.05979167,United States,Not Juvenile
101908992.0,Thu Nov 25 2021 15:00:54 GMT-0500 (EST),2021-11-25,https://www.inaturalist.org/observations/101908992,https://inaturalist-open-data.s3.amazonaws.com/photos/170251562/medium.jpg,"North Atlantic Ocean, FL, US",26.44341333,-80.05980000000001,United States,Juvenile
101909073.0,Thu Nov 25 2021 14:59:27 GMT-0500 (EST),2021-11-25,https://www.inaturalist.org/observations/101909073,https://inaturalist-open-data.s3.amazonaws.com/photos/170251822/medium.jpg,"North Atlantic Ocean, FL, US",26.443150000000003,-80.05983049999999,United States,Not Juvenile
101921375.0,Thu Nov 25 2021 10:37:39 GMT-0500 (EST),2021-11-25,https://www.inaturalist.org/observations/101921375,https://inaturalist-open-data.s3.amazonaws.com/photos/170276031/medium.jpg,"North Atlantic Ocean, FL, US",27.62711333,-80.34861167,United States,Not Juvenile
101936689.0,Fri Nov 26 2021 08:37:31 GMT -0500 (EST),2021-11-26,https://www.inaturalist.org/observations/101936689,https://inaturalist-open-data.s3.amazonaws.com/photos/170307032/medium.jpeg,Cocoa Beach,28.35962296,-80.60419464,United States,Not Juvenile
101966471.0,Fri Nov 26 2021 17:11:58 GMT-0500 (EST),2021-11-26,https://www.inaturalist.org/observations/101966471,https://static.inaturalist.org/photos/170386860/medium.jpg,"SR-A1A N, Patrick Afb, FL, US",28.21351333,-80.59705333000001,United States,Not Juvenile
102009819.0,2021/11/26 10:23 AM CST,2021-11-26,https://www.inaturalist.org/observations/102009819,https://inaturalist-open-data.s3.amazonaws.com/photos/170442203/medium.jpg,"Broward County, FL, USA",26.31071577,-80.07559429,United States,Uncertain
102240514.0,2019/12/28 1:58 PM UTC,2019-12-28,https://www.inaturalist.org/observations/102240514,https://inaturalist-open-data.s3.amazonaws.com/photos/170864164/medium.jpeg,"St Augustine Beach, FL 32080, USA",29.8439828,-81.2711546,United States,Not Juvenile
102249578.0,Sun Nov 28 2021 15:20:21 GMT-0500 (EST),2021-11-28,https://www.inaturalist.org/observations/102249578,https://static.inaturalist.org/photos/170882510/medium.jpg,"Max Hoeck Creek, Cape Canaveral, FL, US",28.66049167,-80.64995499999999,United States,Juvenile
102469402.0,Sat Dec 04 2021 10:15:11 GMT-0500 (EST),2021-12-04,https://www.inaturalist.org/observations/102469402,https://inaturalist-open-data.s3.amazonaws.com/photos/171297890/medium.jpg,"Hollywood Beach, Hollywood, FL, US",26.01659315,-80.11520382,United States,Not Juvenile
102473354.0,Sat Dec 04 2021 11:37:15 GMT-0500 (EST),2021-12-04,https://www.inaturalist.org/observations/102473354,https://inaturalist-open-data.s3.amazonaws.com/photos/171305516/medium.jpg,"Key Biscayne, Key Biscayne, FL, US",25.68631184,-80.15868361,United States,Not Juvenile
102480127.0,Sat Dec 04 2021 13:37:41 GMT-0500 (EST),2021-12-04,https://www.inaturalist.org/observations/102480127,https://inaturalist-open-data.s3.amazonaws.com/photos/171318150/medium.jpg,"North Beach City Park, Hollywood, FL, US",25.98577227,-80.11753491,United States,Not Juvenile
102481010.0,Sat Dec 04 2021 13:53:58 GMT-0500 (EST),2021-12-04,https://www.inaturalist.org/observations/102481010,https://static.inaturalist.org/photos/171319706/medium.jpg,"North Atlantic Ocean, Ocean Ridge, FL, US",26.54443822,-80.04305712,United States,Not Juvenile
102481495.0,Sat Dec 04 2021 14:04:23 GMT-0500 (EST),2021-12-04,https://www.inaturalist.org/observations/102481495,https://static.inaturalist.org/photos/171320872/medium.jpg,"North Atlantic Ocean, FL, US",26.466945,-80.05643333,United States,Not Juvenile
102485269.0,Sat Dec 04 2021 14:52:32 GMT-0500 (EST),2021-12-04,https://www.inaturalist.org/observations/102485269,https://static.inaturalist.org/photos/171328506/medium.jpg,"North Atlantic Ocean, FL, US",26.46691333,-80.05641117,United States,Not Juvenile
102491282.0,2019-11-29 00:00:00,2019-11-29,https://www.inaturalist.org/observations/102491282,https://static.inaturalist.org/photos/171340155/medium.jpeg,"Riviera Beach, FL 33404, USA",26.79199987,-80.03200002,United States,Not Juvenile
102491459.0,2019-11-30 00:00:00,2019-11-30,https://www.inaturalist.org/observations/102491459,https://static.inaturalist.org/photos/171340493/medium.jpeg,"Location: 26.795000, -80.032000",26.79499985,-80.03200002,United States,Not Juvenile
102494816.0,Sat Dec 04 2021 17:59:34 GMT-0500 (EST),2021-12-04,https://www.inaturalist.org/observations/102494816,https://inaturalist-open-data.s3.amazonaws.com/photos/171346847/medium.jpg,"Straits of Florida, FL, US",26.31239574,-80.07535197,United States,Juvenile
102508994.0,Fri Dec 03 2021 16:21:00 GMT-0500 (EST),2021-12-03,https://www.inaturalist.org/observations/102508994,https://inaturalist-open-data.s3.amazonaws.com/photos/171374697/medium.jpg,"Straits of Florida, Fort Lauderdale, FL, US",26.13428617,-80.1025555,United States,Not Juvenile
102510771.0,Fri Dec 03 2021 16:17:20 GMT-0500 (EST),2021-12-03,https://www.inaturalist.org/observations/102510771,https://inaturalist-open-data.s3.amazonaws.com/photos/171378138/medium.jpg,"Straits of Florida, FL, US",26.13408333,-80.10238617,United States,Not Juvenile
102895357.0,Sat Dec 11 2021 17:34:46 GMT-0500 (EST),2021-12-11,https://www.inaturalist.org/observations/102895357,https://inaturalist-open-data.s3.amazonaws.com/photos/172160028/medium.jpg,"Miami Beach, Miami Beach, FL, US",25.80165,-80.12422217,United States,Not Juvenile
102929270.0,Sun Dec 12 2021 09:52:21 GMT -0500 (EST),2021-12-12,https://www.inaturalist.org/observations/102929270,https://inaturalist-open-data.s3.amazonaws.com/photos/172163062/medium.jpeg,Marathon,24.74085236,-80.98064423,United States,Not Juvenile
103051071.0,Tue Dec 14 2021 11:27:20 GMT-0500 (EST),2021-12-14,https://www.inaturalist.org/observations/103051071,https://inaturalist-open-data.s3.amazonaws.com/photos/179532475/medium.jpg,"North Atlantic Ocean, FL, US",27.86891478,-80.44832001,United States,Not Juvenile
103110109.0,2021/12/15 10:09 AM HST,2021-12-15,https://www.inaturalist.org/observations/103110109,https://inaturalist-open-data.s3.amazonaws.com/photos/172502872/medium.jpg,"Martin County, FL, USA",27.21482784,-80.17437664,United States,Not Juvenile
103113654.0,2021-12-15 14:45:06,2021-12-15,https://www.inaturalist.org/observations/103113654,https://inaturalist-open-data.s3.amazonaws.com/photos/172509448/medium.jpeg,"Port Canaveral, FL 32920, USA",28.40753197,-80.58941797,United States,Not Juvenile
103130537.0,Sun Dec 12 2021 07:35:45 GMT-0500 (EST),2021-12-12,https://www.inaturalist.org/observations/103130537,https://static.inaturalist.org/photos/172541041/medium.jpg,"Key Biscayne, FL, US",25.68276167,-80.15528049999999,United States,Not Juvenile
103161250.0,Thu Dec 16 2021 15:24:10 GMT-0500 (EST),2021-12-16,https://www.inaturalist.org/observations/103161250,https://static.inaturalist.org/photos/172597308/medium.jpg,"North Atlantic Ocean, Ocean Ridge, FL, US",26.53280798,-80.04596215000001,United States,Not Juvenile
103163379.0,2021-12-16 16:09:52,2021-12-16,https://www.inaturalist.org/observations/103163379,https://static.inaturalist.org/photos/172601146/medium.jpeg,"Hollywood Beach, Hollywood, FL 33019, USA",26.02573366,-80.11446219,United States,Not Juvenile
103165816.0,2021-12-16 11:10:42,2021-12-16,https://www.inaturalist.org/observations/103165816,https://static.inaturalist.org/photos/172606232/medium.jpeg,"Brevard County, FL, USA",28.65008846,-80.67947119,United States,Not Juvenile
103173658.0,Thu Dec 16 2021 11:55:02 GMT-0500 (EST),2021-12-16,https://www.inaturalist.org/observations/103173658,https://inaturalist-open-data.s3.amazonaws.com/photos/172621021/medium.jpg,"North Atlantic Ocean, Cape Canaveral, FL, US",28.65625833,-80.63204167,United States,Not Juvenile
103207192.0,Fri Dec 17 2021 13:52:43 GMT -0500 (EST),2021-12-17,https://www.inaturalist.org/observations/103207192,https://inaturalist-open-data.s3.amazonaws.com/photos/172681947/medium.jpeg,Cocoa Beach,28.31898499,-80.60778809,United States,Not Juvenile
103250108.0,Sat Dec 18 2021 09:31:37 GMT-0500 (EST),2021-12-18,https://www.inaturalist.org/observations/103250108,https://static.inaturalist.org/photos/172759301/medium.jpg,"Jupiter Island, Jupiter, FL, US",26.96760741,-80.07969188,United States,Not Juvenile
103264149.0,Sat Dec 18 2021 14:23:07 GMT-0500 (EST),2021-12-18,https://www.inaturalist.org/observations/103264149,https://static.inaturalist.org/photos/172785755/medium.jpg,"Straits of Florida, Hollywood, FL, US",26.03841667,-80.11323617000001,United States,Not Juvenile
103315566.0,Sun Dec 19 2021 12:21:17 GMT-0500 (EST),2021-12-19,https://www.inaturalist.org/observations/103315566,https://inaturalist-open-data.s3.amazonaws.com/photos/172883827/medium.jpg,"Biscayne Bay, FL, US",25.61542167,-80.30505333,United States,Not Juvenile
103421824.0,Tue Dec 21 2021 11:48:41 GMT-0500 (EST),2021-12-21,https://www.inaturalist.org/observations/103421824,https://inaturalist-open-data.s3.amazonaws.com/photos/173087628/medium.jpg,"Canaveral National Seashore Florida, Oak Hill, FL, US",28.858405,-80.77632167,United States,Not Juvenile
103586928.0,2021-12-22 10:54:22,2021-12-22,https://www.inaturalist.org/observations/103586928,https://static.inaturalist.org/photos/173405931/medium.jpeg,"Islamorada, FL 33036, USA",24.86525417,-80.71545861,United States,Not Juvenile
103591597.0,Fri Dec 24 2021 13:17:20 GMT-0500 (EST),2021-12-24,https://www.inaturalist.org/observations/103591597,https://static.inaturalist.org/photos/173414440/medium.jpg,United States,26.32984753,-80.09538983,United States,Not Juvenile
103598875.0,Fri Dec 24 2021 15:38:32 GMT-0500 (EST),2021-12-24,https://www.inaturalist.org/observations/103598875,https://static.inaturalist.org/photos/173431920/medium.jpg,"North Atlantic Ocean, Boca Raton, FL, US",26.36238178,-80.06811119,United States,Not Juvenile
103652887.0,Sat Dec 25 2021 10:18:13 GMT-0500 (EST),2021-12-25,https://www.inaturalist.org/observations/103652887,https://static.inaturalist.org/photos/173531239/medium.jpg,"Peanut Island Park, Riviera Beach, FL, US",26.77241333,-80.04390833000001,United States,Not Juvenile
103677097.0,2021-12-25 12:27:53,2021-12-25,https://www.inaturalist.org/observations/103677097,https://inaturalist-open-data.s3.amazonaws.com/photos/173577263/medium.jpg,"Boynton Beach Inlet, FL, USA",26.544538,-80.042867,United States,Not Juvenile
103716505.0,2019/12/30 10:46 AM EST,2019-12-30,https://www.inaturalist.org/observations/103716505,https://inaturalist-open-data.s3.amazonaws.com/photos/173650389/medium.jpg,"Riviera Beach, FL, USA",26.78265472,-80.04116147,United States,Not Juvenile
103725122.0,Sun Dec 26 2021 15:14:47 GMT-0500 (EST),2021-12-26,https://www.inaturalist.org/observations/103725122,https://inaturalist-open-data.s3.amazonaws.com/photos/173667818/medium.jpg,"Lignumvitae Channel, FL, US",24.88462297,-80.68938759,United States,Not Juvenile
103727485.0,Sun Dec 26 2021 16:56:46 GMT -0500 (EST),2021-12-26,https://www.inaturalist.org/observations/103727485,https://static.inaturalist.org/photos/173671981/medium.jpeg,Broward County,26.10037994,-80.10432434,United States,Not Juvenile
103767221.0,Mon Dec 27 2021 13:39:47 GMT-0500 (EST),2021-12-27,https://www.inaturalist.org/observations/103767221,https://inaturalist-open-data.s3.amazonaws.com/photos/174296587/medium.jpg,"South Beach, Miami Beach, FL, US",25.7866515,-80.1276116,United States,Juvenile
103830325.0,Tue Dec 28 2021 10:42:32 GMT-0500 (EST),2021-12-28,https://www.inaturalist.org/observations/103830325,https://inaturalist-open-data.s3.amazonaws.com/photos/173876463/medium.jpg,"Straits of Florida, FL, US",25.715595,-80.14856667000001,United States,Not Juvenile
103959869.0,Thu Dec 30 2021 09:30:16 GMT -0500 (EST),2021-12-30,https://www.inaturalist.org/observations/103959869,https://inaturalist-open-data.s3.amazonaws.com/photos/174122792/medium.jpeg,Miami Beach,25.86005211,-80.11886597,United States,Not Juvenile
103981960.0,Thu Dec 30 2021 06:56:54 GMT-0500 (EST),2021-12-30,https://www.inaturalist.org/observations/103981960,https://inaturalist-open-data.s3.amazonaws.com/photos/174163590/medium.jpg,"Straits of Florida, Miami Beach, FL, US",25.81724167,-80.12061949999999,United States,Not Juvenile
104029243.0,2021-12-31 08:44:50,2021-12-31,https://www.inaturalist.org/observations/104029243,https://inaturalist-open-data.s3.amazonaws.com/photos/174253097/medium.jpeg,"Delray Beach, FL 33483, USA",26.49869404,-80.05203056,United States,Not Juvenile
104128573.0,2022-01-01 15:37:00,2022-01-01,https://www.inaturalist.org/observations/104128573,https://inaturalist-open-data.s3.amazonaws.com/photos/174443731/medium.jpeg,"Delray Beach, FL 33483, USA",26.50020374,-80.05191408,United States,Not Juvenile
104129867.0,2021/12/31 6:02 PM EST,2021-12-31,https://www.inaturalist.org/observations/104129867,https://inaturalist-open-data.s3.amazonaws.com/photos/174445825/medium.jpeg,"Palm Beach Shores, FL 33404, USA",26.78084041,-80.03205055000001,United States,Not Juvenile
104142518.0,Sat Jan 01 2022 15:18:55 GMT-0500 (EST),2022-01-01,https://www.inaturalist.org/observations/104142518,https://inaturalist-open-data.s3.amazonaws.com/photos/174473100/medium.jpg,"Deering Estate, Palmetto Bay, FL, US",25.61516167,-80.30547167,United States,Uncertain
104209822.0,2022/01/02 10:45 AM EST,2022-01-02,https://www.inaturalist.org/observations/104209822,https://inaturalist-open-data.s3.amazonaws.com/photos/174586792/medium.jpg,"Dare County, NC, USA",35.22974079,-75.54910259,United States,Not Juvenile
104233282.0,2022-01-02 10:36:29,2022-01-02,https://www.inaturalist.org/observations/104233282,https://static.inaturalist.org/photos/174624789/medium.jpeg,"Boca Raton, FL 33431, USA",26.36571094,-80.06805042,United States,Not Juvenile
104374650.0,2022/01/03 3:30 PM PST,2022-01-03,https://www.inaturalist.org/observations/104374650,https://inaturalist-open-data.s3.amazonaws.com/photos/174867399/medium.jpeg,"Miami-Dade, Florida, United States",25.67901111,-80.25782778,United States,Not Juvenile
104384032.0,Tue Jan 04 2022 16:40:43 GMT-0500 (EST),2022-01-04,https://www.inaturalist.org/observations/104384032,https://static.inaturalist.org/photos/174893888/medium.jpg,"Straits of Florida, FL, US",26.31601029,-80.07498314,United States,Not Juvenile
104427342.0,Wed Jan 05 2022 16:15:44 GMT-0500 (EST),2022-01-05,https://www.inaturalist.org/observations/104427342,https://inaturalist-open-data.s3.amazonaws.com/photos/174976468/medium.jpg,"Singer Island, Jupiter, FL, US",26.90269167,-80.06048617,United States,Uncertain
104486131.0,2022/01/04 1:33 AM EST,2022-01-04,https://www.inaturalist.org/observations/104486131,https://inaturalist-open-data.s3.amazonaws.com/photos/175083389/medium.jpeg,"Dare County, NC, USA",35.23313205,-75.59591828,United States,Not Juvenile
104553251.0,2022/01/03 4:29 PM EST,2022-01-03,https://www.inaturalist.org/observations/104553251,https://inaturalist-open-data.s3.amazonaws.com/photos/175214901/medium.jpeg,"Coral Gables, FL, USA",25.67903957,-80.25791597,United States,Not Juvenile
104582721.0,2022-01-08 11:51:51,2022-01-08,https://www.inaturalist.org/observations/104582721,https://inaturalist-open-data.s3.amazonaws.com/photos/175271067/medium.jpeg,"Juno Beach, FL 33408, USA",26.88567825,-80.05406101,United States,Not Juvenile
104651737.0,Sun Jan 09 2022 09:42:21 GMT-0500 (EST),2022-01-09,https://www.inaturalist.org/observations/104651737,https://static.inaturalist.org/photos/175401715/medium.jpg,"SR-A1A, FL, US",28.11780833,-80.573805,United States,Not Juvenile
104657693.0,Sun Jan 09 2022 13:50:51 GMT-0500 (EST),2022-01-09,https://www.inaturalist.org/observations/104657693,https://inaturalist-open-data.s3.amazonaws.com/photos/175413639/medium.jpg,"Red Reef Park, Boca Raton, FL, US",26.36309667,-80.0693055,United States,Not Juvenile
104665455.0,Sun Jan 09 2022 14:59:51 GMT-0500 (EST),2022-01-09,https://www.inaturalist.org/observations/104665455,https://inaturalist-open-data.s3.amazonaws.com/photos/175427656/medium.jpg,"North Atlantic Ocean, FL, US",27.63670833,-80.35081333000001,United States,Not Juvenile
104672333.0,Sun Jan 09 2022 16:42:28 GMT-0500 (EST),2022-01-09,https://www.inaturalist.org/observations/104672333,https://inaturalist-open-data.s3.amazonaws.com/photos/175440525/medium.jpg,"North Atlantic Ocean, Jupiter, FL, US",26.89842167,-80.05788333,United States,Not Juvenile
104673267.0,Sun Jan 09 2022 17:44:36 GMT-0500 (EST),2022-01-09,https://www.inaturalist.org/observations/104673267,https://inaturalist-open-data.s3.amazonaws.com/photos/175442143/medium.jpg,"North Atlantic Ocean, Vero Beach, FL, US",27.75210833,-80.38980000000001,United States,Not Juvenile
104759489.0,Tue Oct 09 2018 09:22:14 GMT-0400 (EDT),2018-10-09,https://www.inaturalist.org/observations/104759489,https://static.inaturalist.org/photos/175610392/medium.jpg,"Long Beach Island, Long Beach Township, NJ, US",39.53267833,-74.26064167,United States,Not Juvenile
104781404.0,2022-01-11 13:28:46,2022-01-11,https://www.inaturalist.org/observations/104781404,https://inaturalist-open-data.s3.amazonaws.com/photos/175651209/medium.jpeg,"A1a & Mcclellan St, Hollywood, FL 33019, USA",26.0424385,-80.1130898,United States,Not Juvenile
104812485.0,Wed Jan 12 2022 09:38:33 GMT-0500 (EST),2022-01-12,https://www.inaturalist.org/observations/104812485,https://static.inaturalist.org/photos/175710237/medium.jpg,"North Atlantic Ocean, FL, US",28.110255499999997,-80.57134167,United States,Not Juvenile
104825644.0,2021-12-25 12:15:30,2021-12-25,https://www.inaturalist.org/observations/104825644,https://inaturalist-open-data.s3.amazonaws.com/photos/175735030/medium.jpeg,"Jupiter, FL, USA",26.9075884,-80.0612324,United States,Not Juvenile
104868132.0,Thu Jan 13 2022 10:34:27 GMT-0500 (EST),2022-01-13,https://www.inaturalist.org/observations/104868132,https://inaturalist-open-data.s3.amazonaws.com/photos/175816708/medium.jpg,"North Atlantic Ocean, Jupiter, FL, US",26.937125,-80.0691445,United States,Not Juvenile
105136062.0,Wed Jan 12 2022 17:10:38 GMT-0600 (CST),2022-01-12,https://www.inaturalist.org/observations/105136062,https://inaturalist-open-data.s3.amazonaws.com/photos/176333967/medium.jpg,"S Ocean Blvd, Lake Worth, FL, US",26.61354167,-80.03662783,United States,Not Juvenile
105168296.0,2022-01-09 17:04:05,2022-01-09,https://www.inaturalist.org/observations/105168296,https://inaturalist-open-data.s3.amazonaws.com/photos/176396062/medium.jpeg,"A1a & Las Olas Blvd, Fort Lauderdale, FL 33304, USA",26.12029773,-80.10377526,United States,Not Juvenile
105278936.0,Thu Jan 20 2022 15:38:33 GMT-0500 (EST),2022-01-20,https://www.inaturalist.org/observations/105278936,https://inaturalist-open-data.s3.amazonaws.com/photos/176607869/medium.jpg,"North Atlantic Ocean, Boca Raton, FL, US",26.39079667,-80.0659555,United States,Not Juvenile
105281719.0,Thu Jan 20 2022 16:03:25 GMT-0500 (EST),2022-01-20,https://www.inaturalist.org/observations/105281719,https://static.inaturalist.org/photos/177359571/medium.jpg,"North Atlantic Ocean, Palm Beach, FL, US",26.6066994,-80.03658054,United States,Not Juvenile
105314164.0,2022-01-21 10:22:03,2022-01-21,https://www.inaturalist.org/observations/105314164,https://inaturalist-open-data.s3.amazonaws.com/photos/176688678/medium.jpeg,Dr. Von D. Mizell-Eula Johnson State Park,26.08770676,-80.10951117,United States,Uncertain
105325876.0,Fri Jan 21 2022 15:11:44 GMT-0500 (EST),2022-01-21,https://www.inaturalist.org/observations/105325876,https://inaturalist-open-data.s3.amazonaws.com/photos/185735557/medium.jpg,"North Atlantic Ocean, Boca Raton, FL, US",26.35201238,-80.06904427,United States,Not Juvenile
105331667.0,2022/01/14 5:22 PM EST,2022-01-14,https://www.inaturalist.org/observations/105331667,https://inaturalist-open-data.s3.amazonaws.com/photos/176709006/medium.jpeg,"Coronado Beach, New Smyrna Beach, FL 32169, USA",29.02108,-80.88505833,United States,Not Juvenile
105361723.0,Thu Jan 20 2022 15:36:21 GMT-0500 (EST),2022-01-20,https://www.inaturalist.org/observations/105361723,https://inaturalist-open-data.s3.amazonaws.com/photos/176767310/medium.jpg,"Straits of Florida, Hallandale Beach, FL, US",25.97803833,-80.11799717,United States,Not Juvenile
105427457.0,2022-01-22 16:52:55,2022-01-22,https://www.inaturalist.org/observations/105427457,https://static.inaturalist.org/photos/176889725/medium.jpeg,"Riviera Beach, FL, USA",26.79747813,-80.03188401,United States,Not Juvenile
105522736.0,Wed Jan 12 2022 14:20:35 GMT-0500 (EST),2022-01-12,https://www.inaturalist.org/observations/105522736,https://static.inaturalist.org/photos/177071489/medium.jpg,"North Hutchinson Island, Vero Beach, FL, US",27.763705,-80.39690333,United States,Not Juvenile
105646661.0,2022-01-03 09:35:35,2022-01-03,https://www.inaturalist.org/observations/105646661,https://inaturalist-open-data.s3.amazonaws.com/photos/177305879/medium.jpeg,"Islamorada, FL, USA",24.84866156,-80.7408341,United States,Not Juvenile
105662118.0,Sat Dec 04 2021 16:35:08 GMT-0500 (EST),2021-12-04,https://www.inaturalist.org/observations/105662118,https://inaturalist-open-data.s3.amazonaws.com/photos/177335601/medium.jpg,"Crandon Park, Key Biscayne, FL, US",25.71343667,-80.15104717,United States,Not Juvenile
105673039.0,Thu Jan 27 2022 11:31:56 GMT-0500 (EST),2022-01-27,https://www.inaturalist.org/observations/105673039,https://static.inaturalist.org/photos/177355949/medium.jpg,"North Atlantic Ocean, Cape Canaveral, FL, US",28.66983667,-80.64168667,United States,Not Juvenile
105695739.0,Thu Jan 14 2021 17:46:00 GMT-0500 (EST),2021-01-14,https://www.inaturalist.org/observations/105695739,https://inaturalist-open-data.s3.amazonaws.com/photos/177398494/medium.jpg,"S Ocean Blvd, Palm Beach, FL, US",26.67444458,-80.03716519,United States,Juvenile
105982167.0,Tue Feb 01 2022 15:50:19 GMT -0500 (EST),2022-02-01,https://www.inaturalist.org/observations/105982167,https://inaturalist-open-data.s3.amazonaws.com/photos/177947786/medium.jpeg,Riviera Beach,26.79725838,-80.03208923,United States,Not Juvenile
105999013.0,2021/03/07 5:52 PM UTC,2021-03-07,https://www.inaturalist.org/observations/105999013,https://inaturalist-open-data.s3.amazonaws.com/photos/177965574/medium.jpg,"Unnamed Road, Key Biscayne, FL 33149, USA",25.70263095,-80.15473108,United States,Not Juvenile
106023984.0,2022-02-02 11:23:50,2022-02-02,https://www.inaturalist.org/observations/106023984,https://static.inaturalist.org/photos/178025502/medium.jpeg,"Key Biscayne, FL 33149, USA",25.75109668,-80.14613825,United States,Not Juvenile
106024035.0,2022-02-02 11:24:48-05:00,2022-02-02,https://www.inaturalist.org/observations/106024035,https://inaturalist-open-data.s3.amazonaws.com/photos/258209998/medium.jpg,"North Atlantic Ocean, North Palm Beach, FL, US",26.82174901,-80.03771807,United States,Not Juvenile
106024182.0,Wed Feb 02 2022 09:14:54 GMT-0500 (EST),2022-02-02,https://www.inaturalist.org/observations/106024182,https://inaturalist-open-data.s3.amazonaws.com/photos/178025867/medium.jpg,"Collins Ave, Miami Beach, FL, US",25.836745,-80.12001667,United States,Not Juvenile
106046643.0,2019/05/09 10:19 AM UTC,2019-05-09,https://www.inaturalist.org/observations/106046643,https://inaturalist-open-data.s3.amazonaws.com/photos/178067424/medium.jpeg,"North Myrtle Beach, SC, USA",33.819980460000004,-78.68797189,United States,Not Juvenile
106050545.0,2022-02-02 17:24:46,2022-02-02,https://www.inaturalist.org/observations/106050545,https://static.inaturalist.org/photos/178074993/medium.jpeg,"Vero Beach, FL, USA",27.63389181,-80.35209183,United States,Not Juvenile
106076113.0,Sun Jan 09 2022 15:37:22 GMT-0500 (EST),2022-01-09,https://www.inaturalist.org/observations/106076113,https://static.inaturalist.org/photos/178125971/medium.jpg,"Indian River County, US-FL, US",27.66047405,-80.35753772,United States,Not Juvenile
106119716.0,Sun Nov 21 2021 13:26:00 GMT-0500 (EST),2021-11-21,https://www.inaturalist.org/observations/106119716,https://inaturalist-open-data.s3.amazonaws.com/photos/178209236/medium.jpg,"Lower Matecumbe Key, Islamorada, FL, US",24.847545,-80.74249167,United States,Not Juvenile
106121653.0,Fri Feb 04 2022 09:53:19 GMT-0500 (EST),2022-02-04,https://www.inaturalist.org/observations/106121653,https://inaturalist-open-data.s3.amazonaws.com/photos/178212931/medium.jpg,"Miami Beach, Miami Beach, FL, US",25.84893667,-80.11888883,United States,Not Juvenile
106125082.0,2022-02-04 11:20:28,2022-02-04,https://www.inaturalist.org/observations/106125082,https://static.inaturalist.org/photos/178219230/medium.jpeg,"Dania Beach, FL 33004, USA",26.08446577,-80.10935996,United States,Not Juvenile
106127851.0,Wed Feb 02 2022 09:39:22 GMT-0500 (EST),2022-02-02,https://www.inaturalist.org/observations/106127851,https://inaturalist-open-data.s3.amazonaws.com/photos/178224917/medium.jpg,"Virginia Key, Miami, FL, US",25.75111167,-80.14613333,United States,Not Juvenile
106151874.0,Wed Feb 02 2022 10:10:23 GMT-0700 (MST),2022-02-02,https://www.inaturalist.org/observations/106151874,https://static.inaturalist.org/photos/178269762/medium.jpg,"Bill Baggs Cape Florida State Park, Key Biscayne, FL, US",25.68257167,-80.15559449999999,United States,Not Juvenile
106156630.0,2022-02-04 16:38:00,2022-02-04,https://www.inaturalist.org/observations/106156630,https://static.inaturalist.org/photos/178279265/medium.jpeg,"Brickell Av & SE 12 St, Miami, FL 33131, USA",25.76189988,-80.19179028,United States,Juvenile
106172942.0,Sat Feb 05 2022 09:20:13 GMT -0500 (EST),2022-02-05,https://www.inaturalist.org/observations/106172942,https://static.inaturalist.org/photos/178311924/medium.jpeg,Fort Lauderdale,26.13645554,-80.10259247,United States,Not Juvenile
106212776.0,Wed Feb 02 2022 11:23:30 GMT-0500 (EST),2022-02-02,https://www.inaturalist.org/observations/106212776,https://inaturalist-open-data.s3.amazonaws.com/photos/178387734/medium.jpg,"Virginia Key, Miami, FL, US",25.75121224,-80.14636792,United States,Not Juvenile
106257259.0,Sat Feb 05 2022 10:19:16 GMT-0500 (EST),2022-02-05,https://www.inaturalist.org/observations/106257259,https://inaturalist-open-data.s3.amazonaws.com/photos/178468886/medium.jpg,"Virginia Key, Key Biscayne, FL, US",25.733600000000003,-80.16236117,United States,Not Juvenile
106262865.0,Sun Feb 06 2022 15:14:10 GMT-0500 (EST),2022-02-06,https://www.inaturalist.org/observations/106262865,https://static.inaturalist.org/photos/178479489/medium.jpg,"North Atlantic Ocean, FL, US",28.11775364,-80.57367708,United States,Not Juvenile
106270018.0,2022-02-06 00:42:03,2022-02-06,https://www.inaturalist.org/observations/106270018,https://inaturalist-open-data.s3.amazonaws.com/photos/178492460/medium.jpeg,"Broward County, US-FL, US",26.0704335,-80.1105443,United States,Not Juvenile
106378981.0,2022-02-06 17:46:28,2022-02-06,https://www.inaturalist.org/observations/106378981,https://static.inaturalist.org/photos/178690432/medium.jpeg,"Key Biscayne, FL 33149, USA",25.734763599999997,-80.1583832,United States,Not Juvenile
106382848.0,Fri Feb 04 2022 19:52:14 GMT-0500 (EST),2022-02-04,https://www.inaturalist.org/observations/106382848,https://static.inaturalist.org/photos/178697668/medium.jpg,"Miami Beach, Miami Beach, FL, US",25.83068833,-80.119475,United States,Juvenile
106471331.0,Wed Feb 09 2022 21:43:46 GMT-0500 (EST),2022-02-09,https://www.inaturalist.org/observations/106471331,https://inaturalist-open-data.s3.amazonaws.com/photos/178907084/medium.jpg,"North Atlantic Ocean, Jupiter, FL, US",26.90324854,-80.05945251,United States,Not Juvenile
106546387.0,Thu Feb 10 2022 10:54:53 GMT-0500 (EST),2022-02-10,https://www.inaturalist.org/observations/106546387,https://inaturalist-open-data.s3.amazonaws.com/photos/179004033/medium.jpg,"North Hutchinson Island, FL, US",27.47843833,-80.29242833,United States,Not Juvenile
106551419.0,Fri Feb 11 2022 09:57:01 GMT-0500 (EST),2022-02-11,https://www.inaturalist.org/observations/106551419,https://inaturalist-open-data.s3.amazonaws.com/photos/179014024/medium.jpg,"North Atlantic Ocean, FL, US",28.27910465,-80.60553168,United States,Not Juvenile
106551462.0,Fri Feb 11 2022 09:58:08 GMT-0500 (EST),2022-02-11,https://www.inaturalist.org/observations/106551462,https://inaturalist-open-data.s3.amazonaws.com/photos/179014136/medium.jpg,"North Atlantic Ocean, FL, US",28.27979776,-80.60558476,United States,Not Juvenile
106552282.0,2022-02-11 10:12:48,2022-02-11,https://www.inaturalist.org/observations/106552282,https://static.inaturalist.org/photos/179015582/medium.jpeg,"Boca Raton, FL, USA",26.36691064,-80.06770474,United States,Not Juvenile
106561894.0,Fri Feb 11 2022 13:52:06 GMT-0500 (EST),2022-02-11,https://www.inaturalist.org/observations/106561894,https://static.inaturalist.org/photos/179034315/medium.jpg,"Sams Ave, New Smyrna Beach, FL, US",29.026840999999997,-80.922821,United States,Not Juvenile
106575277.0,Fri Feb 11 2022 17:10:00 GMT-0500 (EST),2022-02-11,https://www.inaturalist.org/observations/106575277,https://inaturalist-open-data.s3.amazonaws.com/photos/179060257/medium.jpg,"Merritt Island, New Smyrna Beach, FL, US",28.96068661,-80.84658915,United States,Not Juvenile
106581389.0,2022-02-11 13:04:58,2022-02-11,https://www.inaturalist.org/observations/106581389,https://inaturalist-open-data.s3.amazonaws.com/photos/179071613/medium.jpeg,"Vero Beach, FL, USA",27.6579756,-80.3566342,United States,Not Juvenile
106618572.0,Sat Feb 12 2022 06:55:58 GMT-0500 (EST),2022-02-12,https://www.inaturalist.org/observations/106618572,https://inaturalist-open-data.s3.amazonaws.com/photos/179142144/medium.jpg,"Straits of Florida, FL, US",25.79258,-80.12621383,United States,Not Juvenile
106635141.0,Tue Dec 28 2021 11:41:22 GMT-0500 (EST),2021-12-28,https://www.inaturalist.org/observations/106635141,https://static.inaturalist.org/photos/179172815/medium.jpg,"Royal Palm Island, Hollywood, FL, US",26.07509167,-80.11,United States,Not Juvenile
106687931.0,Sun Feb 13 2022 12:35:47 GMT-0500 (EST),2022-02-13,https://www.inaturalist.org/observations/106687931,https://inaturalist-open-data.s3.amazonaws.com/photos/179276636/medium.jpg,"Bay Dr, Pompano Beach, FL, US",26.25514715,-80.08379783,United States,Not Juvenile
106700411.0,Sun Feb 13 2022 15:48:20 GMT-0500 (EST),2022-02-13,https://www.inaturalist.org/observations/106700411,https://inaturalist-open-data.s3.amazonaws.com/photos/179376992/medium.jpg,"Straits of Florida, FL, US",25.77153728,-80.1299978,United States,Not Juvenile
106754895.0,2022-02-14 13:50:30,2022-02-14,https://www.inaturalist.org/observations/106754895,https://inaturalist-open-data.s3.amazonaws.com/photos/179406362/medium.jpeg,"Daytona Beach Shores, FL 32118, USA",29.15867485,-80.97199861,United States,Not Juvenile
106758407.0,2022-02-14 12:30:01,2022-02-14,https://www.inaturalist.org/observations/106758407,https://inaturalist-open-data.s3.amazonaws.com/photos/179412631/medium.jpeg,"Volusia County, FL, USA",29.1581554,-80.97145538,United States,Not Juvenile
106758449.0,2022-02-14 12:38:33,2022-02-14,https://www.inaturalist.org/observations/106758449,https://inaturalist-open-data.s3.amazonaws.com/photos/179412653/medium.jpeg,"3180 S. Atlantic Ob, Daytona Beach Shores, FL 32118, USA",29.162329099999997,-80.9738847,United States,Not Juvenile
106793950.0,Tue Feb 15 2022 07:25:17 GMT -0500 (EST),2022-02-15,https://www.inaturalist.org/observations/106793950,https://inaturalist-open-data.s3.amazonaws.com/photos/180381342/medium.jpg,Miami-Dade County,25.78341293,-80.12779236,United States,Not Juvenile
106795223.0,Tue Feb 15 2022 08:06:20 GMT-0500 (EST),2022-02-15,https://www.inaturalist.org/observations/106795223,https://inaturalist-open-data.s3.amazonaws.com/photos/179484332/medium.jpg,"New Smyrna Beach, New Smyrna Beach, FL, US",29.02760937,-80.88886703,United States,Not Juvenile
106799445.0,Tue Feb 15 2022 10:01:38 GMT-0500 (EST),2022-02-15,https://www.inaturalist.org/observations/106799445,https://inaturalist-open-data.s3.amazonaws.com/photos/179497017/medium.jpg,"Hutchinson Island, Stuart, FL, US",27.25239099,-80.19470651,United States,Not Juvenile
106801639.0,2022-02-15 09:54:55,2022-02-15,https://www.inaturalist.org/observations/106801639,https://inaturalist-open-data.s3.amazonaws.com/photos/179497203/medium.jpeg,"Vero Beach, FL, USA",27.65340797,-80.35518997,United States,Uncertain
106812789.0,2022-02-15 14:39:23,2022-02-15,https://www.inaturalist.org/observations/106812789,https://static.inaturalist.org/photos/179545043/medium.jpeg,"Melbourne, FL 32951, USA",27.8666119,-80.44989221,United States,Not Juvenile
106822479.0,Tue Feb 15 2022 17:29:01 GMT-0500 (EST),2022-02-15,https://www.inaturalist.org/observations/106822479,https://inaturalist-open-data.s3.amazonaws.com/photos/197173162/medium.jpg,"Straits of Florida, Hollywood, FL, US",25.99409474,-80.11673561,United States,Not Juvenile
106830134.0,2022/02/15 11:31 AM EST,2022-02-15,https://www.inaturalist.org/observations/106830134,https://inaturalist-open-data.s3.amazonaws.com/photos/179549917/medium.jpg,"9700 S Hwy A1A, Melbourne Beach, FL 32951, USA",27.852210000000003,-80.44795,United States,Not Juvenile
106833089.0,Tue Feb 15 2022 12:16:47 GMT-0500 (EST),2022-02-15,https://www.inaturalist.org/observations/106833089,https://inaturalist-open-data.s3.amazonaws.com/photos/179555487/medium.jpg,"Merritt Island, FL, US",28.86298833,-80.77896167,United States,Not Juvenile
106856664.0,Wed Feb 16 2022 08:56:42 GMT-0500 (EST),2022-02-16,https://www.inaturalist.org/observations/106856664,https://inaturalist-open-data.s3.amazonaws.com/photos/179600420/medium.jpg,"S Ocean Blvd, Lake Worth Beach, FL, US",26.61350008,-80.03658794,United States,Not Juvenile
106858738.0,Wed Feb 16 2022 09:38:04 GMT -0500 (EST),2022-02-16,https://www.inaturalist.org/observations/106858738,https://inaturalist-open-data.s3.amazonaws.com/photos/179604167/medium.jpeg,Cape Canaveral,28.38936234,-80.59638977,United States,Not Juvenile
106859236.0,2022-02-16 09:32:21,2022-02-16,https://www.inaturalist.org/observations/106859236,https://inaturalist-open-data.s3.amazonaws.com/photos/179605538/medium.jpeg,"Riviera Beach, FL 33404, USA",26.763316099999997,-80.05079599999999,United States,Not Juvenile
106873022.0,Wed Feb 16 2022 14:37:30 GMT -0500 (EST),2022-02-16,https://www.inaturalist.org/observations/106873022,https://static.inaturalist.org/photos/179632562/medium.jpeg,Monroe County,24.74036598,-80.98073578,United States,Not Juvenile
106879096.0,2022/02/11 9:26 AM EST,2022-02-11,https://www.inaturalist.org/observations/106879096,https://inaturalist-open-data.s3.amazonaws.com/photos/179643835/medium.jpg,"Sewall's Point, FL 34996, USA",27.1994926,-80.2022684,United States,Not Juvenile
106880203.0,2022/02/11 4:27 PM EST,2022-02-11,https://www.inaturalist.org/observations/106880203,https://inaturalist-open-data.s3.amazonaws.com/photos/179646175/medium.jpg,"Sewall's Point, FL 34996, USA",27.1994926,-80.2022684,United States,Not Juvenile
106888571.0,2022-02-16 16:35:20,2022-02-16,https://www.inaturalist.org/observations/106888571,https://inaturalist-open-data.s3.amazonaws.com/photos/179663064/medium.jpeg,"Volusia County, FL, USA",29.047547,-80.89944597,United States,Not Juvenile
106918518.0,Thu Feb 17 2022 09:50:58 GMT-0500 (EST),2022-02-17,https://www.inaturalist.org/observations/106918518,https://static.inaturalist.org/photos/179718875/medium.jpg,"S Ocean Blvd, Lake Worth Beach, FL, US",26.61341362,-80.03654684,United States,Not Juvenile
106977511.0,2022-02-18 00:00:00,2022-02-18,https://www.inaturalist.org/observations/106977511,https://static.inaturalist.org/photos/179830590/medium.jpeg,"Cocoa Beach, FL 32931, USA",28.32805556,-80.60666667,United States,Not Juvenile
106982095.0,Thu Feb 17 2022 17:06:20 GMT-0500 (EST),2022-02-17,https://www.inaturalist.org/observations/106982095,https://static.inaturalist.org/photos/179840291/medium.jpg,"Straits of Florida, FL, US",25.8021587,-80.12262009,United States,Uncertain
106985055.0,Fri Feb 18 2022 13:30:17 GMT-0500 (EST),2022-02-18,https://www.inaturalist.org/observations/106985055,https://static.inaturalist.org/photos/179845738/medium.jpg,"Biscayne Bay, Miami, FL, US",25.77926862,-80.18612067000001,United States,Not Juvenile
106998177.0,Thu Feb 17 2022 15:30:55 GMT-0500 (EST),2022-02-17,https://www.inaturalist.org/observations/106998177,https://inaturalist-open-data.s3.amazonaws.com/photos/179870707/medium.jpg,"Pigeon Key, FL, US",24.70349167,-81.15480833000001,United States,Juvenile
107039094.0,Fri Feb 18 2022 14:07:29 GMT-0500 (EST),2022-02-18,https://www.inaturalist.org/observations/107039094,https://inaturalist-open-data.s3.amazonaws.com/photos/179946948/medium.jpg,"North Atlantic Ocean, Boca Raton, FL, US",26.362745,-80.06810833,United States,Uncertain
107075357.0,Thu Dec 31 2020 09:29:23 GMT-0500 (EST),2020-12-31,https://www.inaturalist.org/observations/107075357,https://inaturalist-open-data.s3.amazonaws.com/photos/180016752/medium.jpg,"E Newport Center Dr, Deerfield Beach, FL, US",26.301211,-80.122334,United States,Uncertain
107108437.0,Sun Feb 20 2022 09:39:10 GMT-0500 (EST),2022-02-20,https://www.inaturalist.org/observations/107108437,https://inaturalist-open-data.s3.amazonaws.com/photos/180078993/medium.jpg,"S Ocean Blvd, Lauderdale-by-the-Sea, FL, US",26.21631982,-80.09038069,United States,Not Juvenile
107108499.0,Sun Feb 20 2022 08:40:18 GMT-0600 (CST),2022-02-20,https://www.inaturalist.org/observations/107108499,https://inaturalist-open-data.s3.amazonaws.com/photos/180079116/medium.jpg,"El Mar Dr, Lauderdale-by-the-Sea, FL, US",26.1961286,-80.09394069,United States,Not Juvenile
107114262.0,Sun Feb 20 2022 11:17:12 GMT-0500 (EST),2022-02-20,https://www.inaturalist.org/observations/107114262,https://static.inaturalist.org/photos/190676209/medium.jpg,"Hutchinson Island, Jensen Beach, FL, US",27.27178747,-80.20383624,United States,Not Juvenile
107134758.0,2022-02-17 15:17:20,2022-02-17,https://www.inaturalist.org/observations/107134758,https://inaturalist-open-data.s3.amazonaws.com/photos/180128002/medium.jpeg,"PT CANAVERAL, FL 32920, USA",28.40305497,-80.59112297,United States,Not Juvenile
107136972.0,Sun Feb 20 2022 16:30:06 GMT-0500 (EST),2022-02-20,https://www.inaturalist.org/observations/107136972,https://inaturalist-open-data.s3.amazonaws.com/photos/180131970/medium.jpg,"North Atlantic Ocean, Palm Beach, FL, US",26.72446718,-80.03436065,United States,Not Juvenile
107143080.0,Sun Feb 20 2022 16:11:47 GMT-0500 (EST),2022-02-20,https://www.inaturalist.org/observations/107143080,https://static.inaturalist.org/photos/180142897/medium.jpg,"North Atlantic Ocean, FL, US",28.12083567,-80.57462611,United States,Not Juvenile
107163764.0,Sun Feb 20 2022 13:54:51 GMT-0500 (EST),2022-02-20,https://www.inaturalist.org/observations/107163764,https://static.inaturalist.org/photos/180183261/medium.jpg,"Dr. Von D. Mizell-Eula Johnson State Park, Hollywood, FL, US",26.06508883,-80.11115283,United States,Not Juvenile
107163842.0,Sun Feb 20 2022 14:20:38 GMT-0500 (EST),2022-02-20,https://www.inaturalist.org/observations/107163842,https://static.inaturalist.org/photos/180183429/medium.jpg,"Straits of Florida, Hollywood, FL, US",26.06895,-80.1107555,United States,Not Juvenile
107165124.0,Sun Feb 13 2022 16:10:50 GMT-0600 (CST),2022-02-13,https://www.inaturalist.org/observations/107165124,https://static.inaturalist.org/photos/182052553/medium.jpg,"Straits of Florida, Hollywood, FL, US",26.06824888,-80.1107894,United States,Not Juvenile
107176837.0,Mon Feb 21 2022 06:52:57 GMT-0500 (EST),2022-02-21,https://www.inaturalist.org/observations/107176837,https://inaturalist-open-data.s3.amazonaws.com/photos/180209453/medium.jpg,"South Beach, FL, US",25.78466667,-80.12751667,United States,Not Juvenile
107180746.0,Mon Feb 21 2022 08:52:53 GMT-0500 (EST),2022-02-21,https://www.inaturalist.org/observations/107180746,https://inaturalist-open-data.s3.amazonaws.com/photos/180216673/medium.jpg,"Royal Palm Island, Sunny Isles Beach, FL, US",25.94883833,-80.1188445,United States,Not Juvenile
107181467.0,Mon Feb 21 2022 09:11:02 GMT -0500 (EST),2022-02-21,https://www.inaturalist.org/observations/107181467,https://inaturalist-open-data.s3.amazonaws.com/photos/180218034/medium.jpeg,Cape Canaveral,28.40159798,-80.59220123,United States,Not Juvenile
107184182.0,Mon Feb 21 2022 10:12:53 GMT-0500 (EST),2022-02-21,https://www.inaturalist.org/observations/107184182,https://inaturalist-open-data.s3.amazonaws.com/photos/180236196/medium.jpg,"Polk Ave, Cape Canaveral, FL, US",28.384665,-80.60504499999999,United States,Not Juvenile
107191496.0,2022-02-21 09:45:00,2022-02-21,https://www.inaturalist.org/observations/107191496,https://inaturalist-open-data.s3.amazonaws.com/photos/180235736/medium.jpeg,"Volusia County, FL, USA",29.14692782,-80.96499737,United States,Not Juvenile
107195985.0,Mon Feb 21 2022 13:31:18 GMT-0500 (EST),2022-02-21,https://www.inaturalist.org/observations/107195985,https://static.inaturalist.org/photos/180243712/medium.jpg,"Miami Beach, Miami Beach, FL, US",25.80162542,-80.12436584,United States,Not Juvenile
107207708.0,Mon Feb 21 2022 16:28:55 GMT -0500 (EST),2022-02-21,https://www.inaturalist.org/observations/107207708,https://inaturalist-open-data.s3.amazonaws.com/photos/180264605/medium.jpeg,Indialantic,28.09399796,-80.56636809999999,United States,Juvenile
107214026.0,Mon Feb 21 2022 17:50:50 GMT-0500 (EST),2022-02-21,https://www.inaturalist.org/observations/107214026,https://inaturalist-open-data.s3.amazonaws.com/photos/180276524/medium.jpg,"North Atlantic Ocean, FL, US",27.62668144,-80.34817278,United States,Not Juvenile
107229781.0,Thu Feb 17 2022 10:52:00 GMT-0500 (EST),2022-02-17,https://www.inaturalist.org/observations/107229781,https://inaturalist-open-data.s3.amazonaws.com/photos/180306162/medium.jpg,"Via Bethesda, Palm Beach, FL, US",26.71225833,-80.03325000000001,United States,Not Juvenile
107230686.0,Mon Feb 21 2022 10:46:08 GMT-0500 (EST),2022-02-21,https://www.inaturalist.org/observations/107230686,https://static.inaturalist.org/photos/180307668/medium.jpg,"Coco Plum Beach, Marathon, FL, US",24.728675,-81.00308888,United States,Not Juvenile
107258682.0,2022-02-22 11:27:22,2022-02-22,https://www.inaturalist.org/observations/107258682,https://static.inaturalist.org/photos/180360966/medium.jpeg,"Cape Hatteras National Seashore, Hyde County, US-NC, US",35.12344,-75.921165,United States,Not Juvenile
107259357.0,Sun Feb 13 2022 13:42:13 GMT-0500 (EST),2022-02-13,https://www.inaturalist.org/observations/107259357,https://inaturalist-open-data.s3.amazonaws.com/photos/180362155/medium.jpg,"Straits of Florida, FL, US",26.14756383,-80.10098333,United States,Not Juvenile
107272462.0,Sun Feb 20 2022 12:54:42 GMT-0500 (EST),2022-02-20,https://www.inaturalist.org/observations/107272462,https://static.inaturalist.org/photos/180386374/medium.jpg,"Key Biscayne, FL, US",25.669380000000004,-80.15367783,United States,Juvenile
107273429.0,Tue Feb 22 2022 15:34:43 GMT-0500 (EST),2022-02-22,https://www.inaturalist.org/observations/107273429,https://static.inaturalist.org/photos/180388165/medium.jpg,"North Atlantic Ocean, Satellite Beach, FL, US",28.16880763,-80.58732782,United States,Not Juvenile
107283002.0,Tue Feb 22 2022 17:45:49 GMT -0500 (EST),2022-02-22,https://www.inaturalist.org/observations/107283002,https://inaturalist-open-data.s3.amazonaws.com/photos/180406028/medium.jpeg,Miami Beach,25.83431625,-80.11943817,United States,Not Juvenile
107311107.0,2022-02-22 15:53:11,2022-02-22,https://www.inaturalist.org/observations/107311107,https://inaturalist-open-data.s3.amazonaws.com/photos/180459570/medium.jpeg,"Palm Beach, FL 33480, USA",26.71765997,-80.033433,United States,Juvenile
107314197.0,Sat Dec 21 2019 14:29:58 GMT-0500 (EST),2019-12-21,https://www.inaturalist.org/observations/107314197,https://inaturalist-open-data.s3.amazonaws.com/photos/180464641/medium.jpg,"N Atlantic Ave, Daytona Beach, FL, US",29.23306333,-81.01070278,United States,Not Juvenile
107314601.0,2022-02-21 03:33:00,2022-02-21,https://www.inaturalist.org/observations/107314601,https://inaturalist-open-data.s3.amazonaws.com/photos/180465185/medium.jpeg,"DAYT BCH SH, FL 32118, USA",29.22354724,-81.00506321,United States,Not Juvenile
107316936.0,Wed Feb 23 2022 10:32:37 GMT-0500 (EST),2022-02-23,https://www.inaturalist.org/observations/107316936,https://inaturalist-open-data.s3.amazonaws.com/photos/180469864/medium.jpg,"North Atlantic Ocean, Riviera Beach, FL, US",26.79761167,-80.03168617,United States,Not Juvenile
107328383.0,Wed Feb 23 2022 14:06:38 GMT-0500 (EST),2022-02-23,https://www.inaturalist.org/observations/107328383,https://static.inaturalist.org/photos/180490755/medium.jpg,"Merritt Island, Cape Canaveral, FL, US",28.656045,-80.63200333,United States,Not Juvenile
107328834.0,2022/02/23 11:03 AM EST,2022-02-23,https://www.inaturalist.org/observations/107328834,https://inaturalist-open-data.s3.amazonaws.com/photos/180491054/medium.jpeg,"Port Canaveral, FL 32920, USA",28.40854396,-80.58951965,United States,Not Juvenile
107339522.0,2022-02-23 13:13:00,2022-02-23,https://www.inaturalist.org/observations/107339522,https://static.inaturalist.org/photos/180510276/medium.jpeg,"Key Biscayne, FL 33149, USA",25.70100525,-80.15553318,United States,Not Juvenile
107381030.0,2022-02-24 12:40:47,2022-02-24,https://www.inaturalist.org/observations/107381030,https://static.inaturalist.org/photos/180590347/medium.jpeg,"South Beach, Miami Beach, FL 33139, USA",25.76634544,-80.13050046000001,United States,Not Juvenile
107383632.0,Thu Feb 24 2022 13:57:00 GMT-0500 (EST),2022-02-24,https://www.inaturalist.org/observations/107383632,https://inaturalist-open-data.s3.amazonaws.com/photos/180595317/medium.jpg,"S Fort Lauderdale Beach Blvd, Fort Lauderdale, FL, US",26.12051739,-80.10457708,United States,Not Juvenile
107387528.0,Thu Feb 24 2022 13:28:43 GMT-0500 (EST),2022-02-24,https://www.inaturalist.org/observations/107387528,https://static.inaturalist.org/photos/180602327/medium.jpg,"Merritt Island, Cape Canaveral, FL, US",28.65723333,-80.63288,United States,Not Juvenile
107421759.0,Fri Feb 25 2022 11:42:02 GMT-0500 (EST),2022-02-25,https://www.inaturalist.org/observations/107421759,https://inaturalist-open-data.s3.amazonaws.com/photos/180667594/medium.jpg,"North Atlantic Ocean, Manalapan, FL, US",26.54609667,-80.041825,United States,Not Juvenile
107429799.0,Fri Feb 25 2022 13:57:06 GMT-0500 (EST),2022-02-25,https://www.inaturalist.org/observations/107429799,https://inaturalist-open-data.s3.amazonaws.com/photos/180683221/medium.jpg,"Straits of Florida, Hollywood, FL, US",25.99444167,-80.11661667,United States,Not Juvenile
107475483.0,Sat Feb 26 2022 08:34:05 GMT-0500 (EST),2022-02-26,https://www.inaturalist.org/observations/107475483,https://inaturalist-open-data.s3.amazonaws.com/photos/180769514/medium.jpg,"Miami Beach, Miami Beach, FL, US",25.849695,-80.1188195,United States,Juvenile
107500876.0,Sat Feb 26 2022 15:10:49 GMT-0500 (EST),2022-02-26,https://www.inaturalist.org/observations/107500876,https://static.inaturalist.org/photos/180816034/medium.jpg,"North Atlantic Ocean, Juno Beach, FL, US",26.87228333,-80.049675,United States,Not Juvenile
107513870.0,Sat Feb 26 2022 17:02:21 GMT-0500 (EST),2022-02-26,https://www.inaturalist.org/observations/107513870,https://static.inaturalist.org/photos/180924958/medium.jpg,"Coco Plum Beach, Marathon, FL, US",24.72769667,-81.00530278000001,United States,Not Juvenile
107522353.0,Sat Feb 26 2022 18:35:53 GMT-0500 (EST),2022-02-26,https://www.inaturalist.org/observations/107522353,https://inaturalist-open-data.s3.amazonaws.com/photos/180856666/medium.jpg,"Straits of Florida, Hollywood, FL, US",26.02829528,-80.114081,United States,Juvenile
107550194.0,Sat Feb 26 2022 08:32:19 GMT-0500 (EST),2022-02-26,https://www.inaturalist.org/observations/107550194,https://inaturalist-open-data.s3.amazonaws.com/photos/180954127/medium.jpg,"Miami Beach, Miami Beach, FL, US",25.849195,-80.11888883,United States,Not Juvenile
107551511.0,Thu Feb 24 2022 09:10:29 GMT-0500 (EST),2022-02-24,https://www.inaturalist.org/observations/107551511,https://static.inaturalist.org/photos/180910402/medium.jpg,"Virginia Key, Miami, FL, US",25.73620568,-80.1538326,United States,Juvenile
107557214.0,2022-02-27 09:39:11,2022-02-27,https://www.inaturalist.org/observations/107557214,https://inaturalist-open-data.s3.amazonaws.com/photos/180921251/medium.jpeg,"Ocean Ridge, FL, USA",26.526776,-80.04695699999999,United States,Not Juvenile
107581548.0,2022-02-25 10:25:21,2022-02-25,https://www.inaturalist.org/observations/107581548,https://inaturalist-open-data.s3.amazonaws.com/photos/180966122/medium.jpeg,"Ocean Ridge, FL, USA",26.5244764,-80.0474607,United States,Not Juvenile
107589244.0,Sun Feb 27 2022 17:00:43 GMT-0500 (EST),2022-02-27,https://www.inaturalist.org/observations/107589244,https://inaturalist-open-data.s3.amazonaws.com/photos/180981785/medium.jpg,"N Ocean Blvd, Boca Raton, FL, US",26.37798174,-80.06738358,United States,Not Juvenile
107589479.0,Sun Feb 27 2022 17:03:11 GMT-0500 (EST),2022-02-27,https://www.inaturalist.org/observations/107589479,https://inaturalist-open-data.s3.amazonaws.com/photos/180982150/medium.jpg,"North Atlantic Ocean, Boca Raton, FL, US",26.37868424,-80.06648267,United States,Not Juvenile
107589637.0,Sun Feb 27 2022 17:04:52 GMT-0500 (EST),2022-02-27,https://www.inaturalist.org/observations/107589637,https://inaturalist-open-data.s3.amazonaws.com/photos/180982418/medium.jpg,"North Atlantic Ocean, Boca Raton, FL, US",26.37864451,-80.066454,United States,Not Juvenile
107591720.0,Sun Feb 27 2022 16:29:13 GMT-0500 (EST),2022-02-27,https://www.inaturalist.org/observations/107591720,https://static.inaturalist.org/photos/180986131/medium.jpg,"S Atlantic Ave, Ormond Beach, FL, US",29.279475,-81.03253883000001,United States,Not Juvenile
107607868.0,2022-02-25 08:48:09,2022-02-25,https://www.inaturalist.org/observations/107607868,https://inaturalist-open-data.s3.amazonaws.com/photos/181018056/medium.jpeg,"North Palm Beach, FL, USA",26.82261277,-80.03793776,United States,Not Juvenile
107697314.0,Tue Mar 01 2022 08:00:10 GMT-0500 (EST),2022-03-01,https://www.inaturalist.org/observations/107697314,https://static.inaturalist.org/photos/181186981/medium.jpg,"Federal Rd, Bald Head Island, NC, US",33.84623095,-77.96581856,United States,Not Juvenile
107724520.0,Tue Mar 01 2022 17:07:23 GMT-0500 (EST),2022-03-01,https://www.inaturalist.org/observations/107724520,https://inaturalist-open-data.s3.amazonaws.com/photos/181239486/medium.jpg,"Cape Hatteras National Seashore, Frisco, NC, US",35.25089667,-75.522995,United States,Not Juvenile
107732482.0,Tue Mar 01 2022 17:17:15 GMT-0500 (EST),2022-03-01,https://www.inaturalist.org/observations/107732482,https://static.inaturalist.org/photos/181251609/medium.jpg,"Fort Fisher Blvd S, Kure Beach, NC, US",33.98783833,-77.910125,United States,Not Juvenile
107824287.0,Thu Mar 03 2022 09:49:23 GMT-0500 (EST),2022-03-03,https://www.inaturalist.org/observations/107824287,https://inaturalist-open-data.s3.amazonaws.com/photos/181424891/medium.jpg,"Jupiter Island, Jupiter, FL, US",26.959574999999997,-80.07718617,United States,Not Juvenile
107836669.0,2022-03-03 13:28:18,2022-03-03,https://www.inaturalist.org/observations/107836669,https://static.inaturalist.org/photos/181445870/medium.jpeg,"Miami-Dade County, FL, USA",25.71794893,-80.14860671,United States,Not Juvenile
107859306.0,2022-02-09 17:30:21,2022-02-09,https://www.inaturalist.org/observations/107859306,https://inaturalist-open-data.s3.amazonaws.com/photos/181488140/medium.jpeg,Atlantic Beach,34.6990468,-76.74021106000001,United States,Not Juvenile
107888450.0,Fri Mar 04 2022 10:10:56 GMT-0500 (EST),2022-03-04,https://www.inaturalist.org/observations/107888450,https://inaturalist-open-data.s3.amazonaws.com/photos/181542512/medium.jpg,"R. G. Kreusler Park, Palm Beach, FL, US",26.61632833,-80.03678883,United States,Not Juvenile
107911294.0,2022/02/11 2:48 PM EST,2022-02-11,https://www.inaturalist.org/observations/107911294,https://inaturalist-open-data.s3.amazonaws.com/photos/181583276/medium.jpg,"Merritt Island, Brevard County, FL, USA",28.7027944,-80.66722292,United States,Not Juvenile
107950282.0,2022/03/05 8:08 AM EST,2022-03-05,https://www.inaturalist.org/observations/107950282,https://inaturalist-open-data.s3.amazonaws.com/photos/181656766/medium.jpeg,"Georgetown County, SC, USA",33.50556111,-79.06003889,United States,Not Juvenile
107952840.0,Sat Mar 05 2022 09:08:08 GMT-0500 (EST),2022-03-05,https://www.inaturalist.org/observations/107952840,https://inaturalist-open-data.s3.amazonaws.com/photos/181661644/medium.jpg,"North Atlantic Ocean, Bald Head Island, NC, US",33.84602833,-77.95945,United States,Not Juvenile
107955820.0,2022/02/24 4:02 PM MST,2022-02-24,https://www.inaturalist.org/observations/107955820,https://inaturalist-open-data.s3.amazonaws.com/photos/181664704/medium.jpeg,"Miami-Dade County, FL, USA",25.6729463,-80.15317387,United States,Not Juvenile
107970192.0,2022-03-05 15:03:48,2022-03-05,https://www.inaturalist.org/observations/107970192,https://static.inaturalist.org/photos/181714631/medium.jpeg,"Martin County, US-FL, US",27.25267373,-80.19473065,United States,Not Juvenile
107973145.0,Sat Mar 05 2022 15:45:08 GMT-0500 (EST),2022-03-05,https://www.inaturalist.org/observations/107973145,https://inaturalist-open-data.s3.amazonaws.com/photos/181697937/medium.jpg,"North Atlantic Ocean, FL, US",27.66048333,-80.357345,United States,Not Juvenile
107977289.0,Sat Mar 05 2022 15:50:24 GMT-0500 (EST),2022-03-05,https://www.inaturalist.org/observations/107977289,https://static.inaturalist.org/photos/181705426/medium.jpg,"N Atlantic Blvd, FL, US",26.15780833,-80.0994195,United States,Not Juvenile
107977655.0,Sat Mar 05 2022 15:54:20 GMT-0500 (EST),2022-03-05,https://www.inaturalist.org/observations/107977655,https://static.inaturalist.org/photos/181706131/medium.jpg,"Straits of Florida, FL, US",26.15843617,-80.099175,United States,Not Juvenile
107978062.0,Sat Mar 05 2022 16:01:39 GMT-0500 (EST),2022-03-05,https://www.inaturalist.org/observations/107978062,https://static.inaturalist.org/photos/181706865/medium.jpg,"Straits of Florida, FL, US",26.159450000000003,-80.09898333,United States,Not Juvenile
107981843.0,Sat Mar 05 2022 10:18:49 GMT-0500 (EST),2022-03-05,https://www.inaturalist.org/observations/107981843,https://inaturalist-open-data.s3.amazonaws.com/photos/181713589/medium.jpg,"N Ocean Shore Blvd, Marineland, FL, US",29.67088333,-81.21341667,United States,Not Juvenile
107987763.0,Sat Mar 05 2022 15:27:37 GMT-0500 (EST),2022-03-05,https://www.inaturalist.org/observations/107987763,https://static.inaturalist.org/photos/181729053/medium.jpg,"Wrightsville Beach, NC, US",34.1954296,-77.80302281,United States,Not Juvenile
107994770.0,2022-03-05 18:11:26,2022-03-05,https://www.inaturalist.org/observations/107994770,https://static.inaturalist.org/photos/181738759/medium.jpeg,"New Hanover County, NC, USA",33.96399639,-77.92078905,United States,Not Juvenile
108010755.0,Thu Dec 16 2021 15:20:37 GMT-0800 (PST),2021-12-16,https://www.inaturalist.org/observations/108010755,https://inaturalist-open-data.s3.amazonaws.com/photos/181770212/medium.jpg,"Lower Matecumbe Key, Islamorada, FL, US",24.84660333,-80.74327167,United States,Not Juvenile
108020627.0,Sun Mar 06 2022 07:53:00 GMT -0500 (EST),2022-03-06,https://www.inaturalist.org/observations/108020627,https://inaturalist-open-data.s3.amazonaws.com/photos/181789588/medium.jpeg,Cocoa Beach,28.34393311,-80.60536957000001,United States,Not Juvenile
108025356.0,Sun Mar 06 2022 09:26:22 GMT-0500 (EST),2022-03-06,https://www.inaturalist.org/observations/108025356,https://static.inaturalist.org/photos/181798617/medium.jpg,"FL, US",28.264470000000003,-80.60443000000001,United States,Not Juvenile
108027567.0,2022-03-06 08:04:51,2022-03-06,https://www.inaturalist.org/observations/108027567,https://inaturalist-open-data.s3.amazonaws.com/photos/181803383/medium.jpeg,"Florida, US",28.09503757,-80.58937105,United States,Not Juvenile
108027916.0,2022-03-06 07:34:22,2022-03-06,https://www.inaturalist.org/observations/108027916,https://inaturalist-open-data.s3.amazonaws.com/photos/181804303/medium.jpeg,"Florida, US",28.13217465,-80.55483797000001,United States,Not Juvenile
108036704.0,2022-03-06 12:18:33,2022-03-06,https://www.inaturalist.org/observations/108036704,https://static.inaturalist.org/photos/181820981/medium.jpeg,"Vero South Beach Park, FL, USA",27.63219724,-80.35034504000001,United States,Not Juvenile
108041016.0,2022-03-06 13:13:38,2022-03-06,https://www.inaturalist.org/observations/108041016,https://static.inaturalist.org/photos/181828097/medium.jpeg,"Vero South Beach Park, FL, USA",27.6305662,-80.35011604,United States,Not Juvenile
108054343.0,Sun Mar 06 2022 12:46:11 GMT-0500 (EST),2022-03-06,https://www.inaturalist.org/observations/108054343,https://static.inaturalist.org/photos/181946048/medium.jpg,"North Atlantic Ocean, Cocoa Beach, FL, US",28.367105,-80.60176167,United States,Not Juvenile
108064174.0,Sun Mar 06 2022 15:44:16 GMT-0500 (EST),2022-03-06,https://www.inaturalist.org/observations/108064174,https://static.inaturalist.org/photos/181869630/medium.jpg,"North Atlantic Ocean, Ocean Ridge, FL, US",26.53833333,-80.0444445,United States,Not Juvenile
108067290.0,Sun Mar 06 2022 07:01:30 GMT-0500 (EST),2022-03-06,https://www.inaturalist.org/observations/108067290,https://static.inaturalist.org/photos/181875587/medium.jpg,"Lower Matecumbe Key, Islamorada, FL, US",24.856705,-80.72798,United States,Not Juvenile
108070006.0,2022-03-06 14:53:19,2022-03-06,https://www.inaturalist.org/observations/108070006,https://static.inaturalist.org/photos/181881338/medium.jpeg,"South Beach, Miami Beach, FL 33139, USA",25.79239376,-80.1265955,United States,Not Juvenile
108071441.0,Sun Mar 06 2022 18:23:56 GMT-0500 (EST),2022-03-06,https://www.inaturalist.org/observations/108071441,https://inaturalist-open-data.s3.amazonaws.com/photos/181884028/medium.jpg,"North Atlantic Ocean, Cocoa Beach, FL, US",28.35800333,-80.60343,United States,Not Juvenile
108102746.0,Mon Mar 07 2022 06:59:33 GMT-0500 (EST),2022-03-07,https://www.inaturalist.org/observations/108102746,https://inaturalist-open-data.s3.amazonaws.com/photos/181946220/medium.jpg,"SR-A1A N, Satellite Beach, FL, US",28.18617432,-80.59199998,United States,Not Juvenile
108110778.0,2022-03-07 08:38:05,2022-03-07,https://www.inaturalist.org/observations/108110778,https://inaturalist-open-data.s3.amazonaws.com/photos/181961173/medium.jpeg,"Brevard County, FL, USA",28.275309,-80.6054185,United States,Not Juvenile
108113482.0,Mon Mar 07 2022 10:23:35 GMT-0500 (EST),2022-03-07,https://www.inaturalist.org/observations/108113482,https://static.inaturalist.org/photos/181966790/medium.jpg,"N Atlantic Blvd, FL, US",26.15798883,-80.09932783000001,United States,Not Juvenile
108114406.0,2022-03-05 14:47:05,2022-03-05,https://www.inaturalist.org/observations/108114406,https://inaturalist-open-data.s3.amazonaws.com/photos/181968261/medium.jpeg,"Jupiter Island, FL 33455, USA",26.97988503,-80.08309443,United States,Not Juvenile
108134210.0,Mon Mar 07 2022 09:47:50 GMT-0500 (EST),2022-03-07,https://www.inaturalist.org/observations/108134210,https://inaturalist-open-data.s3.amazonaws.com/photos/182004636/medium.jpg,"Ocean Ridge, FL, US",26.532075,-80.04631117,United States,Not Juvenile
108146803.0,Mon Mar 07 2022 16:29:01 GMT-0500 (EST),2022-03-07,https://www.inaturalist.org/observations/108146803,https://static.inaturalist.org/photos/182027753/medium.jpg,"North Atlantic Ocean, Cocoa Beach, FL, US",28.3451,-80.60503333,United States,Not Juvenile
108182027.0,Tue Mar 08 2022 11:55:28 GMT-0500 (EST),2022-03-08,https://www.inaturalist.org/observations/108182027,https://static.inaturalist.org/photos/182096814/medium.jpg,"Port Everglades Channel, Fort Lauderdale, FL, US",26.09516712,-80.10644312000001,United States,Not Juvenile
108187385.0,Tue Mar 08 2022 07:09:10 GMT-0500 (EST),2022-03-08,https://www.inaturalist.org/observations/108187385,https://inaturalist-open-data.s3.amazonaws.com/photos/182104955/medium.jpg,"Shoals Watch Way, Bald Head Island, NC, US",33.84487936,-77.96599227,United States,Not Juvenile
108194359.0,2022-03-08 14:11:51,2022-03-08,https://www.inaturalist.org/observations/108194359,https://inaturalist-open-data.s3.amazonaws.com/photos/182117436/medium.jpeg,"Frisco, NC 27936, USA",35.2267029,-75.6353706,United States,Juvenile
108203805.0,Tue Mar 08 2022 17:40:03 GMT-0500 (EST),2022-03-08,https://www.inaturalist.org/observations/108203805,https://static.inaturalist.org/photos/182133667/medium.jpg,"North Atlantic Ocean, FL, US",26.47218454,-80.05552341,United States,Not Juvenile
108212868.0,2022/03/08 11:06 AM EST,2022-03-08,https://www.inaturalist.org/observations/108212868,https://static.inaturalist.org/photos/182151540/medium.jpeg,"Riviera Beach, FL, USA",26.78300074,-80.04383802,United States,Not Juvenile
108254245.0,Wed Mar 09 2022 13:35:45 GMT-0500 (EST),2022-03-09,https://www.inaturalist.org/observations/108254245,https://static.inaturalist.org/photos/182230636/medium.jpg,"Cape Hatteras National Seashore, Rodanthe, NC, US",35.52233273,-75.47264611,United States,Not Juvenile
108259049.0,Wed Feb 02 2022 11:24:06 GMT-0500 (EST),2022-02-02,https://www.inaturalist.org/observations/108259049,https://static.inaturalist.org/photos/182239832/medium.jpg,"Virginia Key, Miami, FL, US",25.75143667,-80.1462945,United States,Not Juvenile
108269794.0,Wed Mar 09 2022 08:05:13 GMT-0500 (EST),2022-03-09,https://www.inaturalist.org/observations/108269794,https://static.inaturalist.org/photos/182259209/medium.jpg,"Station House Way, Bald Head Island, NC, US",33.845704999999995,-77.96102833,United States,Not Juvenile
108269818.0,Wed Mar 09 2022 08:06:31 GMT-0500 (EST),2022-03-09,https://www.inaturalist.org/observations/108269818,https://static.inaturalist.org/photos/182259316/medium.jpg,"Bald Head Island, NC, US",33.84485,-77.95928833,United States,Not Juvenile
108269937.0,Wed Mar 09 2022 08:07:02 GMT-0500 (EST),2022-03-09,https://www.inaturalist.org/observations/108269937,https://static.inaturalist.org/photos/182259501/medium.jpg,"Bald Head Island, NC, US",33.84465333,-77.95931167,United States,Not Juvenile
108270010.0,Wed Mar 09 2022 08:08:08 GMT-0500 (EST),2022-03-09,https://www.inaturalist.org/observations/108270010,https://static.inaturalist.org/photos/182262959/medium.jpg,"Bald Head Island, NC, US",33.84461667,-77.95935833,United States,Not Juvenile
108271969.0,Wed Mar 09 2022 08:08:08 GMT-0500 (EST),2022-03-09,https://www.inaturalist.org/observations/108271969,https://static.inaturalist.org/photos/182262919/medium.jpg,"Bald Head Island, NC, US",33.84461667,-77.95935833,United States,Not Juvenile
108273384.0,Wed Mar 09 2022 08:42:33 GMT-0500 (EST),2022-03-09,https://www.inaturalist.org/observations/108273384,https://static.inaturalist.org/photos/182265766/medium.jpg,"Shoals Watch Way, Bald Head Island, NC, US",33.84496333,-77.96566167,United States,Not Juvenile
108273407.0,Wed Mar 09 2022 08:43:52 GMT-0500 (EST),2022-03-09,https://www.inaturalist.org/observations/108273407,https://static.inaturalist.org/photos/182265824/medium.jpg,"Bald Head Island, NC, US",33.84463833,-77.96656167,United States,Not Juvenile
108307028.0,2022-02-22 17:09:24,2022-02-22,https://www.inaturalist.org/observations/108307028,https://static.inaturalist.org/photos/182329042/medium.jpg,"Brevard County, US-FL, US",28.406621,-80.59052199999999,United States,Not Juvenile
108310710.0,2022-03-10 12:13:52,2022-03-10,https://www.inaturalist.org/observations/108310710,https://static.inaturalist.org/photos/182335603/medium.jpeg,"Kure Beach, NC, USA",33.99822555,-77.90527262,United States,Not Juvenile
108359581.0,Thu Mar 10 2022 09:06:12 GMT-0500 (EST),2022-03-10,https://www.inaturalist.org/observations/108359581,https://inaturalist-open-data.s3.amazonaws.com/photos/182426394/medium.jpg,"Gulf of Mexico, FL, US",24.81256167,-80.82023667,United States,Not Juvenile
108364697.0,Fri Mar 11 2022 09:43:46 GMT-0500 (EST),2022-03-11,https://www.inaturalist.org/observations/108364697,https://inaturalist-open-data.s3.amazonaws.com/photos/182445097/medium.jpg,"North Atlantic Ocean, FL, US",26.45965976,-80.05758083,United States,Not Juvenile
108433653.0,Sat Mar 12 2022 10:03:18 GMT -0500 (EST),2022-03-12,https://www.inaturalist.org/observations/108433653,https://inaturalist-open-data.s3.amazonaws.com/photos/182565256/medium.jpeg,Ocean Ridge,26.541709899999997,-80.04352569999999,United States,Not Juvenile
108434142.0,Fri Mar 11 2022 12:20:42 GMT-0500 (EST),2022-03-11,https://www.inaturalist.org/observations/108434142,https://static.inaturalist.org/photos/182566097/medium.jpg,"North Atlantic Ocean, Pawleys Island, SC, US",33.43302182,-79.11851212,United States,Not Juvenile
108444718.0,Sat Mar 12 2022 11:39:11 GMT-0500 (EST),2022-03-12,https://www.inaturalist.org/observations/108444718,https://inaturalist-open-data.s3.amazonaws.com/photos/182585446/medium.jpg,"Everglades National Park, FL, US",25.13668333,-80.93332000000001,United States,Not Juvenile
108450878.0,Sat Mar 12 2022 14:40:05 GMT-0500 (EST),2022-03-12,https://www.inaturalist.org/observations/108450878,https://inaturalist-open-data.s3.amazonaws.com/photos/182597544/medium.jpg,"Fort Fisher Blvd S, Kure Beach, NC, US",33.990958830000004,-77.90793568000001,United States,Not Juvenile
108459334.0,Fri Mar 11 2022 16:44:44 GMT-0500 (EST),2022-03-11,https://www.inaturalist.org/observations/108459334,https://inaturalist-open-data.s3.amazonaws.com/photos/182611709/medium.jpg,"Straits of Florida, FL, US",26.309375,-80.07562217,United States,Not Juvenile
108463153.0,2022-03-10 16:54:53,2022-03-10,https://www.inaturalist.org/observations/108463153,https://inaturalist-open-data.s3.amazonaws.com/photos/182618678/medium.jpeg,"16001 Collins Avenue, Trump Towers I, Sunny Isles Beach, FL 33160, USA",25.92450833,-80.12084167,United States,Not Juvenile
108563297.0,Fri Mar 11 2022 14:19:48 GMT-0500 (EST),2022-03-11,https://www.inaturalist.org/observations/108563297,https://static.inaturalist.org/photos/182808405/medium.jpg,"NW Sixth Ave, Fort Lauderdale, FL, US",26.1412815,-80.149857,United States,Not Juvenile
108580513.0,Sun Mar 13 2022 19:16:54 GMT-0400 (EDT),2022-03-13,https://www.inaturalist.org/observations/108580513,https://inaturalist-open-data.s3.amazonaws.com/photos/182894317/medium.jpg,"Merritt Island, New Smyrna Beach, FL, US",28.95275,-80.84003333,United States,Not Juvenile
108592543.0,Mon Mar 14 2022 12:19:36 GMT -0400 (EDT),2022-03-14,https://www.inaturalist.org/observations/108592543,https://inaturalist-open-data.s3.amazonaws.com/photos/183293708/medium.jpeg,Miami,25.74529076,-80.14313507,United States,Not Juvenile
108601686.0,Mon Mar 14 2022 12:16:34 GMT-0400 (EDT),2022-03-14,https://www.inaturalist.org/observations/108601686,https://static.inaturalist.org/photos/182881147/medium.jpg,"South Beach, FL, US",25.78466667,-80.12760283,United States,Not Juvenile
108649201.0,Tue Mar 15 2022 07:41:16 GMT-0400 (EDT),2022-03-15,https://www.inaturalist.org/observations/108649201,https://inaturalist-open-data.s3.amazonaws.com/photos/182972821/medium.jpg,United States,26.3640548,-80.10787821,United States,Not Juvenile
108652994.0,Tue Mar 15 2022 08:25:45 GMT-0400 (EDT),2022-03-15,https://www.inaturalist.org/observations/108652994,https://inaturalist-open-data.s3.amazonaws.com/photos/182979588/medium.jpg,"New Smyrna Beach, New Smyrna Beach, FL, US",29.01224445,-80.879525,United States,Not Juvenile
108669227.0,Tue Mar 15 2022 14:17:47 GMT-0400 (EDT),2022-03-15,https://www.inaturalist.org/observations/108669227,https://inaturalist-open-data.s3.amazonaws.com/photos/183009909/medium.jpg,"North Atlantic Ocean, Cocoa Beach, FL, US",28.32881667,-80.60652167,United States,Not Juvenile
108690401.0,Tue Mar 15 2022 18:14:53 GMT-0400 (EDT),2022-03-15,https://www.inaturalist.org/observations/108690401,https://static.inaturalist.org/photos/197898199/medium.jpg,"Straits of Florida, FL, US",25.78214167,-80.12778617000001,United States,Not Juvenile
108735596.0,Wed Mar 16 2022 13:12:07 GMT-0400 (EDT),2022-03-16,https://www.inaturalist.org/observations/108735596,https://inaturalist-open-data.s3.amazonaws.com/photos/183134081/medium.jpg,"Straits of Florida, Hollywood, FL, US",25.99991167,-80.11578333,United States,Not Juvenile
108744751.0,Wed Mar 16 2022 12:57:58 GMT-0400 (EDT),2022-03-16,https://www.inaturalist.org/observations/108744751,https://static.inaturalist.org/photos/183150732/medium.jpg,"Hollywood North Beach Park, Hollywood, FL, US",26.0392555,-80.11325000000001,United States,Not Juvenile
108756027.0,2022-03-16 10:16:59,2022-03-16,https://www.inaturalist.org/observations/108756027,https://inaturalist-open-data.s3.amazonaws.com/photos/183171497/medium.jpeg,"A1A & NE 5 St, Pompano Beach, FL 33062, USA",26.23916397,-80.08721097,United States,Not Juvenile
108770358.0,Wed Mar 16 2022 13:04:53 GMT-0400 (EDT),2022-03-16,https://www.inaturalist.org/observations/108770358,https://static.inaturalist.org/photos/183199792/medium.jpg,"NW 12th Ave, Pompano Beach, FL, US",26.251776,-80.1384465,United States,Juvenile
108813066.0,2022-03-15 17:48:27,2022-03-15,https://www.inaturalist.org/observations/108813066,https://static.inaturalist.org/photos/183280266/medium.jpeg,"3178 S. Atlantic Ob, Daytona Beach Shores, FL 32118, USA",29.161346,-80.97320297,United States,Not Juvenile
108846862.0,Thu Mar 17 2022 09:09:54 GMT-0400 (EDT),2022-03-17,https://www.inaturalist.org/observations/108846862,https://inaturalist-open-data.s3.amazonaws.com/photos/183343712/medium.jpg,"Singer Island, Jupiter, FL, US",26.91782535,-80.06465904,United States,Not Juvenile
108874958.0,Fri Mar 18 2022 11:05:39 GMT-0400 (EDT),2022-03-18,https://www.inaturalist.org/observations/108874958,https://inaturalist-open-data.s3.amazonaws.com/photos/183395198/medium.jpg,"North Atlantic Ocean, Jupiter, FL, US",26.92925577,-80.06744067,United States,Not Juvenile
108878306.0,Fri Mar 18 2022 12:01:49 GMT-0400 (EDT),2022-03-18,https://www.inaturalist.org/observations/108878306,https://static.inaturalist.org/photos/184175563/medium.jpg,"S Ocean Blvd, Lauderdale-by-the-Sea, FL, US",26.21417875,-80.09107019,United States,Not Juvenile
108879733.0,Fri Mar 18 2022 12:27:24 GMT-0400 (EDT),2022-03-18,https://www.inaturalist.org/observations/108879733,https://inaturalist-open-data.s3.amazonaws.com/photos/183457437/medium.jpg,"S Ocean Blvd, Highland Beach, FL, US",26.39403549,-80.06549318,United States,Not Juvenile
108880870.0,Thu Mar 17 2022 11:52:15 GMT-0400 (EDT),2022-03-17,https://www.inaturalist.org/observations/108880870,https://inaturalist-open-data.s3.amazonaws.com/photos/183406361/medium.jpg,"Cape Hatteras National Seashore, NC, US",35.23131688,-75.54769915,United States,Not Juvenile
108917654.0,Wed Mar 09 2022 17:31:54 GMT-0500 (EST),2022-03-09,https://www.inaturalist.org/observations/108917654,https://inaturalist-open-data.s3.amazonaws.com/photos/183475338/medium.jpg,"Cape Hatteras National Seashore, Frisco, NC, US",35.220619740000004,-75.65760076000001,United States,Not Juvenile
108928929.0,Fri Mar 18 2022 11:05:27 GMT-0400 (EDT),2022-03-18,https://www.inaturalist.org/observations/108928929,https://inaturalist-open-data.s3.amazonaws.com/photos/183498017/medium.jpg,"Virginia Key, Miami, FL, US",25.74375882,-80.14387462,United States,Not Juvenile
108949285.0,Sat Mar 19 2022 10:17:54 GMT-0400 (EDT),2022-03-19,https://www.inaturalist.org/observations/108949285,https://inaturalist-open-data.s3.amazonaws.com/photos/183535895/medium.jpg,"Straits of Florida, Fort Lauderdale, FL, US",26.13273333,-80.10276117000001,United States,Not Juvenile
108949988.0,Sat Mar 19 2022 10:29:31 GMT-0400 (EDT),2022-03-19,https://www.inaturalist.org/observations/108949988,https://static.inaturalist.org/photos/183539339/medium.jpg,"North Atlantic Ocean, FL, US",26.46020333,-80.05763333,United States,Not Juvenile
108961511.0,Sat Mar 19 2022 09:02:40 GMT-0400 (EDT),2022-03-19,https://www.inaturalist.org/observations/108961511,https://inaturalist-open-data.s3.amazonaws.com/photos/183557436/medium.jpg,"North Hutchinson Island, Vero Beach, FL, US",27.66777833,-80.35945833,United States,Not Juvenile
108964177.0,Sat Mar 19 2022 13:18:33 GMT-0400 (EDT),2022-03-19,https://www.inaturalist.org/observations/108964177,https://static.inaturalist.org/photos/183561950/medium.jpg,"Miami Beach, Miami Beach, FL, US",25.82006057,-80.12040171,United States,Not Juvenile
108975273.0,Sat Mar 19 2022 14:02:18 GMT-0400 (EDT),2022-03-19,https://www.inaturalist.org/observations/108975273,https://inaturalist-open-data.s3.amazonaws.com/photos/183583277/medium.jpg,"Key Biscayne, Key Biscayne, FL, US",25.69826167,-80.16403333,United States,Not Juvenile
108989565.0,Sat Mar 19 2022 09:02:49 GMT-0400 (EDT),2022-03-19,https://www.inaturalist.org/observations/108989565,https://static.inaturalist.org/photos/183609182/medium.jpg,"North Atlantic Ocean, Juno Beach, FL, US",26.87206785,-80.04910263000001,United States,Not Juvenile
109077731.0,Sat Mar 19 2022 13:04:19 GMT-0400 (EDT),2022-03-19,https://www.inaturalist.org/observations/109077731,https://inaturalist-open-data.s3.amazonaws.com/photos/183772925/medium.jpg,"North Hutchinson Island, Vero Beach, FL, US",27.81363667,-80.42283667,United States,Not Juvenile
109084622.0,2022-03-20 16:13:25,2022-03-20,https://www.inaturalist.org/observations/109084622,https://inaturalist-open-data.s3.amazonaws.com/photos/183785395/medium.jpeg,"Coral Gables, FL, USA",25.70280126,-80.24648789,United States,Not Juvenile
109084726.0,Thu Mar 17 2022 12:13:36 GMT-0400 (EDT),2022-03-17,https://www.inaturalist.org/observations/109084726,https://inaturalist-open-data.s3.amazonaws.com/photos/183785579/medium.jpg,"NC, US",34.23592,-77.77340000000001,United States,Not Juvenile
109142589.0,Sun Mar 13 2022 10:34:43 GMT-0400 (EDT),2022-03-13,https://www.inaturalist.org/observations/109142589,https://inaturalist-open-data.s3.amazonaws.com/photos/183896291/medium.jpg,"Fat Deer Key, Marathon, FL, US",24.7328017,-81.024073,United States,Not Juvenile
109142657.0,2022-03-14 00:00:00,2022-03-14,https://www.inaturalist.org/observations/109142657,https://inaturalist-open-data.s3.amazonaws.com/photos/183896327/medium.jpeg,"South Beach, Miami Beach, FL 33139, USA",25.7910597,-80.12761054,United States,Not Juvenile
109149609.0,Wed Mar 16 2022 11:23:44 GMT-0400 (EDT),2022-03-16,https://www.inaturalist.org/observations/109149609,https://inaturalist-open-data.s3.amazonaws.com/photos/183910122/medium.jpg,"North Beach City Park, Hallandale Beach, FL, US",25.986974999999997,-80.1175305,United States,Not Juvenile
109153274.0,Mon Mar 21 2022 12:46:08 GMT -0400 (EDT),2022-03-21,https://www.inaturalist.org/observations/109153274,https://inaturalist-open-data.s3.amazonaws.com/photos/183917590/medium.jpeg,"Broward County, US-FL, US",26.17728043,-80.09659576,United States,Not Juvenile
109169701.0,Mon Mar 21 2022 14:50:28 GMT -0400 (EDT),2022-03-21,https://www.inaturalist.org/observations/109169701,https://inaturalist-open-data.s3.amazonaws.com/photos/183946624/medium.jpeg,Highland Beach,26.41699219,-80.06389618,United States,Not Juvenile
109172085.0,Fri Mar 18 2022 12:37:39 GMT-0400 (EDT),2022-03-18,https://www.inaturalist.org/observations/109172085,https://inaturalist-open-data.s3.amazonaws.com/photos/183950906/medium.jpg,"North Atlantic Ocean, Boca Raton, FL, US",26.35918333,-80.06874167000001,United States,Not Juvenile
109191858.0,2022-03-21 17:34:09,2022-03-21,https://www.inaturalist.org/observations/109191858,https://inaturalist-open-data.s3.amazonaws.com/photos/183987656/medium.jpeg,"3859 S. Atlantic IB, Daytona Beach Shores, FL 32118, USA",29.1386033,-80.9603011,United States,Not Juvenile
109207645.0,Tue Mar 22 2022 02:23:05 GMT -0400 (EDT),2022-03-22,https://www.inaturalist.org/observations/109207645,https://inaturalist-open-data.s3.amazonaws.com/photos/184019150/medium.jpeg,Miami,25.72388268,-80.21833038,United States,Not Juvenile
109221891.0,Mon Mar 21 2022 19:32:34 GMT-0400 (EDT),2022-03-21,https://www.inaturalist.org/observations/109221891,https://inaturalist-open-data.s3.amazonaws.com/photos/184044887/medium.jpg,"Singer Island, Riviera Beach, FL, US",26.792744,-80.03188139,United States,Not Juvenile
109222845.0,2022-02-24 15:56:36,2022-02-24,https://www.inaturalist.org/observations/109222845,https://static.inaturalist.org/photos/184046416/medium.jpeg,"Brevard County, FL, USA",28.74677043,-80.75284068,United States,Not Juvenile
109229161.0,Tue Mar 22 2022 11:30:25 GMT-0400 (EDT),2022-03-22,https://www.inaturalist.org/observations/109229161,https://static.inaturalist.org/photos/184057873/medium.jpg,"Florida State Parks, Hollywood, FL, US",26.09074273,-80.10909293,United States,Not Juvenile
109237966.0,Fri Mar 18 2022 16:35:00 GMT-0400 (EDT),2022-03-18,https://www.inaturalist.org/observations/109237966,https://inaturalist-open-data.s3.amazonaws.com/photos/184074951/medium.jpg,"Straits of Florida, Key Biscayne, FL, US",25.68856167,-80.15643333,United States,Not Juvenile
109253793.0,Wed Mar 09 2022 19:06:00 GMT-0500 (EST),2022-03-09,https://www.inaturalist.org/observations/109253793,https://static.inaturalist.org/photos/184103446/medium.jpg,"South Beach, FL, US",25.79040333,-80.12668617,United States,Not Juvenile
109257625.0,2022/03/22 9:50 AM CDT,2022-03-22,https://www.inaturalist.org/observations/109257625,https://inaturalist-open-data.s3.amazonaws.com/photos/184110359/medium.jpg,"Ormond Beach, FL, USA",29.28611313,-81.03575931,United States,Not Juvenile
109257679.0,2022/03/22 9:27 AM CDT,2022-03-22,https://www.inaturalist.org/observations/109257679,https://inaturalist-open-data.s3.amazonaws.com/photos/184110499/medium.jpg,"Ormond Beach, FL, USA",29.28611313,-81.03575931,United States,Not Juvenile
109257901.0,2022/03/22 10:05 AM CDT,2022-03-22,https://www.inaturalist.org/observations/109257901,https://inaturalist-open-data.s3.amazonaws.com/photos/184110900/medium.jpg,"Ormond Beach, FL, USA",29.28611313,-81.03575931,United States,Not Juvenile
109265761.0,Tue Mar 22 2022 13:30:41 GMT-0400 (EDT),2022-03-22,https://www.inaturalist.org/observations/109265761,https://inaturalist-open-data.s3.amazonaws.com/photos/184125348/medium.jpg,"N Atlantic Ave, Daytona Beach, FL, US",29.23889167,-81.01332222,United States,Not Juvenile
109277109.0,2022-03-23 07:48:06,2022-03-23,https://www.inaturalist.org/observations/109277109,https://inaturalist-open-data.s3.amazonaws.com/photos/184147447/medium.jpeg,"Hollywood Beach, Hollywood, FL 33019, USA",26.017216,-80.11562099999999,United States,Not Juvenile
109283772.0,Tue Mar 15 2022 16:45:00 GMT+0800 (GMT+8),2022-03-15,https://www.inaturalist.org/observations/109283772,https://static.inaturalist.org/photos/184159374/medium.jpg,"South Beach, Miami Beach, FL, US",25.79135243,-80.12677826,United States,Not Juvenile
109292278.0,Wed Mar 23 2022 11:34:18 GMT-0400 (EDT),2022-03-23,https://www.inaturalist.org/observations/109292278,https://static.inaturalist.org/photos/244642577/medium.jpg,"Port Canaveral, Cape Canaveral, FL, US",28.405680000000004,-80.59037833000001,United States,Not Juvenile
109320940.0,Wed Mar 23 2022 17:18:55 GMT -0400 (EDT),2022-03-23,https://www.inaturalist.org/observations/109320940,https://inaturalist-open-data.s3.amazonaws.com/photos/184231163/medium.jpeg,Melbourne Beach,28.06906509,-80.5568924,United States,Not Juvenile
109322922.0,Mon Mar 21 2022 17:44:00 GMT-0400 (EDT),2022-03-21,https://www.inaturalist.org/observations/109322922,https://inaturalist-open-data.s3.amazonaws.com/photos/184235160/medium.jpg,"Straits of Florida, FL, US",24.89588045,-80.61814879,United States,Not Juvenile
109327969.0,Wed Mar 23 2022 11:23:05 GMT-0400 (EDT),2022-03-23,https://www.inaturalist.org/observations/109327969,https://static.inaturalist.org/photos/184243936/medium.jpg,"Virginia Key, Miami, FL, US",25.74061667,-80.1462555,United States,Not Juvenile
109327991.0,Wed Mar 23 2022 11:12:34 GMT-0400 (EDT),2022-03-23,https://www.inaturalist.org/observations/109327991,https://static.inaturalist.org/photos/184243985/medium.jpg,"Virginia Key, Miami, FL, US",25.73910333,-80.1483695,United States,Not Juvenile
109328730.0,2022-03-15 12:52:16,2022-03-15,https://www.inaturalist.org/observations/109328730,https://static.inaturalist.org/photos/198629920/medium.jpeg,"South Beach, Miami Beach, FL 33139, USA",25.77542839,-80.13031639,United States,Not Juvenile
109330092.0,Wed Mar 23 2022 16:07:56 GMT-0400 (EDT),2022-03-23,https://www.inaturalist.org/observations/109330092,https://inaturalist-open-data.s3.amazonaws.com/photos/184263725/medium.jpg,"Virginia Key, Miami, FL, US",25.74360333,-80.14405000000001,United States,Not Juvenile
109341977.0,Wed Mar 23 2022 18:36:17 GMT-0400 (EDT),2022-03-23,https://www.inaturalist.org/observations/109341977,https://static.inaturalist.org/photos/184270583/medium.jpg,"Biscayne Bay, FL, US",25.61142865,-80.30680638,United States,Not Juvenile
109368100.0,Wed Mar 23 2022 12:51:28 GMT-0400 (EDT),2022-03-23,https://www.inaturalist.org/observations/109368100,https://inaturalist-open-data.s3.amazonaws.com/photos/184321455/medium.jpg,"North Atlantic Ocean, Cape Canaveral, FL, US",28.39337833,-80.59522167,United States,Not Juvenile
109385497.0,Thu Mar 24 2022 13:36:53 GMT-0400 (EDT),2022-03-24,https://www.inaturalist.org/observations/109385497,https://inaturalist-open-data.s3.amazonaws.com/photos/184431546/medium.jpg,"Key Biscayne, Key Biscayne, FL, US",25.68332833,-80.15568617,United States,Not Juvenile
109392027.0,2022-03-24 14:51:52-04:00,2022-03-24,https://www.inaturalist.org/observations/109392027,https://inaturalist-open-data.s3.amazonaws.com/photos/184392087/medium.jpg,"N Fort Lauderdale Beach Blvd, Fort Lauderdale, FL, US",26.1244055,-80.10336383,United States,Not Juvenile
109395152.0,Sat Mar 19 2022 07:21:55 GMT-0400 (EDT),2022-03-19,https://www.inaturalist.org/observations/109395152,https://inaturalist-open-data.s3.amazonaws.com/photos/184368970/medium.jpg,"Crandon Park, Key Biscayne, FL, US",25.708150000000003,-80.1517945,United States,Not Juvenile
109406331.0,Wed Mar 23 2022 16:27:09 GMT-0400 (EDT),2022-03-23,https://www.inaturalist.org/observations/109406331,https://inaturalist-open-data.s3.amazonaws.com/photos/184388281/medium.jpg,"North Atlantic Ocean, Juno Beach, FL, US",26.891495,-80.0559305,United States,Not Juvenile
109408851.0,2022-03-24 14:56:35-04:00,2022-03-24,https://www.inaturalist.org/observations/109408851,https://inaturalist-open-data.s3.amazonaws.com/photos/184392145/medium.jpg,"Beach Place, Fort Lauderdale, FL, US",26.123125,-80.10406383,United States,Not Juvenile
109409105.0,2022-03-24 15:33:47-04:00,2022-03-24,https://www.inaturalist.org/observations/109409105,https://inaturalist-open-data.s3.amazonaws.com/photos/184437972/medium.jpg,"Straits of Florida, Fort Lauderdale, FL, US",26.125275,-80.10320283,United States,Not Juvenile
109426298.0,Wed Mar 23 2022 10:55:40 GMT-0400 (EDT),2022-03-23,https://www.inaturalist.org/observations/109426298,https://inaturalist-open-data.s3.amazonaws.com/photos/184426569/medium.jpg,"Straits of Florida, FL, US",25.78329167,-80.12768617,United States,Not Juvenile
109463700.0,Tue Mar 22 2022 13:17:22 GMT-0700 (PDT),2022-03-22,https://www.inaturalist.org/observations/109463700,https://static.inaturalist.org/photos/184496935/medium.jpg,"North Hutchinson Island, FL, US",27.47544667,-80.29081167,United States,Not Juvenile
109487438.0,Wed Mar 23 2022 07:29:45 GMT-0400 (EDT),2022-03-23,https://www.inaturalist.org/observations/109487438,https://static.inaturalist.org/photos/184540826/medium.jpg,"North Atlantic Ocean, FL, US",26.46465544,-80.05661237,United States,Not Juvenile
109600530.0,Sat Mar 26 2022 20:42:11 GMT-0400 (EDT),2022-03-26,https://www.inaturalist.org/observations/109600530,https://inaturalist-open-data.s3.amazonaws.com/photos/184750495/medium.jpg,"North Atlantic Ocean, NC, US",34.69193046,-76.89092157,United States,Not Juvenile
109602192.0,Thu Mar 24 2022 16:20:49 GMT-0400 (EDT),2022-03-24,https://www.inaturalist.org/observations/109602192,https://inaturalist-open-data.s3.amazonaws.com/photos/184753942/medium.jpg,"Straits of Florida, FL, US",26.23702802,-80.08745895,United States,Not Juvenile
109693247.0,2022/03/23 4:46 PM EDT,2022-03-23,https://www.inaturalist.org/observations/109693247,https://inaturalist-open-data.s3.amazonaws.com/photos/184918895/medium.jpeg,"Cocoa Beach, FL 32931, USA",28.3200067,-80.6075513,United States,Not Juvenile
109693249.0,2022/03/23 5:13 PM EDT,2022-03-23,https://www.inaturalist.org/observations/109693249,https://inaturalist-open-data.s3.amazonaws.com/photos/184918990/medium.jpeg,"Cocoa Beach, FL 32931, USA",28.3200067,-80.6075513,United States,Not Juvenile
109693252.0,2022/03/23 5:27 PM EDT,2022-03-23,https://www.inaturalist.org/observations/109693252,https://inaturalist-open-data.s3.amazonaws.com/photos/184919108/medium.jpeg,"Cocoa Beach, FL 32931, USA",28.3200067,-80.6075513,United States,Not Juvenile
109693255.0,2022/03/23 5:31 PM EDT,2022-03-23,https://www.inaturalist.org/observations/109693255,https://inaturalist-open-data.s3.amazonaws.com/photos/184919099/medium.jpeg,"Cocoa Beach, FL 32931, USA",28.3200067,-80.6075513,United States,Not Juvenile
109694770.0,2022-03-26 15:33:37,2022-03-26,https://www.inaturalist.org/observations/109694770,https://inaturalist-open-data.s3.amazonaws.com/photos/184925218/medium.jpeg,"Monroe County, FL, USA",24.843229599999997,-80.79255916,United States,Not Juvenile
109785326.0,2022/03/07 5:39 PM EST,2022-03-07,https://www.inaturalist.org/observations/109785326,https://inaturalist-open-data.s3.amazonaws.com/photos/185096146/medium.jpeg,"Cocoa Beach, FL 32931, USA",28.32061832,-80.60774183,United States,Not Juvenile
109885942.0,2022/03/21 5:13 PM EDT,2022-03-21,https://www.inaturalist.org/observations/109885942,https://inaturalist-open-data.s3.amazonaws.com/photos/185285007/medium.jpg,"Pompano Beach, FL, USA",26.24556944,-80.08552499999999,United States,Not Juvenile
109894411.0,Tue Mar 29 2022 19:30:02 GMT-0400 (EDT),2022-03-29,https://www.inaturalist.org/observations/109894411,https://inaturalist-open-data.s3.amazonaws.com/photos/185301723/medium.jpg,"North Atlantic Ocean, Palm Beach, FL, US",26.70413333,-80.0327,United States,Not Juvenile
109929582.0,Wed Mar 30 2022 10:50:12 GMT-0400 (EDT),2022-03-30,https://www.inaturalist.org/observations/109929582,https://inaturalist-open-data.s3.amazonaws.com/photos/185366943/medium.jpg,"Straits of Florida, Fort Lauderdale, FL, US",26.132925,-80.10273617,United States,Not Juvenile
109976551.0,Wed Mar 30 2022 22:14:53 GMT-0400 (EDT),2022-03-30,https://www.inaturalist.org/observations/109976551,https://inaturalist-open-data.s3.amazonaws.com/photos/185451159/medium.jpg,"South Beach, Miami Beach, FL, US",25.79329519,-80.12703578,United States,Not Juvenile
110015764.0,Mon Mar 21 2022 12:21:41 GMT-0600 (MDT),2022-03-21,https://www.inaturalist.org/observations/110015764,https://static.inaturalist.org/photos/185521976/medium.jpg,"Ocean Shore Blvd, Ormond Beach, FL, US",29.29283,-81.03926117,United States,Not Juvenile
110038925.0,Wed Mar 30 2022 22:05:39 GMT-0400 (EDT),2022-03-30,https://www.inaturalist.org/observations/110038925,https://static.inaturalist.org/photos/185564190/medium.jpg,"N Fort Lauderdale Beach Blvd, Fort Lauderdale, FL, US",26.13061449,-80.10294851,United States,Not Juvenile
110076695.0,2022-03-31 16:49:48,2022-03-31,https://www.inaturalist.org/observations/110076695,https://static.inaturalist.org/photos/185634473/medium.jpeg,"Hallandale Beach, FL 33009, USA",25.980653,-80.117721,United States,Not Juvenile
110140126.0,Fri Apr 01 2022 19:53:52 GMT -0400 (EDT),2022-04-01,https://www.inaturalist.org/observations/110140126,https://inaturalist-open-data.s3.amazonaws.com/photos/185749581/medium.jpeg,Broward County,26.15266418,-80.10032654,United States,Not Juvenile
110172912.0,2022-04-01 17:23:16,2022-04-01,https://www.inaturalist.org/observations/110172912,https://inaturalist-open-data.s3.amazonaws.com/photos/185812743/medium.jpeg,"Vero Beach, FL 32963, USA",27.85859199,-80.44653174,United States,Not Juvenile
110198358.0,Sat Apr 02 2022 14:06:36 GMT-0400 (EDT),2022-04-02,https://www.inaturalist.org/observations/110198358,https://inaturalist-open-data.s3.amazonaws.com/photos/185857270/medium.jpg,"Straits of Florida, FL, US",25.77969167,-80.12805283,United States,Not Juvenile
110202096.0,Sat Apr 02 2022 14:51:56 GMT-0400 (EDT),2022-04-02,https://www.inaturalist.org/observations/110202096,https://inaturalist-open-data.s3.amazonaws.com/photos/185864039/medium.jpg,"Straits of Florida, Key Biscayne, FL, US",25.689380000000003,-80.15651667,United States,Not Juvenile
110233052.0,Sat Apr 02 2022 10:34:40 GMT-0400 (EDT),2022-04-02,https://www.inaturalist.org/observations/110233052,https://static.inaturalist.org/photos/185919757/medium.jpg,"Rickenbacker Cswy, Miami, FL, US",25.74574148,-80.19867776,United States,Not Juvenile
110236754.0,Sat Apr 02 2022 20:35:19 GMT-0400 (EDT),2022-04-02,https://www.inaturalist.org/observations/110236754,https://inaturalist-open-data.s3.amazonaws.com/photos/185927397/medium.jpg,"Playa Sur, Miami Beach, FL, US",25.81925165,-80.12074147,United States,Not Juvenile
110282401.0,Sun Apr 03 2022 09:35:20 GMT-0400 (EDT),2022-04-03,https://www.inaturalist.org/observations/110282401,https://inaturalist-open-data.s3.amazonaws.com/photos/195478320/medium.jpg,"Rickenbacker Cswy, Miami, FL, US",25.74588895,-80.19252881,United States,Not Juvenile
110296113.0,2022/03/30 5:38 PM CDT,2022-03-30,https://www.inaturalist.org/observations/110296113,https://inaturalist-open-data.s3.amazonaws.com/photos/186031690/medium.jpeg,"Miami-Dade, Florida, United States",25.78616111,-80.12740000000001,United States,Not Juvenile
110296115.0,2022/03/30 5:39 PM CDT,2022-03-30,https://www.inaturalist.org/observations/110296115,https://inaturalist-open-data.s3.amazonaws.com/photos/186031709/medium.jpeg,"South Beach, Miami Beach, FL 33139, USA",25.78613056,-80.12742222,United States,Not Juvenile
110296116.0,2022/03/30 5:42 PM CDT,2022-03-30,https://www.inaturalist.org/observations/110296116,https://inaturalist-open-data.s3.amazonaws.com/photos/186031723/medium.jpeg,"South Beach, Miami Beach, FL 33139, USA",25.78507222,-80.12751389,United States,Not Juvenile
110388506.0,Mon Apr 04 2022 08:21:53 GMT-0400 (EDT),2022-04-04,https://www.inaturalist.org/observations/110388506,https://static.inaturalist.org/photos/186210257/medium.jpg,"North Atlantic Ocean, FL, US",27.31884681,-80.20102703,United States,Not Juvenile
110478863.0,Tue Apr 05 2022 07:50:04 GMT-0400 (EDT),2022-04-05,https://www.inaturalist.org/observations/110478863,https://inaturalist-open-data.s3.amazonaws.com/photos/186375758/medium.jpg,"N Fort Lauderdale Beach Blvd, Fort Lauderdale, FL, US",26.1261686,-80.104035,United States,Not Juvenile
110489597.0,2022-04-05 10:44:20-04:00,2022-04-05,https://www.inaturalist.org/observations/110489597,https://inaturalist-open-data.s3.amazonaws.com/photos/186394251/medium.jpg,"Straits of Florida, Miami Beach, FL, US",25.81694667,-80.12066667,United States,Not Juvenile
110609984.0,Wed Apr 06 2022 17:44:57 GMT-0400 (EDT),2022-04-06,https://www.inaturalist.org/observations/110609984,https://inaturalist-open-data.s3.amazonaws.com/photos/186616865/medium.jpg,"Straits of Florida, FL, US",26.15740338,-80.09936496,United States,Not Juvenile
110617563.0,Sat Jan 22 2022 15:19:00 GMT-0500 (EST),2022-01-22,https://www.inaturalist.org/observations/110617563,https://inaturalist-open-data.s3.amazonaws.com/photos/186787838/medium.jpg,"North Atlantic Ocean, FL, US",27.23758158,-80.17703803,United States,Not Juvenile
110620685.0,Mon Apr 04 2022 14:53:14 GMT-0400 (EDT),2022-04-04,https://www.inaturalist.org/observations/110620685,https://inaturalist-open-data.s3.amazonaws.com/photos/186637167/medium.jpg,"North Atlantic Ocean, Satellite Beach, FL, US",28.17573,-80.58905,United States,Not Juvenile
110621339.0,2022-04-06 16:45:43-04:00,2022-04-06,https://www.inaturalist.org/observations/110621339,https://inaturalist-open-data.s3.amazonaws.com/photos/198001320/medium.jpg,"Gulf of Mexico, FL, US",24.72807833,-80.98790000000001,United States,Not Juvenile
110660506.0,2022-04-07 09:51:51-04:00,2022-04-07,https://www.inaturalist.org/observations/110660506,https://static.inaturalist.org/photos/186715293/medium.jpg,"Straits of Florida, Hillsboro Beach, FL, US",26.26708535,-80.07973877,United States,Not Juvenile
110665740.0,Thu Apr 07 2022 10:46:11 GMT-0400 (EDT),2022-04-07,https://www.inaturalist.org/observations/110665740,https://inaturalist-open-data.s3.amazonaws.com/photos/186725103/medium.jpg,"Long Key State Park, Long Key, FL, US",24.81275333,-80.81825333,United States,Not Juvenile
110685540.0,Thu Apr 07 2022 15:00:52 GMT-0400 (EDT),2022-04-07,https://www.inaturalist.org/observations/110685540,https://static.inaturalist.org/photos/186759800/medium.jpg,"Cape Hatteras National Seashore, Frisco, NC, US",35.22763333,-75.62848667,United States,Not Juvenile
110747044.0,2022-03-19 14:46:47-04:00,2022-03-19,https://www.inaturalist.org/observations/110747044,https://inaturalist-open-data.s3.amazonaws.com/photos/186875441/medium.jpg,"Straits of Florida, FL, US",25.71586667,-80.14881117,United States,Not Juvenile
110929477.0,2022-02-12 11:26:34,2022-02-12,https://www.inaturalist.org/observations/110929477,https://inaturalist-open-data.s3.amazonaws.com/photos/187207589/medium.jpeg,"Jupiter Island, FL 33455, USA",26.97911744,-80.08284397,United States,Not Juvenile
110965285.0,2022-03-22 19:28:31-04:00,2022-03-22,https://www.inaturalist.org/observations/110965285,https://inaturalist-open-data.s3.amazonaws.com/photos/187272784/medium.jpg,"Boca Raton, FL, US",26.36393324,-80.06833662,United States,Not Juvenile
111104943.0,2022-04-11 11:27:54-04:00,2022-04-11,https://www.inaturalist.org/observations/111104943,https://inaturalist-open-data.s3.amazonaws.com/photos/187519337/medium.jpg,"Cape Hatteras National Seashore, Frisco, NC, US",35.24018367,-75.55480802,United States,Not Juvenile
111138690.0,2022-04-07 12:12:28-04:00,2022-04-07,https://www.inaturalist.org/observations/111138690,https://inaturalist-open-data.s3.amazonaws.com/photos/187578656/medium.jpg,"S Ocean Way, FL, US",26.3106762,-80.07557357,United States,Not Juvenile
111161971.0,2022-04-11 22:19:29,2022-04-11,https://www.inaturalist.org/observations/111161971,https://static.inaturalist.org/photos/187623511/medium.jpeg,Deerfield Beach,26.31850293,-80.09976569999999,United States,Not Juvenile
111197594.0,2022-04-12 10:15:55-04:00,2022-04-12,https://www.inaturalist.org/observations/111197594,https://inaturalist-open-data.s3.amazonaws.com/photos/187687700/medium.jpg,"Straits of Florida, FL, US",25.76934633,-80.13023496,United States,Not Juvenile
111197655.0,2022-04-12 10:16:54-04:00,2022-04-12,https://www.inaturalist.org/observations/111197655,https://inaturalist-open-data.s3.amazonaws.com/photos/187687855/medium.jpg,"Straits of Florida, FL, US",25.76932112,-80.1302108,United States,Not Juvenile
111212150.0,2022-03-23 18:40:26-04:00,2022-03-23,https://www.inaturalist.org/observations/111212150,https://inaturalist-open-data.s3.amazonaws.com/photos/187713797/medium.jpg,"Matheson Hammock Park, Coral Gables, FL, US",25.67981333,-80.25626333,United States,Uncertain
111220302.0,2022-04-12 14:03:24-04:00,2022-04-12,https://www.inaturalist.org/observations/111220302,https://inaturalist-open-data.s3.amazonaws.com/photos/187727649/medium.jpg,"N Ocean Blvd, Palm Beach, FL, US",26.72127125,-80.03421488000001,United States,Not Juvenile
111333384.0,2022-04-13 10:18:08,2022-04-13,https://www.inaturalist.org/observations/111333384,https://inaturalist-open-data.s3.amazonaws.com/photos/187932685/medium.jpeg,"Ocean Ridge, FL, USA",26.54268197,-80.04347197,United States,Not Juvenile
111366883.0,Sun Feb 20 2022 17:22:23 GMT-0500 (EST),2022-02-20,https://www.inaturalist.org/observations/111366883,https://inaturalist-open-data.s3.amazonaws.com/photos/187994498/medium.jpg,"Brevard County, US-FL, US",28.16849579,-80.58758315,United States,Not Juvenile
111411516.0,2022-04-14 09:54:33-04:00,2022-04-14,https://www.inaturalist.org/observations/111411516,https://inaturalist-open-data.s3.amazonaws.com/photos/188074823/medium.jpg,"South Beach, FL, US",25.77512167,-80.12938617,United States,Not Juvenile
111416214.0,2022-04-14 10:24:28,2022-04-14,https://www.inaturalist.org/observations/111416214,https://static.inaturalist.org/photos/188082748/medium.jpeg,"South Beach, Miami Beach, FL 33139, USA",25.77626017,-80.12938131,United States,Not Juvenile
111416879.0,Thu Apr 14 2022 10:53:18 GMT-0400 (EDT),2022-04-14,https://www.inaturalist.org/observations/111416879,https://static.inaturalist.org/photos/188108305/medium.jpg,"Straits of Florida, Fort Lauderdale, FL, US",26.12889167,-80.10292783,United States,Not Juvenile
111423998.0,2022-03-16 11:23:46-04:00,2022-03-16,https://www.inaturalist.org/observations/111423998,https://inaturalist-open-data.s3.amazonaws.com/photos/188095676/medium.jpg,"North Beach City Park, Hallandale Beach, FL, US",25.98693833,-80.117425,United States,Not Juvenile
111455983.0,Thu Apr 14 2022 17:07:15 GMT -0400 (EDT),2022-04-14,https://www.inaturalist.org/observations/111455983,https://inaturalist-open-data.s3.amazonaws.com/photos/188151948/medium.jpeg,Hollywood,25.98984337,-80.11757659999999,United States,Not Juvenile
111571060.0,2022-04-15 16:22:40-04:00,2022-04-15,https://www.inaturalist.org/observations/111571060,https://inaturalist-open-data.s3.amazonaws.com/photos/188359299/medium.jpg,"Biscayne Bay, FL, US",25.71658817,-80.16331994000001,United States,Not Juvenile
111571539.0,2022-03-14 13:26:20-03:00,2022-03-14,https://www.inaturalist.org/observations/111571539,https://inaturalist-open-data.s3.amazonaws.com/photos/188360186/medium.jpg,"Alligator Bay, North Topsail Beach, NC, US",34.50036566,-77.40723555,United States,Not Juvenile
111637615.0,2022-04-16 09:05:55-04:00,2022-04-16,https://www.inaturalist.org/observations/111637615,https://static.inaturalist.org/photos/188484670/medium.jpg,"North Hutchinson Island, Vero Beach, FL, US",27.653155,-80.35511167,United States,Not Juvenile
111667104.0,2021/12/18 12:53 PM EST,2021-12-18,https://www.inaturalist.org/observations/111667104,https://inaturalist-open-data.s3.amazonaws.com/photos/188534918/medium.jpeg,"Brevard County, FL, USA",28.70327881,-80.66735114000001,United States,Not Juvenile
111675241.0,2022-04-16 08:12:42-04:00,2022-04-16,https://www.inaturalist.org/observations/111675241,https://inaturalist-open-data.s3.amazonaws.com/photos/188548988/medium.jpg,"North Hutchinson Island, Vero Beach, FL, US",27.65339667,-80.355325,United States,Not Juvenile
111776005.0,2022/04/17 7:34 AM EDT,2022-04-17,https://www.inaturalist.org/observations/111776005,https://inaturalist-open-data.s3.amazonaws.com/photos/188735179/medium.jpeg,"Broward County, FL, USA",26.3116889,-80.0754154,United States,Not Juvenile
111912160.0,2022-04-18 08:02:08-04:00,2022-04-18,https://www.inaturalist.org/observations/111912160,https://inaturalist-open-data.s3.amazonaws.com/photos/188980804/medium.jpg,"North Atlantic Ocean, Cocoa Beach, FL, US",28.33027468,-80.6065042,United States,Not Juvenile
111917329.0,2022-04-18 08:17:15-04:00,2022-04-18,https://www.inaturalist.org/observations/111917329,https://inaturalist-open-data.s3.amazonaws.com/photos/188989984/medium.jpg,"Hollywood Beach, Hollywood, FL, US",25.99896167,-80.11602783000001,United States,Not Juvenile
111924999.0,2022-04-18 09:27:49-04:00,2022-04-18,https://www.inaturalist.org/observations/111924999,https://static.inaturalist.org/photos/189003962/medium.jpg,"Hutchinson Island, Stuart, FL, US",27.254980000000003,-80.19609667,United States,Not Juvenile
111925856.0,2022/04/14 2:36 PM UTC,2022-04-14,https://www.inaturalist.org/observations/111925856,https://inaturalist-open-data.s3.amazonaws.com/photos/189005382/medium.jpeg,"Lauderdale Harbours, Fort Lauderdale, FL 33316, EE. UU.",26.10355132,-80.12808478,United States,Not Juvenile
112262164.0,2022-04-20 10:46:12-04:00,2022-04-20,https://www.inaturalist.org/observations/112262164,https://static.inaturalist.org/photos/189616022/medium.jpg,"Boca Raton, FL, US",26.32535333,-80.07368333000001,United States,Not Juvenile
112264353.0,2022-04-21 09:39:35,2022-04-21,https://www.inaturalist.org/observations/112264353,https://static.inaturalist.org/photos/189619578/medium.jpeg,"Palm Beach County, FL, USA",26.459877,-80.0576785,United States,Not Juvenile
112278756.0,2022-04-21 12:09:59-04:00,2022-04-21,https://www.inaturalist.org/observations/112278756,https://static.inaturalist.org/photos/189644332/medium.jpg,"Hutchinson Island, Fort Pierce, FL, US",27.45984179,-80.28718327,United States,Not Juvenile
112298093.0,Thu Apr 21 2022 14:50:00 GMT -0400 (EDT),2022-04-21,https://www.inaturalist.org/observations/112298093,https://static.inaturalist.org/photos/189677072/medium.jpeg,Vero Beach,27.66619682,-80.35919952,United States,Not Juvenile
112299557.0,2022-04-21 14:59:17-04:00,2022-04-21,https://www.inaturalist.org/observations/112299557,https://inaturalist-open-data.s3.amazonaws.com/photos/189679958/medium.jpg,"Lake Worth Beach, FL, US",26.613850000000003,-80.0365,United States,Not Juvenile
112306828.0,2022-04-21 13:39:02-04:00,2022-04-21,https://www.inaturalist.org/observations/112306828,https://static.inaturalist.org/photos/189692414/medium.jpg,"South Beach, FL, US",25.78039167,-80.1281195,United States,Not Juvenile
112313771.0,2022-04-21 16:57:48-04:00,2022-04-21,https://www.inaturalist.org/observations/112313771,https://inaturalist-open-data.s3.amazonaws.com/photos/189704321/medium.jpg,"Melbourne Beach, FL, US",28.06907783,-80.556305,United States,Not Juvenile
112339873.0,2022-04-21 13:39:23-04:00,2022-04-21,https://www.inaturalist.org/observations/112339873,https://inaturalist-open-data.s3.amazonaws.com/photos/189751729/medium.jpg,"Straits of Florida, FL, US",25.780495,-80.12805283,United States,Not Juvenile
112373572.0,2022-04-22 07:24:36-04:00,2022-04-22,https://www.inaturalist.org/observations/112373572,https://inaturalist-open-data.s3.amazonaws.com/photos/189807936/medium.jpg,"FL, US",29.32090107,-81.05244971,United States,Not Juvenile
112374344.0,2022-04-22 07:36:38-04:00,2022-04-22,https://www.inaturalist.org/observations/112374344,https://inaturalist-open-data.s3.amazonaws.com/photos/189895831/medium.jpg,"North Atlantic Ocean, FL, US",29.31868255,-81.05134657,United States,Not Juvenile
112398516.0,2022-04-22 11:39:47-04:00,2022-04-22,https://www.inaturalist.org/observations/112398516,https://inaturalist-open-data.s3.amazonaws.com/photos/189845325/medium.jpg,"Hollywood North Beach Park, Hollywood, FL, US",26.03633953,-80.11367585,United States,Not Juvenile
112400622.0,2022-04-22 11:55:59-04:00,2022-04-22,https://www.inaturalist.org/observations/112400622,https://inaturalist-open-data.s3.amazonaws.com/photos/189848671/medium.jpg,"Hollywood North Beach Park, Hollywood, FL, US",26.03529349,-80.11411309,United States,Not Juvenile
112400668.0,2022-04-22 11:56:25-04:00,2022-04-22,https://www.inaturalist.org/observations/112400668,https://inaturalist-open-data.s3.amazonaws.com/photos/189849640/medium.jpg,"Hollywood North Beach Park, Hollywood, FL, US",26.03552629,-80.11370837,United States,Not Juvenile
112401103.0,2022-04-22 11:59:48-04:00,2022-04-22,https://www.inaturalist.org/observations/112401103,https://inaturalist-open-data.s3.amazonaws.com/photos/189849688/medium.jpg,"Hollywood North Beach Park, Hollywood, FL, US",26.03505017,-80.11377183,United States,Not Juvenile
112401736.0,2022-04-22 12:00:14-04:00,2022-04-22,https://www.inaturalist.org/observations/112401736,https://inaturalist-open-data.s3.amazonaws.com/photos/189852798/medium.jpg,"Hollywood North Beach Park, Hollywood, FL, US",26.03444462,-80.11395444,United States,Not Juvenile
112402974.0,2022-04-22 12:04:02-04:00,2022-04-22,https://www.inaturalist.org/observations/112402974,https://inaturalist-open-data.s3.amazonaws.com/photos/189852751/medium.jpg,"Hollywood North Beach Park, Hollywood, FL, US",26.03469997,-80.11377884,United States,Not Juvenile
112413097.0,2022-04-22 09:48:18-04:00,2022-04-22,https://www.inaturalist.org/observations/112413097,https://inaturalist-open-data.s3.amazonaws.com/photos/189869064/medium.jpg,"North Atlantic Ocean, FL, US",29.03336667,-80.89193,United States,Not Juvenile
112413122.0,2022-04-22 09:45:37-04:00,2022-04-22,https://www.inaturalist.org/observations/112413122,https://inaturalist-open-data.s3.amazonaws.com/photos/189869108/medium.jpg,"New Smyrna Beach, New Smyrna Beach, FL, US",29.03318333,-80.89205833,United States,Not Juvenile
112413166.0,2022-04-22 09:33:52-04:00,2022-04-22,https://www.inaturalist.org/observations/112413166,https://inaturalist-open-data.s3.amazonaws.com/photos/189869216/medium.jpg,"North Atlantic Ocean, FL, US",29.03341117,-80.89193667,United States,Not Juvenile
112434004.0,2022-04-22 16:24:59-04:00,2022-04-22,https://www.inaturalist.org/observations/112434004,https://static.inaturalist.org/photos/189904865/medium.jpg,"Merritt Island, New Smyrna Beach, FL, US",29.04432822,-80.89856154,United States,Not Juvenile
112456189.0,2022-04-22 19:47:50,2022-04-22,https://www.inaturalist.org/observations/112456189,https://inaturalist-open-data.s3.amazonaws.com/photos/189943600/medium.jpeg,"Barrier Island, Fort Lauderdale, FL, USA",26.17970038,-80.09595611,United States,Not Juvenile
112457367.0,2022-04-22 19:23:20-04:00,2022-04-22,https://www.inaturalist.org/observations/112457367,https://inaturalist-open-data.s3.amazonaws.com/photos/189945793/medium.jpg,"S Ponte Vedra Blvd, Ponte Vedra Beach, FL, US",30.00349722,-81.31790333000001,United States,Uncertain
112458591.0,2022-04-22 18:04:04,2022-04-22,https://www.inaturalist.org/observations/112458591,https://inaturalist-open-data.s3.amazonaws.com/photos/189947748/medium.jpeg,"Beverly Beach, FL 32136, USA",29.52378609,-81.14793039999999,United States,Not Juvenile
112468463.0,Fri Apr 22 2022 14:14:51 GMT -0400 (EDT),2022-04-22,https://www.inaturalist.org/observations/112468463,https://inaturalist-open-data.s3.amazonaws.com/photos/189966623/medium.jpeg,Hollywood,26.03487015,-80.11404419,United States,Not Juvenile
112529143.0,2022-04-23 11:56:57-04:00,2022-04-23,https://www.inaturalist.org/observations/112529143,https://inaturalist-open-data.s3.amazonaws.com/photos/190205470/medium.jpg,"North Atlantic Ocean, Ponce Inlet, FL, US",29.1210384,-80.95047992,United States,Not Juvenile
112547075.0,2022-04-21 15:51:00-04:00,2022-04-21,https://www.inaturalist.org/observations/112547075,https://inaturalist-open-data.s3.amazonaws.com/photos/190102602/medium.jpg,"Anastasia State Park, Saint Augustine, FL, US",29.89589667,-81.27587833,United States,Not Juvenile
112547495.0,2022-04-23 07:55:48-04:00,2022-04-23,https://www.inaturalist.org/observations/112547495,https://static.inaturalist.org/photos/190102855/medium.jpg,"North Atlantic Ocean, Cocoa Beach, FL, US",28.33604667,-80.60596333000001,United States,Not Juvenile
112554282.0,2022-04-23 14:41:13,2022-04-23,https://www.inaturalist.org/observations/112554282,https://static.inaturalist.org/photos/191296151/medium.jpeg,"N Highway A1A/ Scorpion Ct (SE Corner), Satellite Beach, FL 32937, USA",28.1873826,-80.5928504,United States,Not Juvenile
112555079.0,2022-04-23 14:19:30,2022-04-23,https://www.inaturalist.org/observations/112555079,https://static.inaturalist.org/photos/190123312/medium.jpeg,"Broward County, US-FL, US",26.058525,-80.11151667,United States,Not Juvenile
112577124.0,2022-04-23 13:57:06-04:00,2022-04-23,https://www.inaturalist.org/observations/112577124,https://inaturalist-open-data.s3.amazonaws.com/photos/190154539/medium.jpg,"Merritt Island, Cape Canaveral, FL, US",28.66307377,-80.63705622,United States,Not Juvenile
112589181.0,Sat Apr 23 2022 18:26:16 GMT -0400 (EDT),2022-04-23,https://www.inaturalist.org/observations/112589181,https://inaturalist-open-data.s3.amazonaws.com/photos/190631099/medium.jpeg,Daytona Beach,29.23044777,-81.00910187,United States,Not Juvenile
112655621.0,2022-04-24 08:05:17-04:00,2022-04-24,https://www.inaturalist.org/observations/112655621,https://inaturalist-open-data.s3.amazonaws.com/photos/190299705/medium.jpg,"North Atlantic Ocean, Ormond Beach, FL, US",29.31441708,-81.04937623000001,United States,Not Juvenile
112679424.0,2022-04-24 11:23:10-04:00,2022-04-24,https://www.inaturalist.org/observations/112679424,https://static.inaturalist.org/photos/190398916/medium.jpg,"Marineland Dolphin Adventure, Marineland, FL, US",29.67033803,-81.21327777,United States,Not Juvenile
112725321.0,2022-04-24 15:27:15-04:00,2022-04-24,https://www.inaturalist.org/observations/112725321,https://static.inaturalist.org/photos/190420330/medium.jpg,"N Fort Lauderdale Beach Blvd, Fort Lauderdale, FL, US",26.14969717,-80.10116667,United States,Not Juvenile
112752892.0,2022-04-22 12:49:41-04:00,2022-04-22,https://www.inaturalist.org/observations/112752892,https://inaturalist-open-data.s3.amazonaws.com/photos/190468768/medium.jpg,"Merritt Island, New Smyrna Beach, FL, US",28.96072688,-80.84664071,United States,Not Juvenile
112761800.0,Sun Apr 24 2022 19:48:23 GMT -0400 (EDT),2022-04-24,https://www.inaturalist.org/observations/112761800,https://inaturalist-open-data.s3.amazonaws.com/photos/190494858/medium.jpeg,Palm Coast,29.638981,-81.199837,United States,Not Juvenile
112787446.0,2022-04-23 00:00:00,2022-04-23,https://www.inaturalist.org/observations/112787446,https://inaturalist-open-data.s3.amazonaws.com/photos/190529578/medium.jpeg,"Key Biscayne, FL, USA",25.71759525,-80.1488158,United States,Not Juvenile
112832469.0,2022-04-25 07:52:21-04:00,2022-04-25,https://www.inaturalist.org/observations/112832469,https://static.inaturalist.org/photos/190615258/medium.jpg,"North Atlantic Ocean, Ormond Beach, FL, US",29.30476066,-81.0431328,United States,Not Juvenile
112874155.0,Mon Apr 25 2022 15:01:12 GMT-0400 (EDT),2022-04-25,https://www.inaturalist.org/observations/112874155,https://inaturalist-open-data.s3.amazonaws.com/photos/190687847/medium.jpg,"Biscayne Bay, Miami, FL, US",25.73959618,-80.16246231,United States,Not Juvenile
112955779.0,2022-03-18 19:00:30-04:00,2022-03-18,https://www.inaturalist.org/observations/112955779,https://static.inaturalist.org/photos/190838114/medium.jpg,"Straits of Florida, FL, US",26.23421333,-80.08811117,United States,Not Juvenile
112964598.0,2022-04-26 09:40:59-04:00,2022-04-26,https://www.inaturalist.org/observations/112964598,https://inaturalist-open-data.s3.amazonaws.com/photos/190854209/medium.jpg,"Ocean Shore Blvd, Ormond Beach, FL, US",29.31139838,-81.04819489,United States,Not Juvenile
113001934.0,2022-04-26 15:07:43,2022-04-26,https://www.inaturalist.org/observations/113001934,https://inaturalist-open-data.s3.amazonaws.com/photos/190918416/medium.jpeg,"Ormond Beach, FL 32176, USA",29.3858918,-81.084048,United States,Not Juvenile
113009924.0,2022-04-26 16:10:14-04:00,2022-04-26,https://www.inaturalist.org/observations/113009924,https://inaturalist-open-data.s3.amazonaws.com/photos/190932125/medium.jpg,"North Atlantic Ocean, FL, US",27.63334667,-80.35029667,United States,Not Juvenile
113049202.0,2022-04-26 17:23:55,2022-04-26,https://www.inaturalist.org/observations/113049202,https://static.inaturalist.org/photos/191003290/medium.jpeg,"Collins Av & OP # 15000 (Boat Ramp), Florida 33154, USA",25.91681944,-80.12116944,United States,Not Juvenile
113076318.0,2022-04-23 13:35:00-04:00,2022-04-23,https://www.inaturalist.org/observations/113076318,https://static.inaturalist.org/photos/191051922/medium.jpg,"Palm Coast, FL, US",29.59821332,-81.18226777,United States,Not Juvenile
113102140.0,Sat Apr 23 2022 15:06:00 GMT -0400 (EDT),2022-04-23,https://www.inaturalist.org/observations/113102140,https://inaturalist-open-data.s3.amazonaws.com/photos/191094955/medium.jpeg,Daytona Beach,29.20769501,-80.99734497,United States,Not Juvenile
113133175.0,2022-04-23 09:57:53-04:00,2022-04-23,https://www.inaturalist.org/observations/113133175,https://inaturalist-open-data.s3.amazonaws.com/photos/191147778/medium.jpg,"Bill Baggs Cape Florida State Park, FL, US",25.67837167,-80.1544945,United States,Not Juvenile
113162920.0,2022-03-15 16:56:32-04:00,2022-03-15,https://www.inaturalist.org/observations/113162920,https://inaturalist-open-data.s3.amazonaws.com/photos/191201041/medium.jpg,"North Atlantic Ocean, FL, US",28.37440447,-80.59997962,United States,Not Juvenile
113224660.0,2022-04-28 11:25:14-04:00,2022-04-28,https://www.inaturalist.org/observations/113224660,https://static.inaturalist.org/photos/191312211/medium.jpg,"North Atlantic Ocean, FL, US",29.35367251,-81.06192277,United States,Not Juvenile
113307522.0,2022-04-28 20:03:42-04:00,2022-04-28,https://www.inaturalist.org/observations/113307522,https://static.inaturalist.org/photos/191456860/medium.jpg,"South Beach, Miami Beach, FL, US",25.79296333,-80.12621949999999,United States,Not Juvenile
113361394.0,2022-04-29 00:00:00,2022-04-29,https://www.inaturalist.org/observations/113361394,https://inaturalist-open-data.s3.amazonaws.com/photos/191540845/medium.jpeg,"1200 Brickell Ave. Suite 800, 33131, Miami, FL 33131, √âtats-Unis",25.76189988,-80.19179028,United States,Not Juvenile
113389272.0,2022-04-29 09:12:48-04:00,2022-04-29,https://www.inaturalist.org/observations/113389272,https://inaturalist-open-data.s3.amazonaws.com/photos/191582622/medium.jpg,"Anastasia Island, Butler Beach, FL, US",29.790225,-81.25743833,United States,Not Juvenile
113403537.0,2022-04-29 06:51:00-04:00,2022-04-29,https://www.inaturalist.org/observations/113403537,https://inaturalist-open-data.s3.amazonaws.com/photos/191602991/medium.jpg,"New Smyrna Beach, New Smyrna Beach, FL, US",29.04031444,-80.89602511,United States,Not Juvenile
113459172.0,2022-02-15 13:40:58-05:00,2022-02-15,https://www.inaturalist.org/observations/113459172,https://inaturalist-open-data.s3.amazonaws.com/photos/191683877/medium.jpg,"Straits of Florida, FL, US",25.70445833,-80.15301383,United States,Not Juvenile
113501672.0,2022-04-28 18:21:00,2022-04-28,https://www.inaturalist.org/observations/113501672,https://inaturalist-open-data.s3.amazonaws.com/photos/191748795/medium.jpg,"Daytona Beach Shores, FL 32118, USA",29.15386057,-80.96933136,United States,Not Juvenile
113501673.0,2022-04-28 18:26:00,2022-04-28,https://www.inaturalist.org/observations/113501673,https://inaturalist-open-data.s3.amazonaws.com/photos/191748854/medium.jpg,"Volusia, Florida, United States",29.1533956,-80.9691041,United States,Not Juvenile
113501674.0,2022-04-28 18:36:00,2022-04-28,https://www.inaturalist.org/observations/113501674,https://inaturalist-open-data.s3.amazonaws.com/photos/191748898/medium.jpg,"Daytona Beach Shores, FL 32118, USA",29.15293711,-80.96881895,United States,Not Juvenile
113501680.0,2022-04-28 18:29:00,2022-04-28,https://www.inaturalist.org/observations/113501680,https://inaturalist-open-data.s3.amazonaws.com/photos/191748970/medium.jpg,"Daytona Beach Shores, FL 32118, USA",29.1515129,-80.9680869,United States,Not Juvenile
113501681.0,2022-04-28 18:31:00,2022-04-28,https://www.inaturalist.org/observations/113501681,https://inaturalist-open-data.s3.amazonaws.com/photos/191749018/medium.jpg,"Volusia County, FL, USA",29.15128999,-80.96791137,United States,Not Juvenile
113501685.0,2022-04-28 19:15:00,2022-04-28,https://www.inaturalist.org/observations/113501685,https://inaturalist-open-data.s3.amazonaws.com/photos/191749064/medium.jpg,"Daytona Beach Shores, FL 32118, USA",29.1550926,-80.97013009999999,United States,Not Juvenile
113585881.0,2022-04-29 18:10:48-04:00,2022-04-29,https://www.inaturalist.org/observations/113585881,https://static.inaturalist.org/photos/191887753/medium.jpg,"North Atlantic Ocean, Vero Beach, FL, US",27.762755,-80.39633,United States,Not Juvenile
113779292.0,2022-04-29 08:38:02-04:00,2022-04-29,https://www.inaturalist.org/observations/113779292,https://inaturalist-open-data.s3.amazonaws.com/photos/192201911/medium.jpg,"Boardwalk, Daytona Beach, FL, US",29.23123501,-81.00878067000001,United States,Not Juvenile
113779807.0,2022-04-29 08:31:00-04:00,2022-04-29,https://www.inaturalist.org/observations/113779807,https://inaturalist-open-data.s3.amazonaws.com/photos/192202729/medium.jpg,"Boardwalk, Daytona Beach, FL, US",29.23090001,-81.00862778,United States,Not Juvenile
113779963.0,2022-04-29 08:35:47-04:00,2022-04-29,https://www.inaturalist.org/observations/113779963,https://inaturalist-open-data.s3.amazonaws.com/photos/192202948/medium.jpg,"Boardwalk, Daytona Beach, FL, US",29.23039167,-81.00824722,United States,Not Juvenile
113788614.0,2022-04-30 09:55:41-04:00,2022-04-30,https://www.inaturalist.org/observations/113788614,https://inaturalist-open-data.s3.amazonaws.com/photos/192215805/medium.jpg,"Straits of Florida, Miami, FL, US",25.75406361,-80.14646667,United States,Not Juvenile
113832103.0,2022-04-30 09:09:18-04:00,2022-04-30,https://www.inaturalist.org/observations/113832103,https://inaturalist-open-data.s3.amazonaws.com/photos/192280649/medium.jpg,"Singer Island, Riviera Beach, FL, US",26.79413833,-80.03176117,United States,Not Juvenile
113885544.0,2022-04-30 10:49:58-04:00,2022-04-30,https://www.inaturalist.org/observations/113885544,https://inaturalist-open-data.s3.amazonaws.com/photos/192361079/medium.jpg,"Key Biscayne, Key Biscayne, FL, US",25.718370000000004,-80.14873617,United States,Not Juvenile
114189337.0,2022-05-01 07:46:46-04:00,2022-05-01,https://www.inaturalist.org/observations/114189337,https://static.inaturalist.org/photos/192856051/medium.jpg,"North Atlantic Ocean, FL, US",29.835680000000004,-81.26310833000001,United States,Not Juvenile
114190169.0,Sat Apr 30 2022 18:44:32 GMT-0400 (EDT),2022-04-30,https://www.inaturalist.org/observations/114190169,https://inaturalist-open-data.s3.amazonaws.com/photos/192857753/medium.jpg,"Anastasia Island, Saint Augustine, FL, US",29.71232167,-81.22796667,United States,Not Juvenile
114324678.0,2022-05-01 10:40:48,2022-05-01,https://www.inaturalist.org/observations/114324678,https://static.inaturalist.org/photos/193065049/medium.jpeg,"Florida, US",29.30399912,-81.12083032,United States,Not Juvenile
114409127.0,2022-05-01 16:46:56-04:00,2022-05-01,https://www.inaturalist.org/observations/114409127,https://inaturalist-open-data.s3.amazonaws.com/photos/193197963/medium.jpg,"North Atlantic Ocean, FL, US",28.21325799,-80.59627936,United States,Not Juvenile
114409197.0,2022-05-01 13:10:50-04:00,2022-05-01,https://www.inaturalist.org/observations/114409197,https://inaturalist-open-data.s3.amazonaws.com/photos/193198050/medium.jpg,"Friends of Washington Oaks Gardens State Park, Palm Coast, FL, US",29.64093667,-81.20068333,United States,Not Juvenile
114413429.0,2022-05-01 17:42:39-04:00,2022-05-01,https://www.inaturalist.org/observations/114413429,https://inaturalist-open-data.s3.amazonaws.com/photos/193204794/medium.jpg,"Old A1A, FL, US",29.67726417,-81.21616441,United States,Not Juvenile
114507380.0,2022-04-23 14:05:00,2022-04-23,https://www.inaturalist.org/observations/114507380,https://inaturalist-open-data.s3.amazonaws.com/photos/193347461/medium.jpeg,"Indian River County, FL, USA",27.85364444,-80.44359722,United States,Not Juvenile
114698143.0,2022-05-01 16:14:29-04:00,2022-05-01,https://www.inaturalist.org/observations/114698143,https://static.inaturalist.org/photos/194759426/medium.jpg,"S Ponte Vedra Blvd, Ponte Vedra Beach, FL, US",29.988480000000003,-81.31436167,United States,Not Juvenile
114797536.0,2022-02-26 08:00:35-05:00,2022-02-26,https://www.inaturalist.org/observations/114797536,https://static.inaturalist.org/photos/193808629/medium.jpg,"Key Biscayne, FL, US",25.67991425,-80.15458304,United States,Not Juvenile
114797676.0,2022-02-26 08:09:03-05:00,2022-02-26,https://www.inaturalist.org/observations/114797676,https://static.inaturalist.org/photos/193808841/medium.jpg,"Straits of Florida, Key Biscayne, FL, US",25.68495226,-80.15576665,United States,Not Juvenile
114869805.0,Fri Apr 29 2022 15:47:48 GMT-0400 (EDT),2022-04-29,https://www.inaturalist.org/observations/114869805,https://static.inaturalist.org/photos/193922224/medium.jpg,"Palm Coast, FL, US",29.57749662,-81.17345887,United States,Not Juvenile
114899953.0,2022-05-02 18:18:04-04:00,2022-05-02,https://www.inaturalist.org/observations/114899953,https://inaturalist-open-data.s3.amazonaws.com/photos/200782345/medium.jpg,"North Atlantic Ocean, FL, US",28.13610833,-80.57884167,United States,Not Juvenile
115167271.0,2022-05-03 13:42:54-04:00,2022-05-03,https://www.inaturalist.org/observations/115167271,https://inaturalist-open-data.s3.amazonaws.com/photos/194403881/medium.jpg,"Cape Canaveral, FL, US",28.4041204,-80.59091121,United States,Not Juvenile
115176841.0,2022-05-03 10:41:49-04:00,2022-05-03,https://www.inaturalist.org/observations/115176841,https://inaturalist-open-data.s3.amazonaws.com/photos/194773314/medium.jpg,"North Atlantic Ocean, Cocoa Beach, FL, US",28.33676167,-80.60597167,United States,Not Juvenile
115189271.0,2022-01-12 12:33:23-05:00,2022-01-12,https://www.inaturalist.org/observations/115189271,https://inaturalist-open-data.s3.amazonaws.com/photos/194438396/medium.jpg,"Miami Beach, Miami Beach, FL, US",25.81577167,-80.12083333,United States,Not Juvenile
115217389.0,2022-04-30 15:12:00-04:00,2022-04-30,https://www.inaturalist.org/observations/115217389,https://inaturalist-open-data.s3.amazonaws.com/photos/194481226/medium.jpg,"North Atlantic Ocean, Flagler Beach, FL, US",29.47157649,-81.12241837,United States,Not Juvenile
115222245.0,2022-05-03 17:47:55,2022-05-03,https://www.inaturalist.org/observations/115222245,https://inaturalist-open-data.s3.amazonaws.com/photos/194490110/medium.jpeg,"Jacksonville, FL, USA",30.36340278,-81.39696944,United States,Not Juvenile
115375589.0,2022-05-04 10:44:09-04:00,2022-05-04,https://www.inaturalist.org/observations/115375589,https://inaturalist-open-data.s3.amazonaws.com/photos/194738314/medium.jpg,"North Atlantic Ocean, FL, US",30.25193833,-81.37989167,United States,Not Juvenile
115486353.0,2022-05-04 19:02:17-04:00,2022-05-04,https://www.inaturalist.org/observations/115486353,https://inaturalist-open-data.s3.amazonaws.com/photos/194907022/medium.jpg,"North Atlantic Ocean, Atlantic Beach, FL, US",30.34864667,-81.39608833,United States,Not Juvenile
115562410.0,2022-04-25 10:48:22-04:00,2022-04-25,https://www.inaturalist.org/observations/115562410,https://inaturalist-open-data.s3.amazonaws.com/photos/195037478/medium.jpg,"North Atlantic Ocean, Ocean Ridge, FL, US",26.53603333,-80.04515,United States,Not Juvenile
115638472.0,2022-05-02 14:42:00,2022-05-02,https://www.inaturalist.org/observations/115638472,https://inaturalist-open-data.s3.amazonaws.com/photos/195164527/medium.jpeg,"Miami-Dade County, FL, USA",25.724285,-80.14774299999999,United States,Juvenile
115724862.0,2022-05-03 07:42:00,2022-05-03,https://www.inaturalist.org/observations/115724862,https://inaturalist-open-data.s3.amazonaws.com/photos/195318491/medium.jpg,"Lantana, FL, USA",26.58569697,-80.037706,United States,Not Juvenile
115820678.0,2022-05-03 16:39:11,2022-05-03,https://www.inaturalist.org/observations/115820678,https://inaturalist-open-data.s3.amazonaws.com/photos/195475973/medium.jpeg,"Anastasia, St. Augustine, FL 32080, USA",29.867924,-81.26690682,United States,Not Juvenile
115959138.0,2022-05-02 18:42:00,2022-05-02,https://www.inaturalist.org/observations/115959138,https://inaturalist-open-data.s3.amazonaws.com/photos/195701185/medium.jpg,"Miami-Dade County, FL, USA",25.725367,-80.147987,United States,Not Juvenile
115989233.0,2022-03-18 08:45:00,2022-03-18,https://www.inaturalist.org/observations/115989233,https://inaturalist-open-data.s3.amazonaws.com/photos/195758609/medium.jpeg,"South Beach, FL, USA",27.59785556,-80.33180278,United States,Not Juvenile
115989235.0,2021-03-03 07:17:00,2021-03-03,https://www.inaturalist.org/observations/115989235,https://inaturalist-open-data.s3.amazonaws.com/photos/195758837/medium.jpeg,"North Beach, FL, USA",27.80659444,-80.41956389,United States,Not Juvenile
115989240.0,2021-03-16 09:07:00,2021-03-16,https://www.inaturalist.org/observations/115989240,https://inaturalist-open-data.s3.amazonaws.com/photos/195759053/medium.jpeg,"North Beach, FL, USA",27.81415556,-80.42321667,United States,Not Juvenile
115989242.0,2021-12-15 09:21:00,2021-12-15,https://www.inaturalist.org/observations/115989242,https://inaturalist-open-data.s3.amazonaws.com/photos/195759130/medium.jpeg,"North Beach, FL, USA",27.79570833,-80.41385000000001,United States,Not Juvenile
117011306.0,2021-12-31 15:22:49-05:00,2021-12-31,https://www.inaturalist.org/observations/117011306,https://static.inaturalist.org/photos/197563757/medium.jpg,"Straits of Florida, FL, US",25.67806167,-80.15425,United States,Not Juvenile
117053235.0,2022-05-14 16:44:07-04:00,2022-05-14,https://www.inaturalist.org/observations/117053235,https://inaturalist-open-data.s3.amazonaws.com/photos/197639017/medium.jpg,"Hutchinson Island, Jensen Beach, FL, US",27.31873333,-80.22523667,United States,Not Juvenile
117081265.0,2022-05-14 19:06:28,2022-05-14,https://www.inaturalist.org/observations/117081265,https://inaturalist-open-data.s3.amazonaws.com/photos/197690505/medium.jpeg,"Indialantic, FL 32903, USA",28.132812,-80.57819397,United States,Not Juvenile
117188517.0,2022-03-23 10:20:43-04:00,2022-03-23,https://www.inaturalist.org/observations/117188517,https://static.inaturalist.org/photos/197883167/medium.jpg,"Miami Beach Golf Club, Miami Beach, FL, US",25.8039985,-80.13384816,United States,Not Juvenile
117305796.0,2022-05-16 09:29:50-04:00,2022-05-16,https://www.inaturalist.org/observations/117305796,https://inaturalist-open-data.s3.amazonaws.com/photos/198097945/medium.jpg,"S Ocean Shore Blvd, –§–ª–∞–≥–ª–µ—Ä-–ë–∏—á, FL, US",29.45880333,-81.11659167,United States,Not Juvenile
117335822.0,2022-05-16 13:35:34-04:00,2022-05-16,https://www.inaturalist.org/observations/117335822,https://inaturalist-open-data.s3.amazonaws.com/photos/198149195/medium.jpg,"Port Canaveral, Cape Canaveral, FL, US",28.40646895,-80.59021796,United States,Not Juvenile
117337847.0,2022-05-15 09:30:41-04:00,2022-05-15,https://www.inaturalist.org/observations/117337847,https://inaturalist-open-data.s3.amazonaws.com/photos/198152196/medium.jpg,"S Atlantic Ave, Daytona Beach Shores, FL, US",29.15634717,-80.97109167,United States,Not Juvenile
117422560.0,Fri Apr 22 2022 09:55:19 GMT-0500 (CDT),2022-04-22,https://www.inaturalist.org/observations/117422560,https://inaturalist-open-data.s3.amazonaws.com/photos/198310023/medium.jpg,"Straits of Florida, FL, US",25.79239667,-80.1263055,United States,Not Juvenile
117526551.0,2019-02-19 07:13:34-05:00,2019-02-19,https://www.inaturalist.org/observations/117526551,https://inaturalist-open-data.s3.amazonaws.com/photos/198493748/medium.jpg,"Singer Island, Juno Beach, FL, US",26.8601996,-80.06009519999999,United States,Not Juvenile
117691957.0,Wed Feb 23 2022 23:21:50 GMT -0500 (EST),2022-02-23,https://www.inaturalist.org/observations/117691957,https://inaturalist-open-data.s3.amazonaws.com/photos/198790355/medium.jpeg,Broward County,26.23077774,-80.08877563,United States,Not Juvenile
117806271.0,2022-05-19 21:18:00,2022-05-19,https://www.inaturalist.org/observations/117806271,https://inaturalist-open-data.s3.amazonaws.com/photos/198989644/medium.jpeg,"Cocoa Beach, FL 32931, USA",28.32423484,-80.60750149,United States,Not Juvenile
117847762.0,2022-05-04 15:58:28-04:00,2022-05-04,https://www.inaturalist.org/observations/117847762,https://static.inaturalist.org/photos/199062379/medium.jpg,"Straits of Florida, FL, US",25.80499667,-80.12251383,United States,Not Juvenile
117926211.0,2022-02-26 09:27:09-05:00,2022-02-26,https://www.inaturalist.org/observations/117926211,https://inaturalist-open-data.s3.amazonaws.com/photos/199196824/medium.jpg,"Key Biscayne, Key Biscayne, FL, US",25.721805,-80.14761117,United States,Not Juvenile
118134079.0,2019-12-28 17:35:34-05:00,2019-12-28,https://www.inaturalist.org/observations/118134079,https://inaturalist-open-data.s3.amazonaws.com/photos/199566343/medium.jpg,"Merritt Island, Cape Canaveral, FL, US",28.70176167,-80.66629667000001,United States,Not Juvenile
118287508.0,Sun May 22 2022 14:12:50 GMT -0400 (EDT),2022-05-22,https://www.inaturalist.org/observations/118287508,https://inaturalist-open-data.s3.amazonaws.com/photos/199833498/medium.jpeg,Cape Canaveral,28.6850338,-80.65358734,United States,Juvenile
118433628.0,2022-03-10 09:34:44-05:00,2022-03-10,https://www.inaturalist.org/observations/118433628,https://inaturalist-open-data.s3.amazonaws.com/photos/200097990/medium.jpg,"Rosenstiel School of Marine and Atmospheric Science, FL, US",25.73163333,-80.16197217,United States,Not Juvenile
118683171.0,2022-05-25 10:23:59-04:00,2022-05-25,https://www.inaturalist.org/observations/118683171,https://inaturalist-open-data.s3.amazonaws.com/photos/200551426/medium.jpg,"Straits of Florida, Miami, FL, US",25.757805,-80.14930000000001,United States,Not Juvenile
118715070.0,2022-05-25 19:34:10-04:00,2022-05-25,https://www.inaturalist.org/observations/118715070,https://inaturalist-open-data.s3.amazonaws.com/photos/200609678/medium.jpg,"Florida International University, North Miami, FL, US",25.9098238,-80.13729004,United States,Not Juvenile
119174314.0,2022-03-19 23:16:29-04:00,2022-03-19,https://www.inaturalist.org/observations/119174314,https://static.inaturalist.org/photos/201432886/medium.jpg,"Hutchinson Island, Stuart, FL, US",27.21179167,-80.17259167,United States,Not Juvenile
119444209.0,Sun Apr 03 2022 02:03:36 GMT -0400 (EDT),2022-04-03,https://www.inaturalist.org/observations/119444209,https://inaturalist-open-data.s3.amazonaws.com/photos/201913496/medium.jpeg,Miami Beach,25.78515244,-80.12871552,United States,Not Juvenile
119514558.0,2022-05-24 12:34:19,2022-05-24,https://www.inaturalist.org/observations/119514558,https://inaturalist-open-data.s3.amazonaws.com/photos/202040858/medium.jpeg,"Anastasia, St. Augustine, FL 32080, USA",29.8721361,-81.2688494,United States,Not Juvenile
119519614.0,2022-04-11 15:43:42,2022-04-11,https://www.inaturalist.org/observations/119519614,https://static.inaturalist.org/photos/202049621/medium.jpeg,"Palm Beach County, FL, USA",26.46214722,-80.05743333,United States,Not Juvenile
119682484.0,2022-03-16 15:23:38-04:00,2022-03-16,https://www.inaturalist.org/observations/119682484,https://inaturalist-open-data.s3.amazonaws.com/photos/202349131/medium.jpg,"Straits of Florida, Hollywood, FL, US",26.00898888,-80.11505000000001,United States,Not Juvenile
120593098.0,2022-06-06 16:39:39-04:00,2022-06-06,https://www.inaturalist.org/observations/120593098,https://static.inaturalist.org/photos/203982166/medium.jpg,"North Atlantic Ocean, FL, US",30.66531167,-81.43055833,United States,Not Juvenile
120704577.0,2022-04-11 20:43:57-04:00,2022-04-11,https://www.inaturalist.org/observations/120704577,https://inaturalist-open-data.s3.amazonaws.com/photos/204180169/medium.jpg,"Hollywood Beach, Hollywood, FL, US",26.02141358,-80.11456336,United States,Not Juvenile
120736380.0,2022-06-07 18:35:04-04:00,2022-06-07,https://www.inaturalist.org/observations/120736380,https://static.inaturalist.org/photos/204237867/medium.jpg,"North Atlantic Ocean, Jacksonville, FL, US",30.37903875,-81.39673978,United States,Not Juvenile
120756979.0,2022-06-07 21:36:30,2022-06-07,https://www.inaturalist.org/observations/120756979,https://static.inaturalist.org/photos/204276057/medium.jpeg,"Daytona Beach, FL, USA",29.278323,-81.031818,United States,Not Juvenile
120891104.0,2022-06-07 21:38:22,2022-06-07,https://www.inaturalist.org/observations/120891104,https://inaturalist-open-data.s3.amazonaws.com/photos/204516831/medium.jpeg,"A1A & Rockefeller Ob, Ormond Beach, FL 32176, USA",29.28022897,-81.033377,United States,Not Juvenile
121832553.0,2022-01-10 10:19:27-05:00,2022-01-10,https://www.inaturalist.org/observations/121832553,https://static.inaturalist.org/photos/206213632/medium.jpg,"Biscayne Bay, Miami, FL, US",25.79061333,-80.185395,United States,Not Juvenile
122417617.0,2021-07-19 14:29:00,2021-07-19,https://www.inaturalist.org/observations/122417617,https://inaturalist-open-data.s3.amazonaws.com/photos/207263726/medium.jpeg,"Aquinnah, MA, USA",41.34243589,-70.83399791000001,United States,Not Juvenile
123043867.0,2021-06-06 12:14:00-04:00,2021-06-06,https://www.inaturalist.org/observations/123043867,https://inaturalist-open-data.s3.amazonaws.com/photos/208404393/medium.jpg,"Radio Island, Morehead City, NC, US",34.706562,-76.68085575,United States,Not Juvenile
123404117.0,2018-01-27 00:00:00,2018-01-27,https://www.inaturalist.org/observations/123404117,https://inaturalist-open-data.s3.amazonaws.com/photos/209045870/medium.jpg,Jetty Park,28.406428499999997,-80.5940471,United States,Not Juvenile
123668872.0,2020-02-07 14:09:00,2020-02-07,https://www.inaturalist.org/observations/123668872,https://inaturalist-open-data.s3.amazonaws.com/photos/209527477/medium.jpg,"Florida Keys, Monroe County, FL, USA",24.71539227,-81.09218059,United States,Not Juvenile
124089491.0,Thu Jun 30 2022 06:17:24 GMT-0400 (EDT),2022-06-30,https://www.inaturalist.org/observations/124089491,https://inaturalist-open-data.s3.amazonaws.com/photos/210292692/medium.jpg,"North Atlantic Ocean, NC, US",35.90700848,-75.58450547,United States,Not Juvenile
124791845.0,2020-12-29 10:30:59-06:00,2020-12-29,https://www.inaturalist.org/observations/124791845,https://inaturalist-open-data.s3.amazonaws.com/photos/211553020/medium.jpg,"Key Biscayne, Key Biscayne, FL, US",25.69970333,-80.15525000000001,United States,Not Juvenile
124963612.0,Wed Jun 10 2020 08:17:26 GMT -0400 (EDT),2020-06-10,https://www.inaturalist.org/observations/124963612,https://inaturalist-open-data.s3.amazonaws.com/photos/211870857/medium.jpeg,North Topsail Beach,34.50679779,-77.38787079000001,United States,Not Juvenile
125526958.0,2022-07-09 10:08:13-04:00,2022-07-09,https://www.inaturalist.org/observations/125526958,https://static.inaturalist.org/photos/212879079/medium.jpg,"Cape Hatteras National Seashore, NC, US",35.22568874,-75.5347693,United States,Not Juvenile
125658051.0,2022-07-10 14:59:31,2022-07-10,https://www.inaturalist.org/observations/125658051,https://inaturalist-open-data.s3.amazonaws.com/photos/213114946/medium.jpeg,"Corolla, NC 27927, USA",36.35353809,-75.81733000000001,United States,Not Juvenile
125925743.0,2022-03-21 16:41:42-04:00,2022-03-21,https://www.inaturalist.org/observations/125925743,https://inaturalist-open-data.s3.amazonaws.com/photos/213605953/medium.jpg,"North Atlantic Ocean, FL, US",28.04660989,-80.54633576,United States,Not Juvenile
125984255.0,2022-07-09 10:08:00,2022-07-09,https://www.inaturalist.org/observations/125984255,https://static.inaturalist.org/photos/213708025/medium.jpg,United States,35.27583251,-75.56995749000001,United States,Not Juvenile
126230569.0,Wed Jul 13 2022 10:51:24 GMT-0400 (EDT),2022-07-13,https://www.inaturalist.org/observations/126230569,https://inaturalist-open-data.s3.amazonaws.com/photos/214155734/medium.jpg,"Martha's Vineyard, West Tisbury, MA, US",41.347275,-70.65374667,United States,Not Juvenile
126598979.0,2020-09-15 18:19:00,2020-09-15,https://www.inaturalist.org/observations/126598979,https://inaturalist-open-data.s3.amazonaws.com/photos/214822831/medium.jpeg,"Gooseberry Island, Westport, MA 02790, USA",41.4875,-71.038333,United States,Not Juvenile
126727848.0,2022-05-03 18:54:00,2022-05-03,https://www.inaturalist.org/observations/126727848,https://inaturalist-open-data.s3.amazonaws.com/photos/215053143/medium.jpg,"North Beach, FL, USA",27.78892472,-80.40871819,United States,Not Juvenile
126768355.0,2022-04-25 20:06:52-04:00,2022-04-25,https://www.inaturalist.org/observations/126768355,https://inaturalist-open-data.s3.amazonaws.com/photos/215130790/medium.jpg,"Ocean Edge Dr, Ormond Beach, FL, US",29.33078856,-81.05739594,United States,Not Juvenile
126891511.0,2022-03-16 13:45:50-07:00,2022-03-16,https://www.inaturalist.org/observations/126891511,https://inaturalist-open-data.s3.amazonaws.com/photos/215977524/medium.jpg,"Key Biscayne, Key Biscayne, FL, US",25.717255,-80.14901667,United States,Not Juvenile
127110298.0,Wed Jul 20 2022 11:18:28 GMT-0400 (EDT),2022-07-20,https://www.inaturalist.org/observations/127110298,https://inaturalist-open-data.s3.amazonaws.com/photos/215754740/medium.jpg,"Martha's Vineyard, Aquinnah, MA, US",41.310145,-70.79211333,United States,Not Juvenile
127521791.0,2018-02-19 08:24:38-05:00,2018-02-19,https://www.inaturalist.org/observations/127521791,https://inaturalist-open-data.s3.amazonaws.com/photos/216502076/medium.jpg,"North Atlantic Ocean, GA, US",31.15223294,-81.36520536,United States,Not Juvenile
127925214.0,2022-07-25 19:54:13-04:00,2022-07-25,https://www.inaturalist.org/observations/127925214,https://inaturalist-open-data.s3.amazonaws.com/photos/217237114/medium.jpg,"Lanyard Ln, West Dennis, MA, US",41.65184072,-70.15972028,United States,Not Juvenile
127991688.0,2021-05-06 15:23:13,2021-05-06,https://www.inaturalist.org/observations/127991688,https://inaturalist-open-data.s3.amazonaws.com/photos/217359261/medium.jpeg,"N Miramar Ave Boskind Rd (NE Corner), Ocean Park, FL 32903, USA",28.10597859,-80.56962568,United States,Not Juvenile
128070649.0,2022-07-26 19:34:01,2022-07-26,https://www.inaturalist.org/observations/128070649,https://static.inaturalist.org/photos/217503562/medium.jpeg,"West Dennis, Dennis, MA, USA",41.6520203,-70.161611,United States,Not Juvenile
128229391.0,2022-07-26 12:26:28-04:00,2022-07-26,https://www.inaturalist.org/observations/128229391,https://inaturalist-open-data.s3.amazonaws.com/photos/217790399/medium.jpg,"Edgartown Great Pond, Edgartown, MA, US",41.3516826,-70.55414387,United States,Not Juvenile
128356627.0,2022-07-28 16:47:00-04:00,2022-07-28,https://www.inaturalist.org/observations/128356627,https://inaturalist-open-data.s3.amazonaws.com/photos/218044871/medium.jpg,"Nantucket Sound, West Dennis, MA, US",41.65211367,-70.16361036,United States,Not Juvenile
129181957.0,2022-03-01 12:33:09-05:00,2022-03-01,https://www.inaturalist.org/observations/129181957,https://inaturalist-open-data.s3.amazonaws.com/photos/219498333/medium.jpg,"Biscayne Bay, FL, US",25.67601667,-80.16311667000001,United States,Not Juvenile
129696208.0,2022-08-06 10:05:47-04:00,2022-08-06,https://www.inaturalist.org/observations/129696208,https://inaturalist-open-data.s3.amazonaws.com/photos/220443098/medium.jpg,"Martha's Vineyard, Chilmark, MA, US",41.30848667,-70.78901667,United States,Not Juvenile
129782284.0,2022-05-31 10:46:14-04:00,2022-05-31,https://www.inaturalist.org/observations/129782284,https://static.inaturalist.org/photos/220604520/medium.jpg,"North Atlantic Ocean, GA, US",30.75858,-81.45865,United States,Not Juvenile
129788012.0,Wed Jul 27 2022 17:32:13 GMT+0000 (Coordinated Universal Time),2022-07-27,https://www.inaturalist.org/observations/129788012,https://inaturalist-open-data.s3.amazonaws.com/photos/220614910/medium.jpeg,United States,35.20172708,-75.70187292,United States,Not Juvenile
129867488.0,2022-08-07 10:56:48-04:00,2022-08-07,https://www.inaturalist.org/observations/129867488,https://static.inaturalist.org/photos/220760204/medium.jpg,"Nantucket Sound, Harwich Port, MA, US",41.66176167,-70.06675833,United States,Not Juvenile
129884729.0,2022-07-21 11:01:36-04:00,2022-07-21,https://www.inaturalist.org/observations/129884729,https://static.inaturalist.org/photos/220792105/medium.jpg,"MA, US",41.66377000000001,-69.99153833,United States,Not Juvenile
129889861.0,2022-08-07 17:19:33-04:00,2022-08-07,https://www.inaturalist.org/observations/129889861,https://inaturalist-open-data.s3.amazonaws.com/photos/220904136/medium.jpg,"Nantucket County, US-MA, US",41.26626587,-70.19212341000001,United States,Not Juvenile
130116570.0,2022-08-09 10:15:27-04:00,2022-08-09,https://www.inaturalist.org/observations/130116570,https://inaturalist-open-data.s3.amazonaws.com/photos/221227251/medium.jpg,"Martha's Vineyard, Edgartown, MA, US",41.35047,-70.57116167,United States,Not Juvenile
130116670.0,2022-08-09 11:02:47-04:00,2022-08-09,https://www.inaturalist.org/observations/130116670,https://inaturalist-open-data.s3.amazonaws.com/photos/221227513/medium.jpg,"Martha's Vineyard, Edgartown, MA, US",41.35030333,-70.55718833,United States,Not Juvenile
130170841.0,2022-08-09 17:24:13-04:00,2022-08-09,https://www.inaturalist.org/observations/130170841,https://static.inaturalist.org/photos/221329053/medium.jpg,"Rhode Island Sound, –í–µ—Å—Ç–ø–æ—Ä—Ç, MA, US",41.51482,-71.06826117,United States,Not Juvenile
130687982.0,2022-08-13 12:25:23-04:00,2022-08-13,https://www.inaturalist.org/observations/130687982,https://inaturalist-open-data.s3.amazonaws.com/photos/222286840/medium.jpg,"Vineyard Sound, Aquinnah, MA, US",41.36206078,-70.806495,United States,Not Juvenile
130690633.0,2022-03-07 10:52:52-05:00,2022-03-07,https://www.inaturalist.org/observations/130690633,https://inaturalist-open-data.s3.amazonaws.com/photos/222347933/medium.jpg,"North Atlantic Ocean, Ocean Ridge, FL, US",26.53688662,-80.04341747000001,United States,Not Juvenile
130705016.0,2022-03-23 19:23:13,2022-03-23,https://www.inaturalist.org/observations/130705016,https://static.inaturalist.org/photos/222319049/medium.jpeg,Fort Lauderdale,26.12264849,-80.13731763,United States,Not Juvenile
130705149.0,2022-03-23 19:22:27,2022-03-23,https://www.inaturalist.org/observations/130705149,https://static.inaturalist.org/photos/222319375/medium.jpeg,United States,26.16091611,-80.08478552,United States,Not Juvenile
131140356.0,2022-08-09 13:17:43-04:00,2022-08-09,https://www.inaturalist.org/observations/131140356,https://static.inaturalist.org/photos/223124306/medium.jpg,"Nantucket Island, Nantucket, MA, US",41.24741445,-70.13385055,United States,Not Juvenile
131226227.0,2022-08-17 13:16:36-04:00,2022-08-17,https://www.inaturalist.org/observations/131226227,https://inaturalist-open-data.s3.amazonaws.com/photos/223283708/medium.jpg,"New Harbor, New Shoreham, RI, US",41.18432167,-71.578225,United States,Not Juvenile
131486207.0,2022-06-17 18:47:12-04:00,2022-06-17,https://www.inaturalist.org/observations/131486207,https://static.inaturalist.org/photos/223768547/medium.jpg,"Ocean Lakes Family Campground, Myrtle Beach, SC, US",33.62565899,-78.95407793,United States,Not Juvenile
132496018.0,2020-05-23 13:30:00,2020-05-23,https://www.inaturalist.org/observations/132496018,https://inaturalist-open-data.s3.amazonaws.com/photos/225631362/medium.jpeg,"Carteret County, NC, USA",34.64292643,-77.09719665,United States,Not Juvenile
134125521.0,2022-03-07 16:43:00,2022-03-07,https://www.inaturalist.org/observations/134125521,https://inaturalist-open-data.s3.amazonaws.com/photos/228570461/medium.jpeg,United States,33.904868470000004,-78.24974123,United States,Not Juvenile
134125525.0,2022-03-05 12:00:00,2022-03-05,https://www.inaturalist.org/observations/134125525,https://inaturalist-open-data.s3.amazonaws.com/photos/228570376/medium.jpeg,United States,33.95830514,-77.9789345,United States,Not Juvenile
134125527.0,2022-03-05 11:53:00,2022-03-05,https://www.inaturalist.org/observations/134125527,https://inaturalist-open-data.s3.amazonaws.com/photos/228570364/medium.jpeg,United States,33.84649586,-77.9724402,United States,Not Juvenile
134125560.0,2022-03-05 11:57:00,2022-03-05,https://www.inaturalist.org/observations/134125560,https://inaturalist-open-data.s3.amazonaws.com/photos/228570361/medium.jpeg,United States,33.93560028,-77.92260354,United States,Not Juvenile
134977578.0,2019-01-24 09:03:00,2019-01-24,https://www.inaturalist.org/observations/134977578,https://inaturalist-open-data.s3.amazonaws.com/photos/230162922/medium.jpg,Curry Hammock State Park,24.74023,-80.981141,United States,Not Juvenile
135541492.0,2019-01-24 22:20:58Z,2019-01-24,https://www.inaturalist.org/observations/135541492,https://inaturalist-open-data.s3.amazonaws.com/photos/231191761/medium.jpg,"Long Key, Monroe County, FL",24.819858999999997,-80.82173399999999,United States,Not Juvenile
135541659.0,2019-01-24 22:40:58Z,2019-01-24,https://www.inaturalist.org/observations/135541659,https://inaturalist-open-data.s3.amazonaws.com/photos/231192012/medium.jpg,"Long Key, Monroe County, FL",24.819858999999997,-80.82173399999999,United States,Not Juvenile
136233036.0,2022-09-23 21:52:10-04:00,2022-09-23,https://www.inaturalist.org/observations/136233036,https://static.inaturalist.org/photos/232477380/medium.jpg,"S Atlantic Ave, FL, US",29.16358973,-80.97460889999999,United States,Not Juvenile
137025115.0,2022-04-07 17:25:43,2022-04-07,https://www.inaturalist.org/observations/137025115,https://static.inaturalist.org/photos/233950294/medium.jpeg,"Miami-Dade County, FL, USA",25.90452182,-80.12111273000001,United States,Not Juvenile
137362828.0,2022-10-02 21:18:08-04:00,2022-10-02,https://www.inaturalist.org/observations/137362828,https://inaturalist-open-data.s3.amazonaws.com/photos/234588515/medium.jpg,"Florida International University - Biscayne Bay Campus, North Miami, FL, US",25.90941735,-80.13923757,United States,Not Juvenile
137475591.0,2022-10-03 19:03:56-04:00,2022-10-03,https://www.inaturalist.org/observations/137475591,https://inaturalist-open-data.s3.amazonaws.com/photos/234803031/medium.jpg,"North Atlantic Ocean, Daytona Beach, FL, US",29.23364932,-80.99978695,United States,Not Juvenile
138459005.0,2022-10-09 08:54:00-04:00,2022-10-09,https://www.inaturalist.org/observations/138459005,https://inaturalist-open-data.s3.amazonaws.com/photos/236659625/medium.jpg,"NC, US",34.185877399999995,-77.81300516,United States,Not Juvenile
139312153.0,2021-03-07 17:54:00,2021-03-07,https://www.inaturalist.org/observations/139312153,https://inaturalist-open-data.s3.amazonaws.com/photos/238381604/medium.jpg,"Miami-Dade County, FL, USA",25.71953889,-80.14823889,United States,Not Juvenile
139350138.0,2022-04-11 17:51:24-04:00,2022-04-11,https://www.inaturalist.org/observations/139350138,https://inaturalist-open-data.s3.amazonaws.com/photos/238324102/medium.jpg,United States,26.72697388,-80.04272124,United States,Not Juvenile
139867280.0,2022-01-10 07:24:17-05:00,2022-01-10,https://www.inaturalist.org/observations/139867280,https://inaturalist-open-data.s3.amazonaws.com/photos/239314066/medium.jpg,"Straits of Florida, Fort Lauderdale, FL, US",26.12426667,-80.103325,United States,Not Juvenile
139933769.0,2020-06-04 08:49:26-04:00,2020-06-04,https://www.inaturalist.org/observations/139933769,https://inaturalist-open-data.s3.amazonaws.com/photos/239442306/medium.jpg,"NC, US",34.64726667,-77.08342783,United States,Not Juvenile
141112652.0,2022-11-04 13:06:11-04:00,2022-11-04,https://www.inaturalist.org/observations/141112652,https://inaturalist-open-data.s3.amazonaws.com/photos/241666295/medium.jpg,"Canaveral National Seashore, Cape Canaveral, FL, US",28.65301167,-80.62995333,United States,Not Juvenile
141299676.0,2022-11-06 15:15:26-05:00,2022-11-06,https://www.inaturalist.org/observations/141299676,https://inaturalist-open-data.s3.amazonaws.com/photos/242048769/medium.jpg,"North Atlantic Ocean, NC, US",34.63054441,-76.51452228000001,United States,Not Juvenile
141450379.0,2022-11-07 13:00:12,2022-11-07,https://www.inaturalist.org/observations/141450379,https://static.inaturalist.org/photos/242332481/medium.jpeg,"Coronado Beach, New Smyrna Beach, FL 32169, USA",29.02918409,-80.88973928,United States,Not Juvenile
141582058.0,2022-11-06 15:38:47-05:00,2022-11-06,https://www.inaturalist.org/observations/141582058,https://inaturalist-open-data.s3.amazonaws.com/photos/242587504/medium.jpg,"Sheep Islands, NC, US",34.62010333,-76.521545,United States,Not Juvenile
141592851.0,2022-11-09 11:22:09-05:00,2022-11-09,https://www.inaturalist.org/observations/141592851,https://static.inaturalist.org/photos/242607868/medium.jpg,"Cape Hatteras National Seashore, Rodanthe, NC, US",35.57263107,-75.46129549999999,United States,Not Juvenile
141647168.0,2022-11-10 17:09:38-05:00,2022-11-10,https://www.inaturalist.org/observations/141647168,https://inaturalist-open-data.s3.amazonaws.com/photos/242713016/medium.jpg,"S Virginia Dare Trail, Nags Head, NC, US",35.93737833,-75.61142833,United States,Not Juvenile
141647179.0,2022-11-10 17:13:48-05:00,2022-11-10,https://www.inaturalist.org/observations/141647179,https://inaturalist-open-data.s3.amazonaws.com/photos/242713047/medium.jpg,"North Atlantic Ocean, Nags Head, NC, US",35.93612167,-75.61056333,United States,Not Juvenile
141647184.0,2022-11-10 17:15:42-05:00,2022-11-10,https://www.inaturalist.org/observations/141647184,https://inaturalist-open-data.s3.amazonaws.com/photos/242713083/medium.jpg,"S Virginia Dare Trail, Nags Head, NC, US",35.93607,-75.610725,United States,Not Juvenile
141647203.0,2022-11-10 17:16:37-05:00,2022-11-10,https://www.inaturalist.org/observations/141647203,https://inaturalist-open-data.s3.amazonaws.com/photos/242713100/medium.jpg,"S Virginia Dare Trail, Nags Head, NC, US",35.936325,-75.61087833,United States,Not Juvenile
141655419.0,2022-11-10 17:09:42-05:00,2022-11-10,https://www.inaturalist.org/observations/141655419,https://inaturalist-open-data.s3.amazonaws.com/photos/242729261/medium.jpg,"S Virginia Dare Trail, Nags Head, NC, US",35.94252833,-75.616745,United States,Not Juvenile
141659282.0,2022-11-10 16:27:30-05:00,2022-11-10,https://www.inaturalist.org/observations/141659282,https://inaturalist-open-data.s3.amazonaws.com/photos/242736471/medium.jpg,"Cape Hatteras National Seashore, Frisco, NC, US",35.22021031,-75.65739395,United States,Not Juvenile
141672939.0,2022-11-10 21:26:47-05:00,2022-11-10,https://www.inaturalist.org/observations/141672939,https://inaturalist-open-data.s3.amazonaws.com/photos/242762455/medium.jpg,"Cape Hatteras National Seashore, Rodanthe, NC, US",35.54826167,-75.464225,United States,Not Juvenile
141693028.0,2022-11-06 11:43:00,2022-11-06,https://www.inaturalist.org/observations/141693028,https://static.inaturalist.org/photos/242800458/medium.jpeg,"Port Canaveral, FL 32920, USA",28.40598397,-80.58976981,United States,Not Juvenile
141704083.0,2020-09-01 17:28:11-04:00,2020-09-01,https://www.inaturalist.org/observations/141704083,https://inaturalist-open-data.s3.amazonaws.com/photos/242822345/medium.jpg,"N Ridgewood Ave, Daytona Beach, FL, US",29.2164074,-81.02578912,United States,Not Juvenile
141729933.0,2022-11-11 16:53:32-05:00,2022-11-11,https://www.inaturalist.org/observations/141729933,https://inaturalist-open-data.s3.amazonaws.com/photos/242871117/medium.jpg,"Station House Way, Bald Head Island, NC, US",33.84301728,-77.96220327,United States,Not Juvenile
141739282.0,2022-11-11 16:54:54-05:00,2022-11-11,https://www.inaturalist.org/observations/141739282,https://static.inaturalist.org/photos/242889040/medium.jpg,"Bald Head Island, NC, US",33.842974999999996,-77.96091333,United States,Not Juvenile
141789442.0,2022-11-12 09:26:01,2022-11-12,https://www.inaturalist.org/observations/141789442,https://inaturalist-open-data.s3.amazonaws.com/photos/242984285/medium.jpeg,"Oak Island Golf Club, NC 28465, USA",33.89916667,-78.05875278,United States,Not Juvenile
141793926.0,2022-11-12 10:57:45-05:00,2022-11-12,https://www.inaturalist.org/observations/141793926,https://inaturalist-open-data.s3.amazonaws.com/photos/242992194/medium.jpg,"North Atlantic Ocean, NC, US",34.644794999999995,-77.08999717,United States,Not Juvenile
141829282.0,2022-11-12 11:02:46,2022-11-12,https://www.inaturalist.org/observations/141829282,https://inaturalist-open-data.s3.amazonaws.com/photos/243059294/medium.jpeg,"Brunswick County, NC, USA",33.91273605,-78.22101239,United States,Not Juvenile
141947550.0,2022-11-12 12:11:01-05:00,2022-11-12,https://www.inaturalist.org/observations/141947550,https://inaturalist-open-data.s3.amazonaws.com/photos/243281578/medium.jpg,"Ocean Dr, Emerald Isle, NC, US",34.66941333,-76.99062167,United States,Not Juvenile
142067008.0,2022-11-15 07:28:09,2022-11-15,https://www.inaturalist.org/observations/142067008,https://static.inaturalist.org/photos/243506175/medium.jpeg,"Hollywood Beach, Hollywood, FL 33019, USA",26.01724722,-80.11475,United States,Not Juvenile
142137263.0,2022-11-15 14:57:30-05:00,2022-11-15,https://www.inaturalist.org/observations/142137263,https://static.inaturalist.org/photos/243640426/medium.jpg,"Freeman Park, Carolina Beach, NC, US",34.06291117,-77.87973833,United States,Not Juvenile
142155045.0,2022-03-21 18:40:54-04:00,2022-03-21,https://www.inaturalist.org/observations/142155045,https://inaturalist-open-data.s3.amazonaws.com/photos/243674995/medium.jpg,"Hutchinson Island, Jensen Beach, FL, US",27.299750000000003,-80.21662167,United States,Not Juvenile
142218048.0,2022-11-17 09:37:09-05:00,2022-11-17,https://www.inaturalist.org/observations/142218048,https://static.inaturalist.org/photos/243791219/medium.jpg,"North Atlantic Ocean, Boca Raton, FL, US",26.36148833,-80.068375,United States,Not Juvenile
142378200.0,2022-11-19 12:04:52,2022-11-19,https://www.inaturalist.org/observations/142378200,https://inaturalist-open-data.s3.amazonaws.com/photos/244080110/medium.jpeg,"Miami Beach, FL, USA",25.771626,-80.13011697,United States,Juvenile
142537138.0,2022-11-21 10:09:50-05:00,2022-11-21,https://www.inaturalist.org/observations/142537138,https://inaturalist-open-data.s3.amazonaws.com/photos/244386738/medium.jpg,"Dania Beach, Dania Beach, FL, US",26.05712217,-80.11167783,United States,Not Juvenile
142568076.0,2019-12-27 12:37:01-05:00,2019-12-27,https://www.inaturalist.org/observations/142568076,https://inaturalist-open-data.s3.amazonaws.com/photos/244446037/medium.jpg,"North Atlantic Ocean, GA, US",30.76348667,-81.45896167000001,United States,Not Juvenile
142596152.0,Tue Nov 22 2022 06:45:39 GMT -0500 (EST),2022-11-22,https://www.inaturalist.org/observations/142596152,https://static.inaturalist.org/photos/244497955/medium.jpeg,Hollywood,26.04611206,-80.11369324,United States,Not Juvenile
142602806.0,2022-11-21 10:44:17-05:00,2022-11-21,https://www.inaturalist.org/observations/142602806,https://static.inaturalist.org/photos/244510218/medium.jpg,"FL, US",26.10681117,-80.10424167000001,United States,Not Juvenile
142677389.0,2020-05-25 16:16:28-04:00,2020-05-25,https://www.inaturalist.org/observations/142677389,https://inaturalist-open-data.s3.amazonaws.com/photos/244653633/medium.jpg,"SR-A1A, Indian Harbour Beach, FL, US",28.1481805,-80.58222167,United States,Not Juvenile
142757132.0,2022-11-24 11:53:00,2022-11-24,https://www.inaturalist.org/observations/142757132,https://inaturalist-open-data.s3.amazonaws.com/photos/244804835/medium.jpeg,"Barrier Island, Fort Lauderdale, FL, USA",26.1140531,-80.10392386,United States,Not Juvenile
142757575.0,2022-11-24 10:43:00,2022-11-24,https://www.inaturalist.org/observations/142757575,https://inaturalist-open-data.s3.amazonaws.com/photos/244805986/medium.jpeg,United States,33.97101375,-77.95914191,United States,Not Juvenile
142757576.0,2022-11-24 10:31:00,2022-11-24,https://www.inaturalist.org/observations/142757576,https://inaturalist-open-data.s3.amazonaws.com/photos/244806050/medium.jpeg,United States,33.91033666,-77.9357753,United States,Not Juvenile
142757577.0,2022-11-24 10:11:00,2022-11-24,https://www.inaturalist.org/observations/142757577,https://inaturalist-open-data.s3.amazonaws.com/photos/244806081/medium.jpeg,United States,33.96189995,-77.87473309,United States,Not Juvenile
142757579.0,2022-11-24 10:21:00,2022-11-24,https://www.inaturalist.org/observations/142757579,https://inaturalist-open-data.s3.amazonaws.com/photos/244806120/medium.jpeg,United States,33.8919807,-77.87954015,United States,Not Juvenile
142784478.0,2022-11-24 17:13:16,2022-11-24,https://www.inaturalist.org/observations/142784478,https://static.inaturalist.org/photos/244857744/medium.jpeg,"Pompano Beach, FL 33062, USA",26.23376667,-80.08924167,United States,Not Juvenile
142973930.0,2022-11-26 15:37:50-05:00,2022-11-26,https://www.inaturalist.org/observations/142973930,https://static.inaturalist.org/photos/245186794/medium.jpg,"North Atlantic Ocean, Nags Head, NC, US",35.948625,-75.61780499999999,United States,Not Juvenile
143106854.0,Sun Nov 27 2022 17:59:01 GMT -0500 (EST),2022-11-27,https://www.inaturalist.org/observations/143106854,https://inaturalist-open-data.s3.amazonaws.com/photos/245407154/medium.jpeg,Miami-Dade County,25.90748596,-80.12100219999999,United States,Not Juvenile
143267957.0,2022-11-29 09:30:36-05:00,2022-11-29,https://www.inaturalist.org/observations/143267957,https://inaturalist-open-data.s3.amazonaws.com/photos/245686496/medium.jpg,"Lauderdale-by-the-Sea, FL, US",26.19713667,-80.09375833,United States,Not Juvenile
143374456.0,Wed Nov 30 2022 14:59:11 GMT -0500 (EST),2022-11-30,https://www.inaturalist.org/observations/143374456,https://inaturalist-open-data.s3.amazonaws.com/photos/245876608/medium.jpeg,Broward County,26.23419189,-80.08789063,United States,Not Juvenile
143500208.0,2022-12-02 10:31:08-05:00,2022-12-02,https://www.inaturalist.org/observations/143500208,https://inaturalist-open-data.s3.amazonaws.com/photos/246424001/medium.jpg,"North Atlantic Ocean, Jupiter, FL, US",26.934244999999997,-80.06862783,United States,Not Juvenile
143513031.0,2022-12-02 14:44:08,2022-12-02,https://www.inaturalist.org/observations/143513031,https://static.inaturalist.org/photos/246133700/medium.jpeg,"Martin County, FL, USA",27.2534925,-80.1998852,United States,Not Juvenile
143513695.0,2022-12-02 14:57:44-05:00,2022-12-02,https://www.inaturalist.org/observations/143513695,https://inaturalist-open-data.s3.amazonaws.com/photos/246134838/medium.jpg,"North Hutchinson Island, Indian River Shores, FL, US",27.74704241,-80.38723877,United States,Not Juvenile
143531772.0,2022-12-02 16:29:34-05:00,2022-12-02,https://www.inaturalist.org/observations/143531772,https://inaturalist-open-data.s3.amazonaws.com/photos/246168663/medium.jpg,"Biscayne Bay, FL, US",25.46513,-80.33446333,United States,Not Juvenile
143541340.0,Fri Dec 02 2022 23:12:19 GMT -0500 (EST),2022-12-02,https://www.inaturalist.org/observations/143541340,https://static.inaturalist.org/photos/247351718/medium.jpeg,Hollywood,26.05482483,-80.11183167,United States,Not Juvenile
143559855.0,2022-12-03 07:20:52-05:00,2022-12-03,https://www.inaturalist.org/observations/143559855,https://static.inaturalist.org/photos/246222549/medium.jpg,"North Hutchinson Island, Vero Beach, FL, US",27.78192167,-80.405945,United States,Not Juvenile
143569486.0,2022-12-02 13:07:35-05:00,2022-12-02,https://www.inaturalist.org/observations/143569486,https://inaturalist-open-data.s3.amazonaws.com/photos/246241601/medium.jpg,"Kure Beach, NC, US",33.944950000000006,-77.92893333,United States,Not Juvenile
143597915.0,2022-12-03 16:44:40-05:00,2022-12-03,https://www.inaturalist.org/observations/143597915,https://static.inaturalist.org/photos/246295439/medium.jpg,"Crandon Park, Key Biscayne, FL, US",25.70922175,-80.15178003,United States,Not Juvenile
143613317.0,2022-12-03 11:52:06-05:00,2022-12-03,https://www.inaturalist.org/observations/143613317,https://static.inaturalist.org/photos/246325387/medium.jpg,"North Hutchinson Island, Vero Beach, FL, US",27.75978059,-80.39577827000001,United States,Not Juvenile
143623785.0,2022-11-30 13:30:54-05:00,2022-11-30,https://www.inaturalist.org/observations/143623785,https://static.inaturalist.org/photos/249962736/medium.jpg,"Straits of Florida, FL, US",25.81718667,-80.12036117,United States,Not Juvenile
143637911.0,2022-12-04 07:09:22,2022-12-04,https://www.inaturalist.org/observations/143637911,https://static.inaturalist.org/photos/246373222/medium.jpeg,"Bal Harbour, Florida 33154, USA",25.891308199999997,-80.1212597,United States,Not Juvenile
143683661.0,2022-12-04 15:48:06-05:00,2022-12-04,https://www.inaturalist.org/observations/143683661,https://inaturalist-open-data.s3.amazonaws.com/photos/246459353/medium.jpg,"SR-A1A, Crescent Beach, FL, US",29.74621167,-81.24327833,United States,Not Juvenile
143803936.0,2022-12-06 12:20:23,2022-12-06,https://www.inaturalist.org/observations/143803936,https://static.inaturalist.org/photos/246691550/medium.jpeg,"Wrightsville Beach, NC, USA",34.2072746,-77.7945555,United States,Not Juvenile
143872116.0,2022-12-07 10:34:42,2022-12-07,https://www.inaturalist.org/observations/143872116,https://inaturalist-open-data.s3.amazonaws.com/photos/246817341/medium.jpeg,"Miami-Dade County, US-FL, US",25.76476269,-80.13014744,United States,Not Juvenile
143876516.0,2022-12-07 10:37:10,2022-12-07,https://www.inaturalist.org/observations/143876516,https://inaturalist-open-data.s3.amazonaws.com/photos/246825827/medium.jpeg,"Miami-Dade County, US-FL, US",25.764325,-80.13014189,United States,Not Juvenile
143876527.0,2022-12-07 10:37:39,2022-12-07,https://www.inaturalist.org/observations/143876527,https://inaturalist-open-data.s3.amazonaws.com/photos/246825839/medium.jpeg,"Miami-Dade County, US-FL, US",25.76427648,-80.13016888,United States,Not Juvenile
143876534.0,2022-12-07 10:39:53,2022-12-07,https://www.inaturalist.org/observations/143876534,https://inaturalist-open-data.s3.amazonaws.com/photos/246825869/medium.jpeg,"Miami-Dade County, US-FL, US",25.76491219,-80.13018684000001,United States,Not Juvenile
143963171.0,2022-12-08 09:35:10,2022-12-08,https://www.inaturalist.org/observations/143963171,https://static.inaturalist.org/photos/246991909/medium.jpeg,"Pompano Beach, FL, USA",26.25359167,-80.08397667,United States,Not Juvenile
143965417.0,2022-12-08 15:06:57,2022-12-08,https://www.inaturalist.org/observations/143965417,https://static.inaturalist.org/photos/247148864/medium.jpeg,"Fort Lauderdale, FL 33316, USA",26.11071111,-80.10413056,United States,Not Juvenile
143999463.0,Fri Dec 09 2022 06:52:15 GMT -0500 (EST),2022-12-09,https://www.inaturalist.org/observations/143999463,https://inaturalist-open-data.s3.amazonaws.com/photos/247059335/medium.jpeg,Fort Lauderdale,26.11424255,-80.10519409,United States,Not Juvenile
144005653.0,2022-12-09 08:38:17,2022-12-09,https://www.inaturalist.org/observations/144005653,https://static.inaturalist.org/photos/247071060/medium.jpeg,"New Hanover County, NC, USA",33.96490069,-77.92053893,United States,Not Juvenile
144006036.0,2022-12-09 08:50:00,2022-12-09,https://www.inaturalist.org/observations/144006036,https://static.inaturalist.org/photos/247071794/medium.jpeg,"Kure Beach, NC 28449, USA",33.96439237,-77.92081755,United States,Not Juvenile
144081841.0,2022-12-10 11:35:03-05:00,2022-12-10,https://www.inaturalist.org/observations/144081841,https://static.inaturalist.org/photos/247218416/medium.jpg,"S Lumina Ave, Wrightsville Beach, NC, US",34.196675,-77.80237000000001,United States,Not Juvenile
144084577.0,2022-12-10 10:51:48,2022-12-10,https://www.inaturalist.org/observations/144084577,https://inaturalist-open-data.s3.amazonaws.com/photos/247223606/medium.jpeg,"Carolina Beach, NC 28428, USA",34.01825055,-77.89774586,United States,Not Juvenile
144105423.0,2022-12-10 14:22:00,2022-12-10,https://www.inaturalist.org/observations/144105423,https://inaturalist-open-data.s3.amazonaws.com/photos/247263703/medium.jpeg,"North Carolina, US",34.27486157,-77.72038309999999,United States,Not Juvenile
144105468.0,2022-12-10 00:00:00,2022-12-10,https://www.inaturalist.org/observations/144105468,https://inaturalist-open-data.s3.amazonaws.com/photos/247263782/medium.jpeg,"North Carolina, US",34.30113199,-77.67013951,United States,Not Juvenile
144105500.0,2022-12-10 14:22:00,2022-12-10,https://www.inaturalist.org/observations/144105500,https://inaturalist-open-data.s3.amazonaws.com/photos/247263887/medium.jpeg,"North Carolina, US",34.37614259,-77.67143406,United States,Not Juvenile
144110612.0,2022-12-10 08:03:29-05:00,2022-12-10,https://www.inaturalist.org/observations/144110612,https://static.inaturalist.org/photos/247274575/medium.jpg,"Atlantic Ave, Kure Beach, NC, US",33.99901667,-77.90487833,United States,Not Juvenile
144115554.0,2022-12-10 16:45:30-05:00,2022-12-10,https://www.inaturalist.org/observations/144115554,https://inaturalist-open-data.s3.amazonaws.com/photos/247344875/medium.jpg,"North Atlantic Ocean, FL, US",29.80603833,-81.26039167,United States,Not Juvenile
144124231.0,2022-12-10 16:29:44-05:00,2022-12-10,https://www.inaturalist.org/observations/144124231,https://inaturalist-open-data.s3.amazonaws.com/photos/247302288/medium.jpg,"Folly Island, Folly Beach, SC, US",32.686620000000005,-79.88766333,United States,Not Juvenile
144153382.0,2022-12-11 10:01:43,2022-12-11,https://www.inaturalist.org/observations/144153382,https://static.inaturalist.org/photos/247358888/medium.jpeg,"Wrightsville Beach, NC, USA",34.21146057,-77.79084675,United States,Not Juvenile
144199019.0,2022-12-11 15:53:16-05:00,2022-12-11,https://www.inaturalist.org/observations/144199019,https://static.inaturalist.org/photos/248014901/medium.jpg,"S Lumina Ave, Wrightsville Beach, NC, US",34.19392997,-77.80450573,United States,Not Juvenile
144251921.0,2022-12-11 10:48:39,2022-12-11,https://www.inaturalist.org/observations/144251921,https://inaturalist-open-data.s3.amazonaws.com/photos/247544313/medium.jpeg,Omni Amelia Island Resort,30.5555222,-81.44402482,United States,Not Juvenile
144330015.0,2022-12-13 10:52:13-05:00,2022-12-13,https://www.inaturalist.org/observations/144330015,https://static.inaturalist.org/photos/247692789/medium.jpg,"Hilton Head Island, Hilton Head Island, SC, US",32.13713883,-80.75731667000001,United States,Not Juvenile
144362550.0,2022-05-03 16:46:00,2022-05-03,https://www.inaturalist.org/observations/144362550,https://static.inaturalist.org/photos/247754311/medium.jpg,"Jacksonville, FL, USA",30.363356999999997,-81.397041,United States,Not Juvenile
144365798.0,2022-12-14 11:51:52-05:00,2022-12-14,https://www.inaturalist.org/observations/144365798,https://static.inaturalist.org/photos/248347872/medium.jpg,"NE Tenth St, Pompano Beach, FL, US",26.24716316,-80.08636417,United States,Not Juvenile
144366272.0,2022-12-14 12:04:09-05:00,2022-12-14,https://www.inaturalist.org/observations/144366272,https://inaturalist-open-data.s3.amazonaws.com/photos/247761162/medium.jpg,"Edisto Island, Edisto Island, SC, US",32.509692699999995,-80.29244049,United States,Not Juvenile
144377059.0,2022-12-14 15:27:01-05:00,2022-12-14,https://www.inaturalist.org/observations/144377059,https://inaturalist-open-data.s3.amazonaws.com/photos/254565280/medium.jpg,"Jekyll Island State Park, Jekyll Island, GA, US",31.01786613,-81.42615509,United States,Not Juvenile
144427290.0,Thu Dec 15 2022 12:32:49 GMT -0500 (EST),2022-12-15,https://www.inaturalist.org/observations/144427290,https://static.inaturalist.org/photos/247877490/medium.jpeg,Lauderdale-by-the-Sea,26.19142151,-80.09480286,United States,Not Juvenile
144428433.0,Thu Dec 15 2022 13:00:56 GMT-0500 (EST),2022-12-15,https://www.inaturalist.org/observations/144428433,https://static.inaturalist.org/photos/247880122/medium.jpg,"Ashe Island, North Topsail Beach, NC, US",34.49648593,-77.41057028,United States,Not Juvenile
144430511.0,Thu Dec 15 2022 13:17:29 GMT-0500 (EST),2022-12-15,https://www.inaturalist.org/observations/144430511,https://static.inaturalist.org/photos/247883809/medium.jpg,"Ashe Island, North Topsail Beach, NC, US",34.49844274,-77.40673543,United States,Not Juvenile
144477477.0,2018-01-08 15:42:49,2018-01-08,https://www.inaturalist.org/observations/144477477,https://inaturalist-open-data.s3.amazonaws.com/photos/247975393/medium.jpeg,"Dania Beach, FL 33004, USA",26.05843478,-80.11145689,United States,Not Juvenile
144479519.0,Fri Dec 16 2022 10:48:17 GMT -0500 (EST),2022-12-16,https://www.inaturalist.org/observations/144479519,https://inaturalist-open-data.s3.amazonaws.com/photos/247978892/medium.jpeg,Folly Beach,32.64093018,-79.97027588,United States,Not Juvenile
144555912.0,2022-12-17 14:44:22-05:00,2022-12-17,https://www.inaturalist.org/observations/144555912,https://static.inaturalist.org/photos/248126245/medium.jpg,"Royal Palm Island, Sunny Isles Beach, FL, US",25.92143667,-80.12093333,United States,Not Juvenile
144572067.0,2022-03-22 16:30:32-04:00,2022-03-22,https://www.inaturalist.org/observations/144572067,https://inaturalist-open-data.s3.amazonaws.com/photos/248157096/medium.jpg,"Oc√©ano Atl√°ntico Norte, Satellite Beach, FL, US",28.1794891,-80.58933459,United States,Not Juvenile
144627728.0,2022-12-17 16:16:17-05:00,2022-12-17,https://www.inaturalist.org/observations/144627728,https://inaturalist-open-data.s3.amazonaws.com/photos/248267331/medium.jpg,"South Beach, FL, US",25.77634167,-80.12905,United States,Not Juvenile
144674911.0,2022-12-19 12:01:37-05:00,2022-12-19,https://www.inaturalist.org/observations/144674911,https://inaturalist-open-data.s3.amazonaws.com/photos/248359559/medium.jpg,"Straits of Florida, FL, US",25.84072833,-80.11872217,United States,Not Juvenile
144675745.0,Mon Dec 19 2022 12:22:06 GMT -0500 (EST),2022-12-19,https://www.inaturalist.org/observations/144675745,https://inaturalist-open-data.s3.amazonaws.com/photos/248361354/medium.jpeg,Miami Beach,25.86062622,-80.11904907,United States,Not Juvenile
144678381.0,2022-12-19 12:48:46,2022-12-19,https://www.inaturalist.org/observations/144678381,https://static.inaturalist.org/photos/248373505/medium.jpeg,"Palm Beach County, US-FL, US",26.90176528,-80.05921941,United States,Not Juvenile
144681637.0,Mon Dec 19 2022 14:28:51 GMT -0500 (EST),2022-12-19,https://www.inaturalist.org/observations/144681637,https://inaturalist-open-data.s3.amazonaws.com/photos/248373001/medium.jpeg,Miami Beach,25.81204224,-80.12194824,United States,Not Juvenile
144689553.0,2022-12-19 16:57:57-05:00,2022-12-19,https://www.inaturalist.org/observations/144689553,https://static.inaturalist.org/photos/248389006/medium.jpg,"Straits of Florida, Miami Beach, FL, US",25.83481333,-80.11920283,United States,Not Juvenile
144730294.0,2022-12-20 09:08:16-05:00,2022-12-20,https://www.inaturalist.org/observations/144730294,https://static.inaturalist.org/photos/248469651/medium.jpg,"Straits of Florida, FL, US",26.317280000000004,-80.07482217,United States,Not Juvenile
144731895.0,2022-12-20 09:38:16-05:00,2022-12-20,https://www.inaturalist.org/observations/144731895,https://static.inaturalist.org/photos/248471688/medium.jpg,"Bal Harbour, FL, US",25.88869403,-80.12119729999999,United States,Not Juvenile
144737647.0,2022-12-20 11:32:46-05:00,2022-12-20,https://www.inaturalist.org/observations/144737647,https://static.inaturalist.org/photos/248480450/medium.jpg,"North Atlantic Ocean, FL, US",26.45818597,-80.05777848,United States,Not Juvenile
144738513.0,2022-12-20 11:51:39,2022-12-20,https://www.inaturalist.org/observations/144738513,https://static.inaturalist.org/photos/248481989/medium.jpeg,"Hollywood Beach, Hollywood, FL 33019, USA",26.01394105,-80.11498138,United States,Not Juvenile
144742852.0,2022-12-20 12:09:00,2022-12-20,https://www.inaturalist.org/observations/144742852,https://inaturalist-open-data.s3.amazonaws.com/photos/248488904/medium.jpg,"Sunny Isles Beach, Florida 33160, EE. UU.",25.93011263,-80.12030275000001,United States,Not Juvenile
144742888.0,2022-12-20 12:28:00,2022-12-20,https://www.inaturalist.org/observations/144742888,https://inaturalist-open-data.s3.amazonaws.com/photos/248490664/medium.jpg,"Sunny Isles Beach, Florida 33160, EE. UU.",25.93013214,-80.12030012,United States,Not Juvenile
144751208.0,2022-12-20 15:37:21,2022-12-20,https://www.inaturalist.org/observations/144751208,https://inaturalist-open-data.s3.amazonaws.com/photos/248507525/medium.jpeg,"North Beach, Miami Beach, FL 33141, USA",25.85928611,-80.11963333,United States,Not Juvenile
144763085.0,2022-12-19 13:38:23,2022-12-19,https://www.inaturalist.org/observations/144763085,https://inaturalist-open-data.s3.amazonaws.com/photos/248531152/medium.jpeg,"Martin County, FL, USA",27.24538597,-80.190871,United States,Not Juvenile
144795443.0,2022-12-20 15:54:00,2022-12-20,https://www.inaturalist.org/observations/144795443,https://inaturalist-open-data.s3.amazonaws.com/photos/248594841/medium.jpeg,Melbourne,28.0835935,-80.60810901,United States,Not Juvenile
144817095.0,2022-12-21 15:22:40-05:00,2022-12-21,https://www.inaturalist.org/observations/144817095,https://static.inaturalist.org/photos/248637714/medium.jpg,"Ponte Vedra Blvd, Ponte Vedra Beach, FL, US",30.1304305,-81.34783,United States,Not Juvenile
144823958.0,2022-12-21 14:03:39-05:00,2022-12-21,https://www.inaturalist.org/observations/144823958,https://static.inaturalist.org/photos/248650478/medium.jpg,"Guana River, Ponte Vedra Beach, FL, US",30.04184035,-81.33262389000001,United States,Not Juvenile
144825063.0,2022-12-21 15:11:17-05:00,2022-12-21,https://www.inaturalist.org/observations/144825063,https://inaturalist-open-data.s3.amazonaws.com/photos/248653041/medium.jpg,"Straits of Florida, Surfside, FL, US",25.88128333,-80.12037783,United States,Not Juvenile
144871219.0,2022-12-22 14:15:17-05:00,2022-12-22,https://www.inaturalist.org/observations/144871219,https://inaturalist-open-data.s3.amazonaws.com/photos/248743266/medium.jpg,"Straits of Florida, Miami, FL, US",25.73526685,-80.15537526,United States,Not Juvenile
144876476.0,2022-12-14 11:09:38,2022-12-14,https://www.inaturalist.org/observations/144876476,https://inaturalist-open-data.s3.amazonaws.com/photos/248753768/medium.jpeg,"IND CRK VLG, FL 33154, USA",25.9020539,-80.1217199,United States,Not Juvenile
144983883.0,2022-12-14 16:27:00,2022-12-14,https://www.inaturalist.org/observations/144983883,https://inaturalist-open-data.s3.amazonaws.com/photos/248963175/medium.jpg,"Volusia County, FL, USA",29.07134444,-80.91085833,United States,Not Juvenile
145048793.0,2022-12-20 11:58:05-05:00,2022-12-20,https://www.inaturalist.org/observations/145048793,https://static.inaturalist.org/photos/249086770/medium.jpg,"Straits of Florida, Hollywood, FL, US",26.01409445,-80.1149305,United States,Not Juvenile
145064316.0,2022-12-13 00:00:00,2022-12-13,https://www.inaturalist.org/observations/145064316,https://static.inaturalist.org/photos/249117391/medium.jpeg,Hilton Head Island,32.21629069,-80.75260799,United States,Not Juvenile
145236866.0,2022-12-20 13:22:20-05:00,2022-12-20,https://www.inaturalist.org/observations/145236866,https://static.inaturalist.org/photos/249450090/medium.jpg,"Royal Palm Island, Â•ΩËé±Âùû, FL, US",26.06558883,-80.11106117,United States,Not Juvenile
145261782.0,Wed Dec 28 2022 09:06:08 GMT -0500 (EST),2022-12-28,https://www.inaturalist.org/observations/145261782,https://inaturalist-open-data.s3.amazonaws.com/photos/249497878/medium.jpeg,"Miami-Dade County, US-FL, US",25.81488037,-80.12072754,United States,Not Juvenile
145268043.0,2022-12-28 11:04:32-05:00,2022-12-28,https://www.inaturalist.org/observations/145268043,https://inaturalist-open-data.s3.amazonaws.com/photos/249509518/medium.jpg,"Royal Palm Island, Sunny Isles Beach, FL, US",25.93948007,-80.11943224,United States,Not Juvenile
145270143.0,Wed Dec 28 2022 11:47:03 GMT -0500 (EST),2022-12-28,https://www.inaturalist.org/observations/145270143,https://inaturalist-open-data.s3.amazonaws.com/photos/249513762/medium.jpeg,Delray Beach,26.4581604,-80.05940247,United States,Not Juvenile
145274987.0,2022-12-19 09:09:07,2022-12-19,https://www.inaturalist.org/observations/145274987,https://static.inaturalist.org/photos/249522743/medium.jpeg,"Ocean Dr and 12th Street, Miami Beach, FL 33139, USA",25.78248889,-80.12968333,United States,Not Juvenile
145281614.0,2022-12-28 08:40:20-05:00,2022-12-28,https://www.inaturalist.org/observations/145281614,https://inaturalist-open-data.s3.amazonaws.com/photos/249535082/medium.jpg,"North Hutchinson Island, FL, US",27.48424667,-80.29495333,United States,Not Juvenile
145281828.0,2022-12-28 14:57:44-05:00,2022-12-28,https://www.inaturalist.org/observations/145281828,https://inaturalist-open-data.s3.amazonaws.com/photos/249549055/medium.jpg,"North Atlantic Ocean, FL, US",27.07026799,-80.11609959,United States,Not Juvenile
145284742.0,2022-12-28 15:13:28,2022-12-28,https://www.inaturalist.org/observations/145284742,https://static.inaturalist.org/photos/250624954/medium.jpeg,"A1A & NE 9 St, Fort Lauderdale, FL 33304, USA",26.13721671,-80.10243132000001,United States,Not Juvenile
145284826.0,2022-12-28 15:43:57-05:00,2022-12-28,https://www.inaturalist.org/observations/145284826,https://static.inaturalist.org/photos/249542299/medium.jpg,"North Atlantic Ocean, Palm Beach, FL, US",26.720825,-80.0339805,United States,Not Juvenile
145289932.0,2022-12-20 16:26:55-04:00,2022-12-20,https://www.inaturalist.org/observations/145289932,https://static.inaturalist.org/photos/249551551/medium.jpg,"Jupiter Island, Jupiter Island, FL, US",26.97879067,-80.08275711,United States,Not Juvenile
145290143.0,2022-12-20 16:38:12-04:00,2022-12-20,https://www.inaturalist.org/observations/145290143,https://static.inaturalist.org/photos/249551936/medium.jpg,"Jupiter Island, Jupiter Island, FL, US",26.97878785,-80.08276272,United States,Not Juvenile
145290490.0,2022-12-20 17:23:59-04:00,2022-12-20,https://www.inaturalist.org/observations/145290490,https://static.inaturalist.org/photos/249552584/medium.jpg,"Jupiter Island, Jupiter Island, FL, US",26.97881157,-80.08280104,United States,Not Juvenile
145291753.0,2022-12-21 12:08:19-04:00,2022-12-21,https://www.inaturalist.org/observations/145291753,https://static.inaturalist.org/photos/249555155/medium.jpg,"S Ocean Blvd, Palm Beach, FL, US",26.70242658,-80.03293889,United States,Not Juvenile
145309859.0,2022-12-28 21:54:30,2022-12-28,https://www.inaturalist.org/observations/145309859,https://static.inaturalist.org/photos/249590784/medium.jpeg,"Broward County, US-FL, US",26.1384093,-80.10267422,United States,Not Juvenile
145316006.0,2022-12-19 15:15:00,2022-12-19,https://www.inaturalist.org/observations/145316006,https://inaturalist-open-data.s3.amazonaws.com/photos/249599843/medium.jpeg,"Palm Beach County, FL, USA",26.96333803,-80.07780665,United States,Juvenile
145316024.0,2022-12-19 15:16:00,2022-12-19,https://www.inaturalist.org/observations/145316024,https://inaturalist-open-data.s3.amazonaws.com/photos/249599886/medium.jpeg,"Palm Beach, Florida, United States",26.96273667,-80.07804167,United States,Not Juvenile
145316061.0,2022-12-19 15:22:00,2022-12-19,https://www.inaturalist.org/observations/145316061,https://inaturalist-open-data.s3.amazonaws.com/photos/249600004/medium.jpeg,"Palm Beach, Florida, United States",26.96113333,-80.07753833,United States,Not Juvenile
145354545.0,2022-12-29 10:39:24-05:00,2022-12-29,https://www.inaturalist.org/observations/145354545,https://inaturalist-open-data.s3.amazonaws.com/photos/249653346/medium.jpg,"Straits of Florida, FL, US",25.73165983,-80.16208313,United States,Not Juvenile
145356435.0,2022-12-29 11:03:08-05:00,2022-12-29,https://www.inaturalist.org/observations/145356435,https://static.inaturalist.org/photos/249654580/medium.jpg,"S Ocean Blvd, Pompano Beach, FL, US",26.22456966,-80.08988176,United States,Not Juvenile
145356465.0,2022-12-29 11:03:55-05:00,2022-12-29,https://www.inaturalist.org/observations/145356465,https://static.inaturalist.org/photos/249654641/medium.jpg,"S Ocean Blvd, Pompano Beach, FL, US",26.22401625,-80.08938286,United States,Not Juvenile
145366018.0,2022-12-29 09:42:50-05:00,2022-12-29,https://www.inaturalist.org/observations/145366018,https://inaturalist-open-data.s3.amazonaws.com/photos/249712964/medium.jpg,"South Beach, FL, US",25.77529732,-80.12947384,United States,Not Juvenile
145370506.0,2022-12-29 14:50:58-05:00,2022-12-29,https://www.inaturalist.org/observations/145370506,https://inaturalist-open-data.s3.amazonaws.com/photos/249681138/medium.jpg,"North Atlantic Ocean, North Palm Beach, FL, US",26.8198816,-80.03724039000001,United States,Not Juvenile
145380845.0,Thu Dec 29 2022 17:24:06 GMT-0500 (EST),2022-12-29,https://www.inaturalist.org/observations/145380845,https://inaturalist-open-data.s3.amazonaws.com/photos/249701865/medium.jpg,"Royal Palm Island, Sunny Isles Beach, FL, US",25.93544166,-80.11987773,United States,Not Juvenile
145380953.0,Thu Dec 29 2022 17:25:21 GMT-0500 (EST),2022-12-29,https://www.inaturalist.org/observations/145380953,https://inaturalist-open-data.s3.amazonaws.com/photos/249701941/medium.jpg,"Royal Palm Island, Sunny Isles Beach, FL, US",25.93559217,-80.11996901,United States,Not Juvenile
145391400.0,2022-12-29 16:29:03,2022-12-29,https://www.inaturalist.org/observations/145391400,https://inaturalist-open-data.s3.amazonaws.com/photos/249722687/medium.jpeg,"Miami Beach, FL 33140, USA",25.80434167,-80.12294167,United States,Juvenile
145391802.0,2022-12-29 12:00:38-05:00,2022-12-29,https://www.inaturalist.org/observations/145391802,https://inaturalist-open-data.s3.amazonaws.com/photos/249723572/medium.jpg,"North Atlantic Ocean, FL, US",27.62853934,-80.34911023000001,United States,Not Juvenile
145419858.0,Fri Dec 30 2022 07:14:59 GMT -0500 (EST),2022-12-30,https://www.inaturalist.org/observations/145419858,https://inaturalist-open-data.s3.amazonaws.com/photos/249863002/medium.jpeg,Broward County,26.1632328,-80.09832764000001,United States,Not Juvenile
145430659.0,2022-12-30 10:18:06-05:00,2022-12-30,https://www.inaturalist.org/observations/145430659,https://inaturalist-open-data.s3.amazonaws.com/photos/249798340/medium.jpg,"North Atlantic Ocean, FL, US",24.94263,-80.591775,United States,Not Juvenile
145433000.0,2022-12-30 11:31:14-05:00,2022-12-30,https://www.inaturalist.org/observations/145433000,https://inaturalist-open-data.s3.amazonaws.com/photos/249803068/medium.jpg,"Hutchinson Island, Jensen Beach, FL, US",27.25827734,-80.19801793,United States,Not Juvenile
145441608.0,2022-12-30 13:36:20-05:00,2022-12-30,https://www.inaturalist.org/observations/145441608,https://inaturalist-open-data.s3.amazonaws.com/photos/267135368/medium.jpg,"N Ocean Blvd, FL, US",26.15376691,-80.10003094,United States,Not Juvenile
145450909.0,2022-12-29 14:41:58,2022-12-29,https://www.inaturalist.org/observations/145450909,https://inaturalist-open-data.s3.amazonaws.com/photos/249836375/medium.jpeg,"Cape Canaveral Space Force Station, FL 32925, USA",28.22822816,-80.59929125000001,United States,Not Juvenile
145451461.0,2022-12-30 15:42:03-05:00,2022-12-30,https://www.inaturalist.org/observations/145451461,https://inaturalist-open-data.s3.amazonaws.com/photos/249837234/medium.jpg,"Deering Estate, Palmetto Bay, FL, US",25.614155,-80.30637167,United States,Not Juvenile
145456851.0,2022-12-30 17:12:59-05:00,2022-12-30,https://www.inaturalist.org/observations/145456851,https://inaturalist-open-data.s3.amazonaws.com/photos/249848191/medium.jpg,"Biscayne Bay, Homestead, FL, US",25.46340833,-80.331025,United States,Not Juvenile
145489699.0,2022-12-30 15:17:00,2022-12-30,https://www.inaturalist.org/observations/145489699,https://inaturalist-open-data.s3.amazonaws.com/photos/249915493/medium.jpeg,"Riviera Beach, FL, USA",26.78475004,-80.03171971,United States,Not Juvenile
145500228.0,2022-12-31 08:07:10,2022-12-31,https://www.inaturalist.org/observations/145500228,https://static.inaturalist.org/photos/249935250/medium.jpeg,"Lauderdale-By-The-Sea, FL, USA",26.18582608,-80.09552848,United States,Not Juvenile
145519500.0,2022-12-31 12:38:12-05:00,2022-12-31,https://www.inaturalist.org/observations/145519500,https://inaturalist-open-data.s3.amazonaws.com/photos/249970837/medium.jpg,"Hutchinson Island, FL, US",27.260945,-80.19860833,United States,Not Juvenile
145522538.0,2022-12-29 10:06:00,2022-12-29,https://www.inaturalist.org/observations/145522538,https://inaturalist-open-data.s3.amazonaws.com/photos/249974969/medium.jpeg,Dynamite point,27.47229051,-80.29635469,United States,Not Juvenile
145547143.0,Fri Dec 30 2022 09:16:39 GMT-0500 (EST),2022-12-30,https://www.inaturalist.org/observations/145547143,https://static.inaturalist.org/photos/250026391/medium.jpg,"Singer Island, North Palm Beach, FL, US",26.84114829,-80.04250979999999,United States,Not Juvenile
145564266.0,2022-12-30 10:16:04-05:00,2022-12-30,https://www.inaturalist.org/observations/145564266,https://inaturalist-open-data.s3.amazonaws.com/photos/250059896/medium.jpg,"N Fort Lauderdale Beach Blvd, Fort Lauderdale, FL, US",26.12664167,-80.10321117000001,United States,Not Juvenile
145585907.0,2022-12-29 17:27:13,2022-12-29,https://www.inaturalist.org/observations/145585907,https://inaturalist-open-data.s3.amazonaws.com/photos/250099573/medium.jpeg,"XW6C+2H Beach jupiter, Tequesta, FL 33469, USA",26.95969444,-80.07715833,United States,Not Juvenile
145620043.0,2023-01-01 07:21:39-05:00,2023-01-01,https://www.inaturalist.org/observations/145620043,https://inaturalist-open-data.s3.amazonaws.com/photos/250164742/medium.jpg,"Sebastian Inlet State Park, Vero Beach, FL, US",27.85988833,-80.44708833,United States,Not Juvenile
145620148.0,2022-12-11 12:25:00,2022-12-11,https://www.inaturalist.org/observations/145620148,https://inaturalist-open-data.s3.amazonaws.com/photos/250164962/medium.jpg,"Ormond-By-The-Sea, FL 32176, USA",29.33154722,-81.05781667000001,United States,Not Juvenile
145622055.0,2022-12-28 12:06:00,2022-12-28,https://www.inaturalist.org/observations/145622055,https://inaturalist-open-data.s3.amazonaws.com/photos/250159329/medium.jpeg,"Volusia County, FL, USA",29.302424799999997,-81.04374243,United States,Not Juvenile
145660560.0,2022-12-30 12:11:31-05:00,2022-12-30,https://www.inaturalist.org/observations/145660560,https://inaturalist-open-data.s3.amazonaws.com/photos/250245397/medium.jpg,"Straits of Florida, Sunny Isles Beach, FL, US",25.94670833,-80.118775,United States,Not Juvenile
145688387.0,2023-01-02 13:44:11,2023-01-02,https://www.inaturalist.org/observations/145688387,https://inaturalist-open-data.s3.amazonaws.com/photos/251859741/medium.jpeg,United States,27.82215303,-80.3988548,United States,Not Juvenile
145688780.0,2022-12-20 15:26:22-05:00,2022-12-20,https://www.inaturalist.org/observations/145688780,https://inaturalist-open-data.s3.amazonaws.com/photos/250299402/medium.jpg,"Blowing Rocks Preserve, Jupiter Island, FL, US",26.97510462,-80.0815248,United States,Not Juvenile
145704646.0,2023-01-02 09:34:23,2023-01-02,https://www.inaturalist.org/observations/145704646,https://inaturalist-open-data.s3.amazonaws.com/photos/250330258/medium.jpeg,"Hollywood, FL, USA",26.06961685,-80.11053678,United States,Not Juvenile
145709241.0,2022-12-29 18:39:03-05:00,2022-12-29,https://www.inaturalist.org/observations/145709241,https://inaturalist-open-data.s3.amazonaws.com/photos/250339484/medium.jpg,"Straits of Florida, Lauderdale-by-the-Sea, FL, US",26.18961167,-80.09446667,United States,Not Juvenile
145748630.0,2022-12-31 11:08:05-05:00,2022-12-31,https://www.inaturalist.org/observations/145748630,https://static.inaturalist.org/photos/250415376/medium.jpg,"Straits of Florida, FL, US",26.307720000000003,-80.07585283,United States,Not Juvenile
145767140.0,2019-12-27 08:40:36-05:00,2019-12-27,https://www.inaturalist.org/observations/145767140,https://inaturalist-open-data.s3.amazonaws.com/photos/250452133/medium.jpg,"North Atlantic Ocean, GA, US",30.781125,-81.45664167,United States,Not Juvenile
145774900.0,2023-01-03 11:46:41,2023-01-03,https://www.inaturalist.org/observations/145774900,https://static.inaturalist.org/photos/250466582/medium.jpeg,Mid-Beach,25.81448259,-80.12261979,United States,Not Juvenile
145775034.0,Tue Jan 03 2023 15:17:05 GMT -0500 (EST),2023-01-03,https://www.inaturalist.org/observations/145775034,https://inaturalist-open-data.s3.amazonaws.com/photos/250466852/medium.jpeg,"Palm Beach County, US-FL, US",26.93865967,-80.07094574,United States,Not Juvenile
145781399.0,2023-01-03 16:45:38-05:00,2023-01-03,https://www.inaturalist.org/observations/145781399,https://static.inaturalist.org/photos/250480999/medium.jpg,"Beach View Way, Melbourne Beach, FL, US",28.02942992,-80.53859235,United States,Not Juvenile
145826300.0,2023-01-04 08:01:33,2023-01-04,https://www.inaturalist.org/observations/145826300,https://static.inaturalist.org/photos/250567154/medium.jpeg,"Pompano Beach, FL, USA",26.25210697,-80.084152,United States,Not Juvenile
145852695.0,Wed Jan 04 2023 16:22:23 GMT -0500 (EST),2023-01-04,https://www.inaturalist.org/observations/145852695,https://inaturalist-open-data.s3.amazonaws.com/photos/250649945/medium.jpeg,"Palm Beach County, US-FL, US",26.50431824,-80.05189514,United States,Not Juvenile
145901853.0,2023-01-03 12:08:35-05:00,2023-01-03,https://www.inaturalist.org/observations/145901853,https://inaturalist-open-data.s3.amazonaws.com/photos/250775429/medium.jpg,"N Ocean Blvd, FL, US",26.24141333,-80.08687499999999,United States,Not Juvenile
145901953.0,2023-01-04 14:34:50-05:00,2023-01-04,https://www.inaturalist.org/observations/145901953,https://inaturalist-open-data.s3.amazonaws.com/photos/250716228/medium.jpg,"North Atlantic Ocean, FL, US",26.97824667,-80.08229717,United States,Not Juvenile
145913942.0,2023-01-05 14:13:00-05:00,2023-01-05,https://www.inaturalist.org/observations/145913942,https://inaturalist-open-data.s3.amazonaws.com/photos/250739619/medium.jpg,"Straits of Florida, Hollywood, FL, US",26.01382428,-80.11465063,United States,Not Juvenile
145921720.0,2023-01-05 12:38:42-05:00,2023-01-05,https://www.inaturalist.org/observations/145921720,https://inaturalist-open-data.s3.amazonaws.com/photos/250755754/medium.jpg,"Straits of Florida, FL, US",25.73160333,-80.16222499999999,United States,Not Juvenile
145927985.0,2023-01-05 13:13:41-05:00,2023-01-05,https://www.inaturalist.org/observations/145927985,https://inaturalist-open-data.s3.amazonaws.com/photos/250768654/medium.jpg,"Oc√©an Atlantique nord, Palm Beach, FL, US",26.62646167,-80.03645283,United States,Not Juvenile
145958740.0,2022-12-28 13:47:17,2022-12-28,https://www.inaturalist.org/observations/145958740,https://inaturalist-open-data.s3.amazonaws.com/photos/250829135/medium.jpeg,"Miami Beach, FL, USA",25.81532137,-80.12060528,United States,Not Juvenile
145958749.0,2022-12-28 13:51:44,2022-12-28,https://www.inaturalist.org/observations/145958749,https://inaturalist-open-data.s3.amazonaws.com/photos/250829147/medium.jpeg,"Miami Beach, FL, USA",25.8141912,-80.1208077,United States,Not Juvenile
145958775.0,2022-12-28 13:59:47,2022-12-28,https://www.inaturalist.org/observations/145958775,https://inaturalist-open-data.s3.amazonaws.com/photos/250829189/medium.jpeg,"Miami Beach, FL, USA",25.8157407,-80.12060249999999,United States,Not Juvenile
146042613.0,2022-12-30 12:30:14-05:00,2022-12-30,https://www.inaturalist.org/observations/146042613,https://inaturalist-open-data.s3.amazonaws.com/photos/250993674/medium.jpg,"Straits of Florida, Hollywood, FL, US",25.98971167,-80.1169805,United States,Not Juvenile
146058386.0,2023-01-02 15:31:37-05:00,2023-01-02,https://www.inaturalist.org/observations/146058386,https://inaturalist-open-data.s3.amazonaws.com/photos/251022357/medium.jpg,"North Atlantic Ocean, FL, US",27.62163667,-80.34601667,United States,Not Juvenile
146068641.0,Sat Jan 07 2023 16:45:10 GMT -0500 (EST),2023-01-07,https://www.inaturalist.org/observations/146068641,https://inaturalist-open-data.s3.amazonaws.com/photos/251183614/medium.jpeg,Delray Beach,26.46011353,-80.05838013,United States,Not Juvenile
146086532.0,2023-01-05 11:03:00,2023-01-05,https://www.inaturalist.org/observations/146086532,https://inaturalist-open-data.s3.amazonaws.com/photos/251078926/medium.jpeg,"Miami-Dade County, FL, USA",25.70383602,-80.15337506,United States,Not Juvenile
146095853.0,2023-01-06 16:30:11-05:00,2023-01-06,https://www.inaturalist.org/observations/146095853,https://static.inaturalist.org/photos/251099529/medium.jpg,"Crandon Park, Key Biscayne, FL, US",25.711805,-80.15139717,United States,Not Juvenile
146131981.0,2023-01-08 11:38:25,2023-01-08,https://www.inaturalist.org/observations/146131981,https://static.inaturalist.org/photos/251169593/medium.jpeg,"Jupiter Island, FL 33455, USA",26.9739071,-80.08091957,United States,Not Juvenile
146169484.0,2023-01-02 12:08:34-05:00,2023-01-02,https://www.inaturalist.org/observations/146169484,https://inaturalist-open-data.s3.amazonaws.com/photos/251241006/medium.jpg,"Straits of Florida, Miami, FL, US",25.74129167,-80.14533883,United States,Not Juvenile
146179316.0,2023-01-08 15:57:12-05:00,2023-01-08,https://www.inaturalist.org/observations/146179316,https://inaturalist-open-data.s3.amazonaws.com/photos/251260631/medium.jpg,"Jupiter Island, Jupiter, FL, US",26.961105,-80.07738617,United States,Not Juvenile
146179344.0,2023-01-08 15:56:06-05:00,2023-01-08,https://www.inaturalist.org/observations/146179344,https://inaturalist-open-data.s3.amazonaws.com/photos/251260691/medium.jpg,"North Atlantic Ocean, Jupiter, FL, US",26.96118667,-80.07731667,United States,Juvenile
146218196.0,2022-12-29 10:32:59-05:00,2022-12-29,https://www.inaturalist.org/observations/146218196,https://static.inaturalist.org/photos/251336920/medium.jpg,"Dr. Von D. Mizell-Eula Johnson State Park, Hollywood, FL, US",26.09041383,-80.10904717,United States,Not Juvenile
146246327.0,2023-01-09 12:49:06-05:00,2023-01-09,https://www.inaturalist.org/observations/146246327,https://static.inaturalist.org/photos/251391939/medium.jpg,"N Fort Lauderdale Beach Blvd, Fort Lauderdale, FL, US",26.138125,-80.1030055,United States,Not Juvenile
146249045.0,2023-01-09 07:07:33-05:00,2023-01-09,https://www.inaturalist.org/observations/146249045,https://inaturalist-open-data.s3.amazonaws.com/photos/251396741/medium.jpg,"Hollywood Beach, Hollywood, FL, US",26.02163617,-80.11457783,United States,Not Juvenile
146262212.0,2023-01-05 18:34:26-05:00,2023-01-05,https://www.inaturalist.org/observations/146262212,https://inaturalist-open-data.s3.amazonaws.com/photos/251421917/medium.jpg,"Key Biscayne, FL, US",25.67021324,-80.15326379,United States,Not Juvenile
146286451.0,2020-09-19 07:49:00,2020-09-19,https://www.inaturalist.org/observations/146286451,https://inaturalist-open-data.s3.amazonaws.com/photos/251467308/medium.jpg,"Nauset Beach, Eastham, MA 02642, USA",41.8417736,-69.9459909,United States,Not Juvenile
146302550.0,2023-01-10 17:25:00,2023-01-10,https://www.inaturalist.org/observations/146302550,https://inaturalist-open-data.s3.amazonaws.com/photos/251498925/medium.jpeg,"Volusia County, FL, USA",28.989590000000003,-80.86505667,United States,Not Juvenile
146356846.0,2023-01-11 15:38:33-05:00,2023-01-11,https://www.inaturalist.org/observations/146356846,https://static.inaturalist.org/photos/251603679/medium.jpg,"SE 14th St, Fort Lauderdale, FL, US",26.10449516,-80.113939,United States,Not Juvenile
146401253.0,2023-01-08 07:38:37-05:00,2023-01-08,https://www.inaturalist.org/observations/146401253,https://static.inaturalist.org/photos/251691484/medium.jpg,"Deerfield Beach, FL, US",26.3136,-80.07531117,United States,Not Juvenile
146402893.0,2023-01-12 10:07:39-05:00,2023-01-12,https://www.inaturalist.org/observations/146402893,https://inaturalist-open-data.s3.amazonaws.com/photos/251694925/medium.jpg,"Crandon Park, FL, US",25.70493667,-80.15300833,United States,Juvenile
146404391.0,2023-01-12 10:37:42-05:00,2023-01-12,https://www.inaturalist.org/observations/146404391,https://inaturalist-open-data.s3.amazonaws.com/photos/251697936/medium.jpg,"Crandon Park, FL, US",25.70380335,-80.15359761,United States,Not Juvenile
146584969.0,2023-01-12 06:58:48-05:00,2023-01-12,https://www.inaturalist.org/observations/146584969,https://inaturalist-open-data.s3.amazonaws.com/photos/252047899/medium.jpg,"Galt Ocean Dr, FL, US",26.17734351,-80.09646938,United States,Not Juvenile
146708431.0,2023-01-02 08:52:45,2023-01-02,https://www.inaturalist.org/observations/146708431,https://inaturalist-open-data.s3.amazonaws.com/photos/252292051/medium.jpeg,"Mid-Beach, Miami Beach, FL, USA",25.81181667,-80.12225278,United States,Not Juvenile
146876302.0,2023-01-08 11:21:49,2023-01-08,https://www.inaturalist.org/observations/146876302,https://inaturalist-open-data.s3.amazonaws.com/photos/252622526/medium.jpeg,"Hollywood Beach, Hollywood, FL 33019, USA",26.02142138,-80.11444911,United States,Not Juvenile
146898033.0,2023-01-19 11:56:44-05:00,2023-01-19,https://www.inaturalist.org/observations/146898033,https://static.inaturalist.org/photos/252667797/medium.jpg,"N Ocean Blvd, Ocean Ridge, FL, US",26.54509326,-80.04290247,United States,Not Juvenile
147029658.0,2022-12-08 07:03:17-05:00,2022-12-08,https://www.inaturalist.org/observations/147029658,https://static.inaturalist.org/photos/252923471/medium.jpg,"North Atlantic Ocean, Boca Raton, FL, US",26.38558,-80.06630833,United States,Not Juvenile
147077837.0,2023-01-19 10:53:00,2023-01-19,https://www.inaturalist.org/observations/147077837,https://inaturalist-open-data.s3.amazonaws.com/photos/253014802/medium.jpg,"Monroe County, FL, USA",24.71491883,-81.06732923,United States,Not Juvenile
147140691.0,2023-01-06 09:43:08-05:00,2023-01-06,https://www.inaturalist.org/observations/147140691,https://static.inaturalist.org/photos/253135318/medium.jpg,"Florida Bay, FL, US",24.902555,-80.69331333,United States,Not Juvenile
147146258.0,2023-01-04 07:05:00,2023-01-04,https://www.inaturalist.org/observations/147146258,https://inaturalist-open-data.s3.amazonaws.com/photos/253144537/medium.jpg,"Miami-Dade County, FL, USA",25.66863399,-80.15418719,United States,Not Juvenile
147146375.0,2023-01-22 13:15:56,2023-01-22,https://www.inaturalist.org/observations/147146375,https://inaturalist-open-data.s3.amazonaws.com/photos/253145073/medium.jpeg,"A1A & Meade St, Hollywood, FL 33019, USA",26.04472778,-80.11273056,United States,Not Juvenile
147221241.0,2023-01-22 09:10:20-05:00,2023-01-22,https://www.inaturalist.org/observations/147221241,https://inaturalist-open-data.s3.amazonaws.com/photos/253288666/medium.jpg,"Straits of Florida, Hollywood, FL, US",26.08366667,-80.10938883,United States,Not Juvenile
147223033.0,2023-01-22 00:00:00,2023-01-22,https://www.inaturalist.org/observations/147223033,https://inaturalist-open-data.s3.amazonaws.com/photos/253292316/medium.jpeg,"Miami, FL, USA",25.71202742,-80.24367392,United States,Not Juvenile
147288771.0,2023-01-24 16:33:20,2023-01-24,https://www.inaturalist.org/observations/147288771,https://inaturalist-open-data.s3.amazonaws.com/photos/253418595/medium.jpeg,"Juno Beach, FL 33408, USA",26.89280556,-80.056225,United States,Not Juvenile
147289991.0,2023-01-24 16:55:13-05:00,2023-01-24,https://www.inaturalist.org/observations/147289991,https://inaturalist-open-data.s3.amazonaws.com/photos/253420964/medium.jpg,"S Ocean Blvd, Delray Beach, FL, US",26.44854487,-80.05869349,United States,Not Juvenile
147295819.0,2023-01-04 00:00:00,2023-01-04,https://www.inaturalist.org/observations/147295819,https://static.inaturalist.org/photos/253431977/medium.jpeg,"Miami Beach, FL 33141, USA",25.84425988,-80.11907525000001,United States,Not Juvenile
147324578.0,2023-01-24 00:00:00,2023-01-24,https://www.inaturalist.org/observations/147324578,https://static.inaturalist.org/photos/253488455/medium.jpeg,"A1A & Sebastian St, Fort Lauderdale, FL 33304, –°–®–ê",26.12520299,-80.10340109,United States,Not Juvenile
147340082.0,2023-01-25 13:15:21-05:00,2023-01-25,https://www.inaturalist.org/observations/147340082,https://static.inaturalist.org/photos/253518684/medium.jpg,"SR-A1A, FL, US",27.951025,-80.49810000000001,United States,Not Juvenile
147457117.0,2022-11-30 09:39:49,2022-11-30,https://www.inaturalist.org/observations/147457117,https://static.inaturalist.org/photos/253739522/medium.jpeg,"Hollywood Beach, Hollywood, FL 33019, USA",25.99024444,-80.11689444,United States,Not Juvenile
147531295.0,2023-01-28 09:27:48,2023-01-28,https://www.inaturalist.org/observations/147531295,https://inaturalist-open-data.s3.amazonaws.com/photos/253879186/medium.jpeg,"Ocean Rescue Tower 15, 494331000010, Fort Lauderdale, FL 33304, USA",26.14165833,-80.10184444000001,United States,Not Juvenile
147531440.0,2023-01-28 09:21:47,2023-01-28,https://www.inaturalist.org/observations/147531440,https://inaturalist-open-data.s3.amazonaws.com/photos/253879477/medium.jpeg,"A1A & Birch Park Underpass, Fort Lauderdale, FL 33304, USA",26.14216944,-80.10222778,United States,Not Juvenile
147544535.0,2023-01-28 13:19:22-05:00,2023-01-28,https://www.inaturalist.org/observations/147544535,https://static.inaturalist.org/photos/255302857/medium.jpg,"Straits of Florida, FL, US",26.15312944,-80.10014333000001,United States,Not Juvenile
147545077.0,2023-01-28 13:25:44-05:00,2023-01-28,https://www.inaturalist.org/observations/147545077,https://inaturalist-open-data.s3.amazonaws.com/photos/253905249/medium.jpg,"Stuart Beach, FL, US",27.21489648,-80.17393783,United States,Not Juvenile
147546727.0,2023-01-28 13:47:28-05:00,2023-01-28,https://www.inaturalist.org/observations/147546727,https://inaturalist-open-data.s3.amazonaws.com/photos/253930376/medium.jpg,"Royal Palm Island, Hollywood, FL, US",25.99309459,-80.11736862000001,United States,Not Juvenile
147555302.0,2023-01-28 15:36:37-05:00,2023-01-28,https://www.inaturalist.org/observations/147555302,https://inaturalist-open-data.s3.amazonaws.com/photos/253924067/medium.jpg,"SR-A1A, Indialantic, FL, US",28.10108618,-80.56827477,United States,Not Juvenile
147558066.0,2023-01-28 16:06:00,2023-01-28,https://www.inaturalist.org/observations/147558066,https://inaturalist-open-data.s3.amazonaws.com/photos/253928793/medium.jpeg,"Jupiter Island, FL 33455, USA",27.06654481,-80.11519616,United States,Not Juvenile
147578153.0,2023-01-28 11:35:00,2023-01-28,https://www.inaturalist.org/observations/147578153,https://static.inaturalist.org/photos/253967261/medium.jpeg,"Martin County, FL, USA",27.090085,-80.12608833,United States,Not Juvenile
147591988.0,2023-01-28 11:36:55-05:00,2023-01-28,https://www.inaturalist.org/observations/147591988,https://static.inaturalist.org/photos/253995945/medium.jpg,"Jupiter Island, Jupiter, FL, US",26.96077167,-80.077325,United States,Not Juvenile
147609078.0,2023-01-29 08:05:53-05:00,2023-01-29,https://www.inaturalist.org/observations/147609078,https://inaturalist-open-data.s3.amazonaws.com/photos/254026780/medium.jpg,"Hutchinson Island, Jensen Beach, FL, US",27.30322933,-80.21818656,United States,Not Juvenile
147613185.0,2023-01-28 22:45:55-05:00,2023-01-28,https://www.inaturalist.org/observations/147613185,https://inaturalist-open-data.s3.amazonaws.com/photos/254034103/medium.jpg,"11th Ct, Vero Beach, FL, US",27.646564,-80.3963265,United States,Not Juvenile
147644737.0,2023-01-29 14:52:01-05:00,2023-01-29,https://www.inaturalist.org/observations/147644737,https://inaturalist-open-data.s3.amazonaws.com/photos/254093695/medium.jpg,"Jupiter Island, Jupiter Island, FL, US",26.97861333,-80.08252783,United States,Not Juvenile
147646149.0,2023-01-28 13:24:00,2023-01-28,https://www.inaturalist.org/observations/147646149,https://inaturalist-open-data.s3.amazonaws.com/photos/254096243/medium.jpeg,"Jupiter Island, FL 33455, USA",26.98023512,-80.08321845,United States,Not Juvenile
147651425.0,2023-01-29 17:25:55,2023-01-29,https://www.inaturalist.org/observations/147651425,https://inaturalist-open-data.s3.amazonaws.com/photos/254107103/medium.jpeg,"Cocoa Beach, FL 32931, USA",28.37160278,-80.60181111,United States,Not Juvenile
147654047.0,2022-12-30 10:43:00,2022-12-30,https://www.inaturalist.org/observations/147654047,https://inaturalist-open-data.s3.amazonaws.com/photos/254112605/medium.jpeg,"St Lucie County, FL, USA",27.41946786,-80.27188654,United States,Not Juvenile
147672399.0,2023-01-29 11:28:01,2023-01-29,https://www.inaturalist.org/observations/147672399,https://static.inaturalist.org/photos/254149270/medium.jpeg,Cocoa Beach,28.32000015,-80.60755145,United States,Not Juvenile
147721686.0,Sun Jan 29 2023 17:49:29 GMT-0500 (EST),2023-01-29,https://www.inaturalist.org/observations/147721686,https://static.inaturalist.org/photos/254241298/medium.jpg,"S Ocean Blvd, Palm Beach, FL, US",26.68508766,-80.03454119999999,United States,Not Juvenile
147731568.0,2023-01-10 17:25:00,2023-01-10,https://www.inaturalist.org/observations/147731568,https://inaturalist-open-data.s3.amazonaws.com/photos/254259461/medium.jpeg,"Volusia County, FL, USA",28.989590000000003,-80.86505667,United States,Not Juvenile
147741477.0,2023-01-29 09:03:00,2023-01-29,https://www.inaturalist.org/observations/147741477,https://inaturalist-open-data.s3.amazonaws.com/photos/254278050/medium.jpeg,"Broward, Florida, United States",26.13986111,-80.10211944,United States,Not Juvenile
147741485.0,2023-01-29 09:06:00,2023-01-29,https://www.inaturalist.org/observations/147741485,https://inaturalist-open-data.s3.amazonaws.com/photos/254278183/medium.jpeg,"Broward, Florida, United States",26.13921389,-80.10214167,United States,Not Juvenile
147747478.0,2022-12-28 08:46:00,2022-12-28,https://www.inaturalist.org/observations/147747478,https://inaturalist-open-data.s3.amazonaws.com/photos/254289962/medium.jpeg,"Palm Beach, Florida, United States",26.90910278,-80.06176111,United States,Not Juvenile
147757026.0,2023-01-30 13:01:00,2023-01-30,https://www.inaturalist.org/observations/147757026,https://inaturalist-open-data.s3.amazonaws.com/photos/254307710/medium.jpeg,"Miami-Dade County, FL, USA",25.71454633,-80.15035507,United States,Not Juvenile
147758326.0,2023-01-30 14:53:48-05:00,2023-01-30,https://www.inaturalist.org/observations/147758326,https://inaturalist-open-data.s3.amazonaws.com/photos/254310531/medium.jpg,"North Atlantic Ocean, Jupiter, FL, US",26.928745,-80.06733617,United States,Not Juvenile
147826397.0,2023-02-01 08:18:38-05:00,2023-02-01,https://www.inaturalist.org/observations/147826397,https://inaturalist-open-data.s3.amazonaws.com/photos/254440801/medium.jpg,"Rosenstiel School of Marine and Atmospheric Science, Key Biscayne, FL, US",25.73171217,-80.16267687,United States,Not Juvenile
147831777.0,2023-02-01 10:21:24-05:00,2023-02-01,https://www.inaturalist.org/observations/147831777,https://inaturalist-open-data.s3.amazonaws.com/photos/254450782/medium.jpg,"North Atlantic Ocean, Cocoa Beach, FL, US",28.30494167,-80.60713833,United States,Not Juvenile
147860561.0,2022-03-30 12:37:00,2022-03-30,https://www.inaturalist.org/observations/147860561,https://inaturalist-open-data.s3.amazonaws.com/photos/254507492/medium.jpeg,"North Beach, Miami Beach, FL 33141, USA",25.84946004,-80.12037907,United States,Not Juvenile
147866235.0,2022-12-29 15:36:48,2022-12-29,https://www.inaturalist.org/observations/147866235,https://inaturalist-open-data.s3.amazonaws.com/photos/254519030/medium.jpeg,"Jupiter Island, FL 33455, USA",26.97752997,-80.08215163,United States,Juvenile
147921442.0,2023-02-02 16:23:11-05:00,2023-02-02,https://www.inaturalist.org/observations/147921442,https://inaturalist-open-data.s3.amazonaws.com/photos/254626430/medium.jpg,"Hollywood Beach, Hollywood, FL, US",26.01515278,-80.11490549999999,United States,Not Juvenile
147954227.0,2023-02-03 10:33:35-05:00,2023-02-03,https://www.inaturalist.org/observations/147954227,https://inaturalist-open-data.s3.amazonaws.com/photos/254690328/medium.jpg,"North Atlantic Ocean, FL, US",25.22873547,-80.32557847,United States,Not Juvenile
147954336.0,2023-02-03 10:35:17-05:00,2023-02-03,https://www.inaturalist.org/observations/147954336,https://inaturalist-open-data.s3.amazonaws.com/photos/254690379/medium.jpg,"North Atlantic Ocean, FL, US",25.22881304,-80.32546935,United States,Juvenile
147954600.0,2023-02-03 10:35:08-05:00,2023-02-03,https://www.inaturalist.org/observations/147954600,https://inaturalist-open-data.s3.amazonaws.com/photos/254690998/medium.jpg,"North Atlantic Ocean, FL, US",25.22881667,-80.32546167,United States,Juvenile
147954641.0,2023-02-03 10:41:16-05:00,2023-02-03,https://www.inaturalist.org/observations/147954641,https://inaturalist-open-data.s3.amazonaws.com/photos/254691056/medium.jpg,"Key Largo, Key Largo, FL, US",25.22933379,-80.32480001,United States,Not Juvenile
147963688.0,2023-02-02 15:25:09-05:00,2023-02-02,https://www.inaturalist.org/observations/147963688,https://static.inaturalist.org/photos/254707906/medium.jpg,"North Atlantic Ocean, Cocoa Beach, FL, US",28.361295,-80.60305000000001,United States,Not Juvenile
147969923.0,2023-02-03 15:14:29-05:00,2023-02-03,https://www.inaturalist.org/observations/147969923,https://inaturalist-open-data.s3.amazonaws.com/photos/254719970/medium.jpg,"Lummus Park, Miami Beach, FL, US",25.78587628,-80.12733302,United States,Not Juvenile
147969942.0,2023-02-03 15:14:43-05:00,2023-02-03,https://www.inaturalist.org/observations/147969942,https://inaturalist-open-data.s3.amazonaws.com/photos/254720007/medium.jpg,"South Beach, FL, US",25.78591396,-80.12729765,United States,Not Juvenile
148047232.0,2023-02-04 13:37:42,2023-02-04,https://www.inaturalist.org/observations/148047232,https://static.inaturalist.org/photos/254869920/medium.jpeg,Miami Beach,25.79063894,-80.13004549,United States,Not Juvenile
148053082.0,Sat Feb 04 2023 17:41:26 GMT -0500 (EST),2023-02-04,https://www.inaturalist.org/observations/148053082,https://static.inaturalist.org/photos/254880761/medium.jpeg,Hollywood,26.03286743,-80.11434174,United States,Not Juvenile
148073482.0,2023-02-04 19:38:05,2023-02-04,https://www.inaturalist.org/observations/148073482,https://inaturalist-open-data.s3.amazonaws.com/photos/254919207/medium.jpeg,"A1A & SE 5 St, Fort Lauderdale, FL 33304, USA",26.11740956,-80.10386612,United States,Not Juvenile
148079446.0,2023-02-04 22:30:00,2023-02-04,https://www.inaturalist.org/observations/148079446,https://inaturalist-open-data.s3.amazonaws.com/photos/254930773/medium.jpg,"Martin County, FL, USA",27.20707778,-80.16964167,United States,Not Juvenile
148106202.0,2023-02-05 10:30:47,2023-02-05,https://www.inaturalist.org/observations/148106202,https://static.inaturalist.org/photos/254982350/medium.jpeg,"Key Largo, FL 33037, USA",25.08929519,-80.43188386,United States,Not Juvenile
148110150.0,2023-02-05 11:17:10-05:00,2023-02-05,https://www.inaturalist.org/observations/148110150,https://inaturalist-open-data.s3.amazonaws.com/photos/255055795/medium.jpg,"Hillsboro Bay, Pompano Beach, FL, US",26.256855,-80.08316117,United States,Not Juvenile
148132902.0,2023-02-05 13:27:00-05:00,2023-02-05,https://www.inaturalist.org/observations/148132902,https://inaturalist-open-data.s3.amazonaws.com/photos/255033269/medium.jpg,"Rosenstiel School of Marine and Atmospheric Science, Key Biscayne, FL, US",25.73173618,-80.16250233,United States,Not Juvenile
148187334.0,2023-02-06 10:59:26,2023-02-06,https://www.inaturalist.org/observations/148187334,https://inaturalist-open-data.s3.amazonaws.com/photos/255137742/medium.jpeg,"Brevard County, FL, USA",28.19773095,-80.59447803,United States,Not Juvenile
148188994.0,2023-02-06 11:09:46-05:00,2023-02-06,https://www.inaturalist.org/observations/148188994,https://inaturalist-open-data.s3.amazonaws.com/photos/255140383/medium.jpg,"N Fort Lauderdale Beach Blvd, Fort Lauderdale, FL, US",26.1407,-80.1021195,United States,Not Juvenile
148201684.0,Mon Feb 06 2023 15:25:22 GMT -0500 (EST),2023-02-06,https://www.inaturalist.org/observations/148201684,https://inaturalist-open-data.s3.amazonaws.com/photos/255165233/medium.jpeg,Brevard County,28.24284363,-80.60114288,United States,Not Juvenile
148220385.0,2023-02-05 16:33:00,2023-02-05,https://www.inaturalist.org/observations/148220385,https://inaturalist-open-data.s3.amazonaws.com/photos/255199907/medium.jpg,"Miami-Dade County, FL, USA",25.71628,-80.14948299999999,United States,Not Juvenile
148256348.0,2023-02-07 10:50:47,2023-02-07,https://www.inaturalist.org/observations/148256348,https://static.inaturalist.org/photos/255269487/medium.jpeg,"Dania Beach, FL 33004, USA",26.05940833,-80.11145556,United States,Not Juvenile
148256479.0,2023-02-07 10:54:24-05:00,2023-02-07,https://www.inaturalist.org/observations/148256479,https://static.inaturalist.org/photos/255269775/medium.jpg,"N Atlantic Ave, Cocoa Beach, FL, US",28.32968264,-80.60671041,United States,Not Juvenile
148256952.0,2023-02-07 11:03:28-05:00,2023-02-07,https://www.inaturalist.org/observations/148256952,https://inaturalist-open-data.s3.amazonaws.com/photos/255270572/medium.jpg,"Hutchinson Shores Resort & Spa, Stuart, FL, US",27.25188346,-80.19447266,United States,Not Juvenile
148257740.0,2023-02-07 11:17:18-05:00,2023-02-07,https://www.inaturalist.org/observations/148257740,https://inaturalist-open-data.s3.amazonaws.com/photos/255272102/medium.jpg,"Hutchinson Island, Stuart, FL, US",27.2538541,-80.19545675,United States,Not Juvenile
148258330.0,2023-02-07 11:26:18-05:00,2023-02-07,https://www.inaturalist.org/observations/148258330,https://inaturalist-open-data.s3.amazonaws.com/photos/255273191/medium.jpg,"Hollywood North Beach Park, Hollywood, FL, US",26.04823501,-80.1129523,United States,Not Juvenile
148268308.0,2023-02-07 14:20:31-05:00,2023-02-07,https://www.inaturalist.org/observations/148268308,https://inaturalist-open-data.s3.amazonaws.com/photos/255383576/medium.jpg,"North Atlantic Ocean, Vero Beach, FL, US",27.79481131,-80.41317067,United States,Not Juvenile
148269531.0,2023-02-07 12:17:04-05:00,2023-02-07,https://www.inaturalist.org/observations/148269531,https://static.inaturalist.org/photos/255294877/medium.jpg,"N Ocean Blvd, Delray Beach, FL, US",26.50473333,-80.051225,United States,Juvenile
148273452.0,2023-02-07 15:33:16-05:00,2023-02-07,https://www.inaturalist.org/observations/148273452,https://static.inaturalist.org/photos/255304594/medium.jpg,"Straits of Florida, FL, US",26.31652833,-80.07485283,United States,Not Juvenile
148275303.0,2023-02-07 16:13:00-05:00,2023-02-07,https://www.inaturalist.org/observations/148275303,https://static.inaturalist.org/photos/255305501/medium.jpg,"North Atlantic Ocean, FL, US",28.27672834,-80.60538715,United States,Not Juvenile
148275539.0,Tue Feb 07 2023 16:16:33 GMT -0500 (GMT-5),2023-02-07,https://www.inaturalist.org/observations/148275539,https://inaturalist-open-data.s3.amazonaws.com/photos/255305976/medium.jpeg,Riviera Beach,26.78433037,-80.03240204000001,United States,Not Juvenile
148289134.0,2023-02-07 15:33:04-05:00,2023-02-07,https://www.inaturalist.org/observations/148289134,https://static.inaturalist.org/photos/255332945/medium.jpg,"Straits of Florida, FL, US",26.316554999999997,-80.07485833,United States,Not Juvenile
148294847.0,2023-02-07 17:07:59,2023-02-07,https://www.inaturalist.org/observations/148294847,https://inaturalist-open-data.s3.amazonaws.com/photos/255344490/medium.jpeg,"Palm Beach County, FL, USA",26.35320658,-80.02856914,United States,Not Juvenile
148296023.0,2023-02-07 15:02:25-05:00,2023-02-07,https://www.inaturalist.org/observations/148296023,https://static.inaturalist.org/photos/255346748/medium.jpg,"North Atlantic Ocean, Highland Beach, FL, US",26.41463333,-80.06359167000001,United States,Not Juvenile
148313224.0,2023-02-08 07:30:42-05:00,2023-02-08,https://www.inaturalist.org/observations/148313224,https://static.inaturalist.org/photos/255379836/medium.jpg,"30th St, FL, US",28.27765726,-80.60560552,United States,Not Juvenile
148313332.0,2023-02-08 06:58:47-05:00,2023-02-08,https://www.inaturalist.org/observations/148313332,https://static.inaturalist.org/photos/255380035/medium.jpg,"N Ocean Blvd, FL, US",26.1544695,-80.09989167,United States,Not Juvenile
148314116.0,2023-02-08 06:59:40-05:00,2023-02-08,https://www.inaturalist.org/observations/148314116,https://static.inaturalist.org/photos/255381390/medium.jpg,"E Ocean Dr, Key Colony Beach, FL, US",24.720025,-81.01568612,United States,Not Juvenile
148333083.0,Wed Feb 08 2023 14:11:12 GMT -0500 (EST),2023-02-08,https://www.inaturalist.org/observations/148333083,https://static.inaturalist.org/photos/255417078/medium.jpeg,Hollywood,26.07235718,-80.11024475,United States,Not Juvenile
148347379.0,Wed Feb 08 2023 18:08:32 GMT -0500 (GMT-5),2023-02-08,https://www.inaturalist.org/observations/148347379,https://inaturalist-open-data.s3.amazonaws.com/photos/255444648/medium.jpeg,Melbourne Beach,28.06068993,-80.55350494,United States,Not Juvenile
148351050.0,2023-02-08 07:13:49-05:00,2023-02-08,https://www.inaturalist.org/observations/148351050,https://inaturalist-open-data.s3.amazonaws.com/photos/255451813/medium.jpg,"South Beach, Miami Beach, FL, US",25.79492167,-80.12583049999999,United States,Not Juvenile
148363828.0,2023-02-08 12:31:29-05:00,2023-02-08,https://www.inaturalist.org/observations/148363828,https://inaturalist-open-data.s3.amazonaws.com/photos/255477320/medium.jpg,"North Hutchinson Island, FL, US",27.47528333,-80.29080333,United States,Not Juvenile
148380220.0,2023-02-06 08:31:00,2023-02-06,https://www.inaturalist.org/observations/148380220,https://inaturalist-open-data.s3.amazonaws.com/photos/255509731/medium.jpeg,"Deerfield Beach, FL, USA",26.31426348,-80.07542921,United States,Not Juvenile
148385440.0,2023-02-09 10:24:15-05:00,2023-02-09,https://www.inaturalist.org/observations/148385440,https://inaturalist-open-data.s3.amazonaws.com/photos/255519630/medium.jpg,"Samson Oceanfront Park, Sunny Isles Beach, FL, US",25.93705748,-80.11979191,United States,Not Juvenile
148386169.0,2023-02-09 10:36:38-05:00,2023-02-09,https://www.inaturalist.org/observations/148386169,https://inaturalist-open-data.s3.amazonaws.com/photos/255520907/medium.jpg,"South Beach, FL, US",25.77893833,-80.12829717,United States,Not Juvenile
148386210.0,2023-02-09 10:38:22-05:00,2023-02-09,https://www.inaturalist.org/observations/148386210,https://inaturalist-open-data.s3.amazonaws.com/photos/255520956/medium.jpg,"Lummus Park, Miami Beach, FL, US",25.77922093,-80.12829917,United States,Not Juvenile
148397746.0,2023-02-09 13:33:26-05:00,2023-02-09,https://www.inaturalist.org/observations/148397746,https://static.inaturalist.org/photos/255542971/medium.jpg,"Lauderdale-by-the-Sea, FL, US",26.20522,-80.09233883,United States,Not Juvenile
148406243.0,2023-02-09 14:52:33,2023-02-09,https://www.inaturalist.org/observations/148406243,https://inaturalist-open-data.s3.amazonaws.com/photos/255559912/medium.jpeg,"Patrick Space Force Base, FL 32925, USA",28.255699399999997,-80.6030878,United States,Not Juvenile
148406862.0,2023-02-09 16:30:49-05:00,2023-02-09,https://www.inaturalist.org/observations/148406862,https://inaturalist-open-data.s3.amazonaws.com/photos/255561226/medium.jpg,"Boca Raton, FL, US",26.33406167,-80.07223617,United States,Not Juvenile
148450991.0,2023-02-10 09:43:42-05:00,2023-02-10,https://www.inaturalist.org/observations/148450991,https://inaturalist-open-data.s3.amazonaws.com/photos/255646927/medium.jpg,"Virginia Key, Miami, FL, US",25.744480000000003,-80.14360833,United States,Not Juvenile
148451188.0,2023-02-10 09:39:00-05:00,2023-02-10,https://www.inaturalist.org/observations/148451188,https://inaturalist-open-data.s3.amazonaws.com/photos/255647325/medium.jpg,"Virginia Key, Miami, FL, US",25.744245,-80.14369167,United States,Not Juvenile
148456492.0,2023-02-10 10:26:20-05:00,2023-02-10,https://www.inaturalist.org/observations/148456492,https://static.inaturalist.org/photos/255657135/medium.jpg,"Dr. Von D. Mizell-Eula Johnson State Park, Hollywood, FL, US",26.06031667,-80.11148883,United States,Not Juvenile
148464812.0,2023-02-09 16:21:30-05:00,2023-02-09,https://www.inaturalist.org/observations/148464812,https://inaturalist-open-data.s3.amazonaws.com/photos/255673074/medium.jpg,"North Hutchinson Island, Vero Beach, FL, US",27.64804667,-80.35359167,United States,Not Juvenile
148465237.0,Fri Feb 10 2023 14:15:11 GMT -0500 (GMT-5),2023-02-10,https://www.inaturalist.org/observations/148465237,https://static.inaturalist.org/photos/255674028/medium.jpeg,Key Biscayne,25.673563,-80.15328217,United States,Not Juvenile
148467530.0,2023-02-09 13:33:10-05:00,2023-02-09,https://www.inaturalist.org/observations/148467530,https://inaturalist-open-data.s3.amazonaws.com/photos/255678301/medium.jpg,"Hutchinson Island, Jensen Beach, FL, US",27.35063366,-80.23863949999999,United States,Not Juvenile
148480824.0,2023-02-10 18:25:49-05:00,2023-02-10,https://www.inaturalist.org/observations/148480824,https://inaturalist-open-data.s3.amazonaws.com/photos/255702638/medium.jpg,"Long Key, Layton, FL, US",24.82333161,-80.81504716,United States,Juvenile
148484458.0,Fri Feb 10 2023 15:10:47 GMT -0500 (EST),2023-02-10,https://www.inaturalist.org/observations/148484458,https://inaturalist-open-data.s3.amazonaws.com/photos/255710107/medium.jpeg,"Brevard County, US-FL, US",28.36740112,-80.60173798,United States,Not Juvenile
148486535.0,2023-02-10 14:48:41,2023-02-10,https://www.inaturalist.org/observations/148486535,https://inaturalist-open-data.s3.amazonaws.com/photos/255714466/medium.jpeg,"Sewall's Point, FL 34996, USA",27.16845189,-80.1556061,United States,Not Juvenile
148528616.0,2023-02-11 12:04:09-05:00,2023-02-11,https://www.inaturalist.org/observations/148528616,https://static.inaturalist.org/photos/255793946/medium.jpg,"Key Biscayne, Key Biscayne, FL, US",25.69636667,-80.15598333,United States,Not Juvenile
148532185.0,Sat Feb 11 2023 12:45:44 GMT -0500 (EST),2023-02-11,https://www.inaturalist.org/observations/148532185,https://static.inaturalist.org/photos/256102943/medium.jpeg,New Smyrna Beach,29.01617432,-80.88252258,United States,Not Juvenile
148550494.0,2023-02-11 16:19:55-05:00,2023-02-11,https://www.inaturalist.org/observations/148550494,https://inaturalist-open-data.s3.amazonaws.com/photos/255852591/medium.jpg,"Hutchinson Island, Stuart, FL, US",27.18519303,-80.15990333,United States,Not Juvenile
148558867.0,2023-02-11 12:33:57-05:00,2023-02-11,https://www.inaturalist.org/observations/148558867,https://inaturalist-open-data.s3.amazonaws.com/photos/255851095/medium.jpg,"Fat Deer Key, Marathon, FL, US",24.7328185,-81.024073,United States,Not Juvenile
148558913.0,2023-02-11 13:45:56-05:00,2023-02-11,https://www.inaturalist.org/observations/148558913,https://static.inaturalist.org/photos/255851186/medium.jpg,"Straits of Florida, FL, US",24.87753333,-80.67191333,United States,Not Juvenile
148580520.0,2023-02-11 23:50:57-05:00,2023-02-11,https://www.inaturalist.org/observations/148580520,https://inaturalist-open-data.s3.amazonaws.com/photos/256020454/medium.jpg,"New Smyrna Beach, New Smyrna Beach, FL, US",29.02638639,-80.88846507,United States,Not Juvenile
148612607.0,Sun Feb 12 2023 11:09:18 GMT -0500 (EST),2023-02-12,https://www.inaturalist.org/observations/148612607,https://inaturalist-open-data.s3.amazonaws.com/photos/255956170/medium.jpeg,Monroe County,24.70384216,-81.15516663,United States,Not Juvenile
148613396.0,2023-02-12 10:40:41-05:00,2023-02-12,https://www.inaturalist.org/observations/148613396,https://static.inaturalist.org/photos/255957259/medium.jpg,"Brickell Bay Dr, Miami, FL, US",25.76352167,-80.18889667,United States,Not Juvenile
148627734.0,2018-02-14 13:25:00,2018-02-14,https://www.inaturalist.org/observations/148627734,https://inaturalist-open-data.s3.amazonaws.com/photos/255982214/medium.jpg,"Monroe County, FL, USA",24.81344108,-80.7963888,United States,Not Juvenile
148667662.0,2023-02-09 12:43:42-05:00,2023-02-09,https://www.inaturalist.org/observations/148667662,https://static.inaturalist.org/photos/256058443/medium.jpg,"Straits of Florida, FL, US",26.31656667,-80.07487499999999,United States,Not Juvenile
148667678.0,2023-02-09 12:43:14-05:00,2023-02-09,https://www.inaturalist.org/observations/148667678,https://static.inaturalist.org/photos/256058509/medium.jpg,"Straits of Florida, FL, US",26.31655333,-80.07488883,United States,Not Juvenile
148673876.0,2023-01-09 10:46:00,2023-01-09,https://www.inaturalist.org/observations/148673876,https://inaturalist-open-data.s3.amazonaws.com/photos/256067531/medium.jpeg,"Miami-Dade County, FL, USA",25.66738056,-80.15503611,United States,Juvenile
148817690.0,2022-12-30 15:15:08-05:00,2022-12-30,https://www.inaturalist.org/observations/148817690,https://static.inaturalist.org/photos/256343383/medium.jpg,"Indian River County, US-FL, US",27.62674317,-80.34835316,United States,Not Juvenile
148834088.0,2023-02-10 11:37:00-05:00,2023-02-10,https://www.inaturalist.org/observations/148834088,https://inaturalist-open-data.s3.amazonaws.com/photos/256373997/medium.jpg,"Biscayne Bay, FL, US",25.73672249,-80.16712407,United States,Not Juvenile
148841584.0,2023-02-15 08:13:05-05:00,2023-02-15,https://www.inaturalist.org/observations/148841584,https://static.inaturalist.org/photos/256388323/medium.jpg,"Straits of Florida, Hollywood, FL, US",26.00358293,-80.11559668,United States,Not Juvenile
148849354.0,2022-12-31 18:58:42,2022-12-31,https://www.inaturalist.org/observations/148849354,https://static.inaturalist.org/photos/256403237/medium.jpeg,"Jupiter Island, FL 33455, USA",27.06669473,-80.11522125,United States,Not Juvenile
148912374.0,2023-02-10 09:30:27-05:00,2023-02-10,https://www.inaturalist.org/observations/148912374,https://inaturalist-open-data.s3.amazonaws.com/photos/256522118/medium.jpg,"Virginia Key, Miami, FL, US",25.74414167,-80.14369167,United States,Not Juvenile
148921102.0,2023-02-16 11:03:05-05:00,2023-02-16,https://www.inaturalist.org/observations/148921102,https://static.inaturalist.org/photos/256537821/medium.jpg,"Hollywood Beach, Hollywood, FL, US",25.99717,-80.116325,United States,Not Juvenile
148973911.0,Fri Feb 17 2023 11:08:49 GMT -0500 (GMT-5),2023-02-17,https://www.inaturalist.org/observations/148973911,https://inaturalist-open-data.s3.amazonaws.com/photos/256636961/medium.jpeg,Miami Beach,25.77372932,-80.13097382000001,United States,Not Juvenile
148978850.0,2023-02-17 12:34:39-05:00,2023-02-17,https://www.inaturalist.org/observations/148978850,https://static.inaturalist.org/photos/263286097/medium.jpg,"Downtown Miami, Miami, FL, US",25.79172775,-80.18541374,United States,Not Juvenile
148979308.0,Fri Feb 17 2023 12:46:01 GMT -0500 (EST),2023-02-17,https://www.inaturalist.org/observations/148979308,https://inaturalist-open-data.s3.amazonaws.com/photos/256647035/medium.jpeg,Miami-Dade County,25.78215027,-80.12789917,United States,Not Juvenile
149049761.0,2023-02-18 11:05:58-05:00,2023-02-18,https://www.inaturalist.org/observations/149049761,https://static.inaturalist.org/photos/256777017/medium.jpg,"Straits of Florida, FL, US",25.83781333,-80.11892783,United States,Not Juvenile
149049790.0,2023-02-18 11:03:46-05:00,2023-02-18,https://www.inaturalist.org/observations/149049790,https://static.inaturalist.org/photos/256777071/medium.jpg,"Straits of Florida, FL, US",25.83719667,-80.11893333,United States,Not Juvenile
149081080.0,2023-02-17 10:38:19-05:00,2023-02-17,https://www.inaturalist.org/observations/149081080,https://inaturalist-open-data.s3.amazonaws.com/photos/256835081/medium.jpg,"Singer Island, Jupiter, FL, US",26.91327,-80.06314167000001,United States,Not Juvenile
149096278.0,2023-02-15 11:00:00,2023-02-15,https://www.inaturalist.org/observations/149096278,https://inaturalist-open-data.s3.amazonaws.com/photos/256843918/medium.jpeg,"Flamingo / Lummus, Miami Beach, FL 33139, USA",25.78585828,-80.12922777,United States,Not Juvenile
149096280.0,2023-02-15 11:27:00,2023-02-15,https://www.inaturalist.org/observations/149096280,https://inaturalist-open-data.s3.amazonaws.com/photos/256843956/medium.jpeg,"Flamingo / Lummus, Miami Beach, FL 33139, USA",25.78585828,-80.12922777,United States,Juvenile
149134931.0,2023-02-19 09:49:03-05:00,2023-02-19,https://www.inaturalist.org/observations/149134931,https://static.inaturalist.org/photos/256938072/medium.jpg,"North Atlantic Ocean, Boca Raton, FL, US",26.36077107,-80.06846968,United States,Not Juvenile
149138774.0,2023-02-19 09:41:00-05:00,2023-02-19,https://www.inaturalist.org/observations/149138774,https://inaturalist-open-data.s3.amazonaws.com/photos/256944912/medium.jpg,"Hollywood Beach, Hollywood, FL, US",26.0195,-80.11495283000001,United States,Not Juvenile
149138910.0,2023-02-19 09:41:22-05:00,2023-02-19,https://www.inaturalist.org/observations/149138910,https://inaturalist-open-data.s3.amazonaws.com/photos/256945042/medium.jpg,"Hollywood Beach, Hollywood, FL, US",26.01953883,-80.11467783,United States,Not Juvenile
149144213.0,2023-02-19 11:42:22-05:00,2023-02-19,https://www.inaturalist.org/observations/149144213,https://inaturalist-open-data.s3.amazonaws.com/photos/256954794/medium.jpg,"S Ocean Blvd, Highland Beach, FL, US",26.42378024,-80.06286508,United States,Not Juvenile
149165054.0,Sun Feb 19 2023 13:45:13 GMT-0500 (EST),2023-02-19,https://www.inaturalist.org/observations/149165054,https://inaturalist-open-data.s3.amazonaws.com/photos/256993257/medium.jpg,"Straits of Florida, Miami Beach, FL, US",25.79336667,-80.12603883,United States,Not Juvenile
149165293.0,2023-02-19 14:47:00,2023-02-19,https://www.inaturalist.org/observations/149165293,https://inaturalist-open-data.s3.amazonaws.com/photos/256993757/medium.jpeg,"Hillsboro Beach, FL, USA",26.29417639,-80.0779191,United States,Not Juvenile
149192921.0,2023-02-19 17:31:56-05:00,2023-02-19,https://www.inaturalist.org/observations/149192921,https://inaturalist-open-data.s3.amazonaws.com/photos/257045820/medium.jpg,"Biscayne Bay, Miami Beach, FL, US",25.8158635,-80.143897,United States,Not Juvenile
149246485.0,2023-02-20 10:41:57-05:00,2023-02-20,https://www.inaturalist.org/observations/149246485,https://static.inaturalist.org/photos/257147212/medium.jpg,"Straits of Florida, FL, US",25.787595,-80.12705283,United States,Juvenile
149351441.0,2023-02-21 14:58:58-05:00,2023-02-21,https://www.inaturalist.org/observations/149351441,https://inaturalist-open-data.s3.amazonaws.com/photos/257339935/medium.jpg,"North Atlantic Ocean, FL, US",26.45347167,-80.05801383000001,United States,Not Juvenile
149371884.0,2023-02-07 16:05:05-05:00,2023-02-07,https://www.inaturalist.org/observations/149371884,https://inaturalist-open-data.s3.amazonaws.com/photos/257379237/medium.jpg,"Hollywood North Beach Park, Hollywood, FL, US",26.04337511,-80.11320471,United States,Not Juvenile
149434152.0,2023-02-22 12:56:03-05:00,2023-02-22,https://www.inaturalist.org/observations/149434152,https://static.inaturalist.org/photos/257498478/medium.jpg,"Key Biscayne, FL, US",25.70501333,-80.1529695,United States,Not Juvenile
149455454.0,2023-02-22 10:43:10-05:00,2023-02-22,https://www.inaturalist.org/observations/149455454,https://inaturalist-open-data.s3.amazonaws.com/photos/257540505/medium.jpg,"Miami Beach, Miami Beach, FL, US",25.81518667,-80.1211695,United States,Not Juvenile
149499134.0,2023-02-23 15:03:25,2023-02-23,https://www.inaturalist.org/observations/149499134,https://inaturalist-open-data.s3.amazonaws.com/photos/257623281/medium.jpeg,"Boynton Beach, FL 33435, USA",26.5308292,-80.055064,United States,Not Juvenile
149508539.0,2023-02-23 17:12:18-05:00,2023-02-23,https://www.inaturalist.org/observations/149508539,https://inaturalist-open-data.s3.amazonaws.com/photos/257640432/medium.jpg,"NE 21st Ave, Deerfield Beach, FL, US",26.31813326,-80.07466272,United States,Not Juvenile
149508663.0,2023-02-23 17:13:53-05:00,2023-02-23,https://www.inaturalist.org/observations/149508663,https://inaturalist-open-data.s3.amazonaws.com/photos/257640505/medium.jpg,"NE 21st Ave, Deerfield Beach, FL, US",26.31805922,-80.07472944,United States,Not Juvenile
149510389.0,2023-02-20 11:07:24-05:00,2023-02-20,https://www.inaturalist.org/observations/149510389,https://inaturalist-open-data.s3.amazonaws.com/photos/257643597/medium.jpg,"Straits of Florida, Key Biscayne, FL, US",25.6896,-80.156425,United States,Not Juvenile
149608344.0,2023-02-24 15:39:23-05:00,2023-02-24,https://www.inaturalist.org/observations/149608344,https://static.inaturalist.org/photos/257826859/medium.jpg,"NC, US",34.68840333,-76.65043667,United States,Not Juvenile
149663102.0,Fri Feb 24 2023 12:09:58 GMT -0500 (EST),2023-02-24,https://www.inaturalist.org/observations/149663102,https://inaturalist-open-data.s3.amazonaws.com/photos/261202450/medium.jpeg,Palm Beach,26.69856262,-80.03311157,United States,Not Juvenile
149667951.0,2023-02-25 12:49:21-05:00,2023-02-25,https://www.inaturalist.org/observations/149667951,https://inaturalist-open-data.s3.amazonaws.com/photos/257939630/medium.jpg,"Cape Hatteras National Seashore, Frisco, NC, US",35.22292833,-75.64791167,United States,Not Juvenile
149679962.0,2023-02-25 12:49:00,2023-02-25,https://www.inaturalist.org/observations/149679962,https://inaturalist-open-data.s3.amazonaws.com/photos/257956008/medium.jpeg,"Cape Hatteras National Seashore, Dare, North Carolina, United States",35.22341389,-75.64792778,United States,Not Juvenile
149722445.0,2023-02-24 15:34:53-05:00,2023-02-24,https://www.inaturalist.org/observations/149722445,https://inaturalist-open-data.s3.amazonaws.com/photos/258039168/medium.jpg,"Monroe County, US-FL, US",24.84992,-80.73813667,United States,Not Juvenile
149798395.0,2023-02-24 17:23:35-05:00,2023-02-24,https://www.inaturalist.org/observations/149798395,https://inaturalist-open-data.s3.amazonaws.com/photos/258181521/medium.jpg,"Kelsey Park, Lake Park, FL, US",26.798325,-80.05225283,United States,Not Juvenile
149847016.0,Mon Feb 27 2023 15:05:59 GMT-0500 (EST),2023-02-27,https://www.inaturalist.org/observations/149847016,https://inaturalist-open-data.s3.amazonaws.com/photos/258277600/medium.jpg,"North Atlantic Ocean, Boca Raton, FL, US",26.35035452,-80.06924116,United States,Not Juvenile
150051725.0,2023-03-02 08:13:58-05:00,2023-03-02,https://www.inaturalist.org/observations/150051725,https://inaturalist-open-data.s3.amazonaws.com/photos/258665079/medium.jpg,"Straits of Florida, FL, US",26.17821167,-80.09601667,United States,Not Juvenile
150209841.0,2023-03-04 08:30:13,2023-03-04,https://www.inaturalist.org/observations/150209841,https://static.inaturalist.org/photos/258962629/medium.jpeg,Oak Island,33.920338380000004,-78.1608196,United States,Not Juvenile
150217012.0,2023-03-04 10:57:08,2023-03-04,https://www.inaturalist.org/observations/150217012,https://static.inaturalist.org/photos/258976080/medium.jpeg,"Emerald Isle, NC 28594, USA",34.65944199,-77.03866885000001,United States,Not Juvenile
150217393.0,2023-03-04 10:59:26,2023-03-04,https://www.inaturalist.org/observations/150217393,https://static.inaturalist.org/photos/258976456/medium.jpeg,"Carteret County, NC, USA",34.65923329,-77.03847382000001,United States,Not Juvenile
150222561.0,2023-03-03 15:28:19-05:00,2023-03-03,https://www.inaturalist.org/observations/150222561,https://inaturalist-open-data.s3.amazonaws.com/photos/258985623/medium.jpg,United States,33.956264940000004,-78.27656397,United States,Not Juvenile
150223338.0,Sat Mar 04 2023 12:17:44 GMT -0500 (GMT-5),2023-03-04,https://www.inaturalist.org/observations/150223338,https://static.inaturalist.org/photos/258988514/medium.jpeg,Sneads Ferry,34.57536697,-77.27014923,United States,Not Juvenile
150318203.0,2023-03-05 08:58:12,2023-03-05,https://www.inaturalist.org/observations/150318203,https://static.inaturalist.org/photos/259172427/medium.jpeg,Oak Island,33.920338380000004,-78.1608196,United States,Juvenile
150367885.0,2023-03-05 10:30:43,2023-03-05,https://www.inaturalist.org/observations/150367885,https://static.inaturalist.org/photos/259267090/medium.jpeg,Bird Shoal,34.70849438,-76.65937398,United States,Not Juvenile
150404373.0,2023-03-04 06:59:07,2023-03-04,https://www.inaturalist.org/observations/150404373,https://static.inaturalist.org/photos/259339063/medium.jpeg,"Carteret County, NC, USA",34.68189397,-76.91340097,United States,Not Juvenile
150410155.0,2023-02-11 12:51:00,2023-02-11,https://www.inaturalist.org/observations/150410155,https://inaturalist-open-data.s3.amazonaws.com/photos/259350191/medium.jpeg,"Martin County, FL, USA",27.18594811,-80.1601759,United States,Not Juvenile
150455859.0,2023-02-04 10:47:00-05:00,2023-02-04,https://www.inaturalist.org/observations/150455859,https://static.inaturalist.org/photos/259439479/medium.jpg,United States,26.7953937,-80.07170699,United States,Not Juvenile
150535944.0,2023-03-05 11:41:18-05:00,2023-03-05,https://www.inaturalist.org/observations/150535944,https://inaturalist-open-data.s3.amazonaws.com/photos/259593699/medium.jpg,"Myrtle Ave, Pawleys Island, SC, US",33.43177041,-79.11955786,United States,Not Juvenile
150542081.0,2023-03-07 18:04:47,2023-03-07,https://www.inaturalist.org/observations/150542081,https://inaturalist-open-data.s3.amazonaws.com/photos/259606193/medium.jpeg,"Key Biscayne, FL 33149, USA",25.69234836,-80.16438682,United States,Not Juvenile
150574773.0,2023-03-08 09:20:32-05:00,2023-03-08,https://www.inaturalist.org/observations/150574773,https://inaturalist-open-data.s3.amazonaws.com/photos/259668909/medium.jpg,"Delray Municipal Beach, FL, US",26.46563581,-80.05686382,United States,Not Juvenile
150837605.0,2018-02-25 17:47:00,2018-02-25,https://www.inaturalist.org/observations/150837605,https://inaturalist-open-data.s3.amazonaws.com/photos/260166323/medium.jpeg,"Miami, Florida, EE. UU.",25.81484956,-80.16227773,United States,Not Juvenile
150861259.0,2023-03-11 15:48:28-05:00,2023-03-11,https://www.inaturalist.org/observations/150861259,https://static.inaturalist.org/photos/260210687/medium.jpg,"North Atlantic Ocean, FL, US",26.45006167,-80.05872217,United States,Not Juvenile
150869898.0,2023-02-09 13:58:32-05:00,2023-02-09,https://www.inaturalist.org/observations/150869898,https://inaturalist-open-data.s3.amazonaws.com/photos/264184625/medium.jpg,"Dr. Von D. Mizell-Eula Johnson State Park, Hollywood, FL, US",26.06062217,-80.11145,United States,Not Juvenile
150936102.0,2023-03-11 15:10:00-05:00,2023-03-11,https://www.inaturalist.org/observations/150936102,https://inaturalist-open-data.s3.amazonaws.com/photos/260352498/medium.jpg,"NE 121st St, North Miami, FL, US",25.88786094,-80.16155073,United States,Not Juvenile
150953680.0,2023-01-02 17:21:00,2023-01-02,https://www.inaturalist.org/observations/150953680,https://inaturalist-open-data.s3.amazonaws.com/photos/260383961/medium.jpeg,"Palm Beach County, FL, USA",26.61569468,-80.03110889999999,United States,Not Juvenile
150953681.0,2023-01-02 17:21:00,2023-01-02,https://www.inaturalist.org/observations/150953681,https://inaturalist-open-data.s3.amazonaws.com/photos/260383972/medium.jpeg,"Palm Beach, FL, USA",26.61487507,-80.03351216,United States,Not Juvenile
150953682.0,2023-01-02 17:22:00,2023-01-02,https://www.inaturalist.org/observations/150953682,https://inaturalist-open-data.s3.amazonaws.com/photos/260383988/medium.jpeg,"Palm Beach County, FL, USA",26.61310993,-80.02887714,United States,Not Juvenile
150953684.0,2023-01-02 17:24:00,2023-01-02,https://www.inaturalist.org/observations/150953684,https://inaturalist-open-data.s3.amazonaws.com/photos/260384002/medium.jpeg,"Palm Beach, FL, USA",26.61126843,-80.03394131,United States,Not Juvenile
150953685.0,2023-01-02 17:24:00,2023-01-02,https://www.inaturalist.org/observations/150953685,https://inaturalist-open-data.s3.amazonaws.com/photos/260384021/medium.jpeg,"Palm Beach County, FL, USA",26.61354628,-80.03016459999999,United States,Not Juvenile
150953686.0,2023-01-02 17:24:00,2023-01-02,https://www.inaturalist.org/observations/150953686,https://inaturalist-open-data.s3.amazonaws.com/photos/260384043/medium.jpeg,"Palm Beach County, FL, USA",26.61180559,-80.03145222,United States,Not Juvenile
150985828.0,2023-02-20 07:42:20-05:00,2023-02-20,https://www.inaturalist.org/observations/150985828,https://static.inaturalist.org/photos/260445034/medium.jpg,"South Beach, FL, US",25.78201333,-80.1278695,United States,Not Juvenile
150994949.0,2023-03-09 12:49:02-05:00,2023-03-09,https://www.inaturalist.org/observations/150994949,https://static.inaturalist.org/photos/260461832/medium.jpg,"Miami Beach, Miami Beach, FL, US",25.85856333,-80.11886667,United States,Not Juvenile
151078136.0,2021-03-11 15:13:00-05:00,2021-03-11,https://www.inaturalist.org/observations/151078136,https://inaturalist-open-data.s3.amazonaws.com/photos/260618639/medium.jpg,"Biscayne Bay, Miami Beach, FL, US",25.8158635,-80.143897,United States,Not Juvenile
151306404.0,2023-03-16 12:02:29-04:00,2023-03-16,https://www.inaturalist.org/observations/151306404,https://inaturalist-open-data.s3.amazonaws.com/photos/261047526/medium.jpg,"Crandon Park, Key Biscayne, FL, US",25.71380734,-80.15087276,United States,Not Juvenile
151313017.0,2023-03-16 13:26:48-04:00,2023-03-16,https://www.inaturalist.org/observations/151313017,https://inaturalist-open-data.s3.amazonaws.com/photos/261059126/medium.jpg,"Crandon Park, Key Biscayne, FL, US",25.70093089,-80.15562561,United States,Not Juvenile
151359153.0,2023-03-14 11:09:23-04:00,2023-03-14,https://www.inaturalist.org/observations/151359153,https://inaturalist-open-data.s3.amazonaws.com/photos/261147585/medium.jpg,"Hobie Island Beach Park, Key Biscayne, FL, US",25.7416856,-80.17197034,United States,Not Juvenile
151359483.0,2023-03-14 12:05:12-04:00,2023-03-14,https://www.inaturalist.org/observations/151359483,https://inaturalist-open-data.s3.amazonaws.com/photos/261148147/medium.jpg,"Hobie Island Beach Park, Key Biscayne, FL, US",25.7417367,-80.17198814,United States,Not Juvenile
151417289.0,2023-03-17 16:01:17,2023-03-17,https://www.inaturalist.org/observations/151417289,https://inaturalist-open-data.s3.amazonaws.com/photos/261256210/medium.jpeg,"PKS, NC 28512, USA",34.695243,-76.802207,United States,Not Juvenile
151710579.0,2023-02-10 13:43:00,2023-02-10,https://www.inaturalist.org/observations/151710579,https://inaturalist-open-data.s3.amazonaws.com/photos/261806008/medium.jpeg,"Islamorada, FL, USA",25.00365056,-80.52998278,United States,Not Juvenile
152040555.0,2023-03-23 10:55:04-04:00,2023-03-23,https://www.inaturalist.org/observations/152040555,https://inaturalist-open-data.s3.amazonaws.com/photos/262418011/medium.jpg,"Jupiter Island, Jupiter Island, FL, US",26.97369167,-80.08113883,United States,Not Juvenile
152040900.0,2023-03-13 00:00:00,2023-03-13,https://www.inaturalist.org/observations/152040900,https://inaturalist-open-data.s3.amazonaws.com/photos/262418853/medium.jpeg,"Tybee Island, GA 31328, USA",32.00159556,-80.84297396,United States,Not Juvenile
152084788.0,2023-01-28 11:05:59-04:00,2023-01-28,https://www.inaturalist.org/observations/152084788,https://inaturalist-open-data.s3.amazonaws.com/photos/262498684/medium.jpg,"Canaveral National Seashore, Cape Canaveral, FL, US",28.65564861,-80.63208586,United States,Not Juvenile
152550827.0,2023-03-27 15:24:36,2023-03-27,https://www.inaturalist.org/observations/152550827,https://inaturalist-open-data.s3.amazonaws.com/photos/263359889/medium.jpeg,"A1A & Mcclellan St, Hollywood, FL 33019, USA",26.04278889,-80.11292222,United States,Not Juvenile
152878106.0,2023-02-12 07:05:09-05:00,2023-02-12,https://www.inaturalist.org/observations/152878106,https://inaturalist-open-data.s3.amazonaws.com/photos/263965416/medium.jpg,"South Beach, FL, US",25.77097295,-80.13044556,United States,Not Juvenile
152880995.0,2023-03-30 13:45:03-04:00,2023-03-30,https://www.inaturalist.org/observations/152880995,https://inaturalist-open-data.s3.amazonaws.com/photos/263970772/medium.jpg,"SR-A1A N, Satellite Beach, FL, US",28.208730000000003,-80.596375,United States,Not Juvenile
152941373.0,2023-03-31 12:02:50-04:00,2023-03-31,https://www.inaturalist.org/observations/152941373,https://static.inaturalist.org/photos/264864289/medium.jpg,"SR-A1A, Cocoa Beach, FL, US",28.27340243,-80.60529269,United States,Not Juvenile
152996881.0,2018-12-15 13:49:27-06:00,2018-12-15,https://www.inaturalist.org/observations/152996881,https://static.inaturalist.org/photos/264190053/medium.jpg,"Windley Key, Islamorada, FL, US",24.94771167,-80.59765,United States,Not Juvenile
153094979.0,2023-04-01 14:41:29-04:00,2023-04-01,https://www.inaturalist.org/observations/153094979,https://inaturalist-open-data.s3.amazonaws.com/photos/264373497/medium.jpg,"North Atlantic Ocean, Ocean Ridge, FL, US",26.52923,-80.04663049999999,United States,Not Juvenile
153196784.0,2023-03-18 12:38:00,2023-03-18,https://www.inaturalist.org/observations/153196784,https://inaturalist-open-data.s3.amazonaws.com/photos/264565248/medium.jpeg,"Miami, FL, USA",25.7616798,-80.1917902,United States,Not Juvenile
153273064.0,2023-01-08 10:48:10-05:00,2023-01-08,https://www.inaturalist.org/observations/153273064,https://inaturalist-open-data.s3.amazonaws.com/photos/264707544/medium.jpg,"Key Biscayne, Key Biscayne, FL, US",25.70781059,-80.15185403,United States,Not Juvenile
153397102.0,2023-01-14 11:41:00-05:00,2023-01-14,https://www.inaturalist.org/observations/153397102,https://inaturalist-open-data.s3.amazonaws.com/photos/264936442/medium.jpg,"Edisto Island, Edisto Beach, SC, US",32.47995614,-80.33275387,United States,Not Juvenile
153546398.0,2019-12-31 08:36:00,2019-12-31,https://www.inaturalist.org/observations/153546398,https://inaturalist-open-data.s3.amazonaws.com/photos/265214176/medium.jpeg,"Coral Gables, FL, USA",25.67781379,-80.25654889,United States,Not Juvenile
153673434.0,Thu Apr 06 2023 07:39:58 GMT -0400 (EDT),2023-04-06,https://www.inaturalist.org/observations/153673434,https://inaturalist-open-data.s3.amazonaws.com/photos/265449856/medium.jpeg,Daytona Beach,29.22637939,-81.00684357,United States,Not Juvenile
154004298.0,2023-04-08 17:34:02-04:00,2023-04-08,https://www.inaturalist.org/observations/154004298,https://inaturalist-open-data.s3.amazonaws.com/photos/266054089/medium.jpg,"Ocean Shore Blvd, FL, US",29.34109167,-81.06195000000001,United States,Not Juvenile
154350336.0,2023-04-10 19:35:24-04:00,2023-04-10,https://www.inaturalist.org/observations/154350336,https://static.inaturalist.org/photos/266689419/medium.jpg,"S Atlantic Ave, Daytona Beach Shores, FL, US",29.15291783,-80.96898991,United States,Not Juvenile
154555686.0,2023-04-12 08:37:48-04:00,2023-04-12,https://www.inaturalist.org/observations/154555686,https://static.inaturalist.org/photos/267067297/medium.jpg,"S Atlantic Ave, Ponce Inlet, FL, US",29.11386117,-80.94673,United States,Not Juvenile
154625905.0,2023-04-12 18:19:59-04:00,2023-04-12,https://www.inaturalist.org/observations/154625905,https://inaturalist-open-data.s3.amazonaws.com/photos/267192458/medium.jpg,"Anastasia State Park, St. Augustine, FL, US",29.86093333,-81.26635,United States,Not Juvenile
154725778.0,2023-04-11 11:23:34-04:00,2023-04-11,https://www.inaturalist.org/observations/154725778,https://inaturalist-open-data.s3.amazonaws.com/photos/267376472/medium.jpg,"Jupiter Island, Jupiter Island, FL, US",26.97866667,-80.08268617,United States,Not Juvenile
154779463.0,2023-04-03 15:22:24-04:00,2023-04-03,https://www.inaturalist.org/observations/154779463,https://inaturalist-open-data.s3.amazonaws.com/photos/267473536/medium.jpg,"Florida, US",27.65535837,-80.43080956,United States,Not Juvenile
155134071.0,2023-04-12 11:10:46,2023-04-12,https://www.inaturalist.org/observations/155134071,https://inaturalist-open-data.s3.amazonaws.com/photos/268124090/medium.jpeg,Cocoa Beach,28.32000015,-80.60755145,United States,Not Juvenile
155648916.0,2023-02-16 21:55:16-05:00,2023-02-16,https://www.inaturalist.org/observations/155648916,https://inaturalist-open-data.s3.amazonaws.com/photos/269075872/medium.jpg,"Edisto Island, Edisto Island, SC, US",32.49351001,-80.34616736,United States,Not Juvenile
155993504.0,2018-12-25 15:45:00,2018-12-25,https://www.inaturalist.org/observations/155993504,https://inaturalist-open-data.s3.amazonaws.com/photos/269698613/medium.jpg,"1200 Crandon Blvd, Key Biscayne, FL 33149, USA",25.675770999999997,-80.1585861,United States,Not Juvenile
156055925.0,2022-12-31 09:39:31,2022-12-31,https://www.inaturalist.org/observations/156055925,https://static.inaturalist.org/photos/269810903/medium.jpeg,"OCEAN BRZ PK, FL 34957, USA",27.297825999999997,-80.21579497,United States,Not Juvenile
156273436.0,2021-08-22 16:13:52-04:00,2021-08-22,https://www.inaturalist.org/observations/156273436,https://static.inaturalist.org/photos/270205872/medium.jpg,"Atlantic Ave, Westport, MA, US",41.50452000000001,-71.0987555,United States,Not Juvenile
156452645.0,2023-04-24 12:42:14-04:00,2023-04-24,https://www.inaturalist.org/observations/156452645,https://inaturalist-open-data.s3.amazonaws.com/photos/270536884/medium.jpg,"Duval Dr, Jacksonville Beach, FL, US",30.25859667,-81.38157000000001,United States,Not Juvenile
156496273.0,2018-03-06 12:35:39,2018-03-06,https://www.inaturalist.org/observations/156496273,https://static.inaturalist.org/photos/270615996/medium.jpeg,"Cascade Terrace & S. Atlantic Ob, Daytona Beach Shores, FL 32118, USA",29.15972222,-80.97444444,United States,Not Juvenile
156643427.0,2023-04-25 16:00:51-04:00,2023-04-25,https://www.inaturalist.org/observations/156643427,https://static.inaturalist.org/photos/284545166/medium.jpg,"Lummus Park, Miami Beach, FL, US",25.78394765,-80.12753394,United States,Not Juvenile
156881169.0,2023-04-26 19:14:06-04:00,2023-04-26,https://www.inaturalist.org/observations/156881169,https://inaturalist-open-data.s3.amazonaws.com/photos/271315309/medium.jpg,"North Atlantic Ocean, St. Augustine, FL, US",29.871255,-81.26858667,United States,Not Juvenile
157147642.0,2023-04-28 00:00:00,2023-04-28,https://www.inaturalist.org/observations/157147642,https://static.inaturalist.org/photos/271750477/medium.jpeg,"Frisco, NC 27936, USA",35.22536903,-75.63617092,United States,Not Juvenile
157293277.0,2023-04-28 16:41:21-04:00,2023-04-28,https://www.inaturalist.org/observations/157293277,https://inaturalist-open-data.s3.amazonaws.com/photos/271980733/medium.jpg,"Sheep Islands, NC, US",34.738045,-76.43080833,United States,Not Juvenile
157341221.0,2023-04-28 10:40:28-04:00,2023-04-28,https://www.inaturalist.org/observations/157341221,https://static.inaturalist.org/photos/272056508/medium.jpg,"Bald Head Island, NC, US",33.843270000000004,-77.96006167,United States,Not Juvenile
157808634.0,2023-04-11 12:00:26,2023-04-11,https://www.inaturalist.org/observations/157808634,https://inaturalist-open-data.s3.amazonaws.com/photos/272801821/medium.jpeg,Patrick Space Force Base,28.23946141,-80.60751725,United States,Not Juvenile
157874034.0,2023-04-29 10:07:15-04:00,2023-04-29,https://www.inaturalist.org/observations/157874034,https://inaturalist-open-data.s3.amazonaws.com/photos/272910083/medium.jpg,"Oak Island, Oak Island, NC, US",33.91374667,-78.22947833,United States,Not Juvenile
158074463.0,2023-04-28 22:53:31-04:00,2023-04-28,https://www.inaturalist.org/observations/158074463,https://inaturalist-open-data.s3.amazonaws.com/photos/273567426/medium.jpg,"Ashe Island, Surf City, NC, US",34.431855,-77.533225,United States,Not Juvenile
158374609.0,2023-04-30 06:20:00-05:00,2023-04-30,https://www.inaturalist.org/observations/158374609,https://inaturalist-open-data.s3.amazonaws.com/photos/273718224/medium.jpg,"Straits of Florida, FL, US",25.77028667,-80.13012783,United States,Not Juvenile
159116716.0,2023-05-01 19:44:45-04:00,2023-05-01,https://www.inaturalist.org/observations/159116716,https://static.inaturalist.org/photos/274904270/medium.jpg,"Croatan Dr, Atlantic Beach, NC, US",34.69936594,-76.77041572,United States,Not Juvenile
159297754.0,2023-05-02 19:17:44-04:00,2023-05-02,https://www.inaturalist.org/observations/159297754,https://inaturalist-open-data.s3.amazonaws.com/photos/275217565/medium.jpg,"North Atlantic Ocean, Beaufort, NC, US",34.70879869,-76.6678238,United States,Not Juvenile
160375950.0,2022-04-12 12:57:00-04:00,2022-04-12,https://www.inaturalist.org/observations/160375950,https://inaturalist-open-data.s3.amazonaws.com/photos/277126603/medium.jpg,"Curry Hammock State Park, Marathon, FL, US",24.73993833,-80.98227833,United States,Not Juvenile
160992153.0,2022-02-04 17:58:16,2022-02-04,https://www.inaturalist.org/observations/160992153,https://static.inaturalist.org/photos/278240703/medium.jpeg,"Boca Raton, FL 33432, USA",26.34539327,-80.07452443,United States,Not Juvenile
162528174.0,2023-05-19 11:24:15-04:00,2023-05-19,https://www.inaturalist.org/observations/162528174,https://inaturalist-open-data.s3.amazonaws.com/photos/281033577/medium.jpg,"Florida, US",29.96897019,-81.31806081,United States,Not Juvenile
162728417.0,2023-05-20 12:18:19,2023-05-20,https://www.inaturalist.org/observations/162728417,https://inaturalist-open-data.s3.amazonaws.com/photos/281391016/medium.jpeg,"Brevard County, FL, USA",28.671678999999997,-80.6430306,United States,Not Juvenile
162751211.0,2023-05-20 17:10:09-04:00,2023-05-20,https://www.inaturalist.org/observations/162751211,https://static.inaturalist.org/photos/281434128/medium.jpg,"S Atlantic Ave, Daytona Beach Shores, FL, US",29.19804479,-80.99237435,United States,Not Juvenile
163322833.0,2023-05-23 11:32:33-04:00,2023-05-23,https://www.inaturalist.org/observations/163322833,https://inaturalist-open-data.s3.amazonaws.com/photos/282468950/medium.jpg,"Butler Beach, FL, US",29.79476667,-81.25868833,United States,Not Juvenile
163386933.0,2023-05-23 17:52:31-04:00,2023-05-23,https://www.inaturalist.org/observations/163386933,https://static.inaturalist.org/photos/282615385/medium.jpg,"North Atlantic Ocean, FL, US",29.13373883,-80.95803000000001,United States,Not Juvenile
163435948.0,2022-04-01 14:56:45,2022-04-01,https://www.inaturalist.org/observations/163435948,https://inaturalist-open-data.s3.amazonaws.com/photos/282679094/medium.jpeg,"Rosenstiel School of Marine, Atmospheric, and Earth Science",25.7333985,-80.16244758,United States,Not Juvenile
163472817.0,2023-05-23 15:39:13-04:00,2023-05-23,https://www.inaturalist.org/observations/163472817,https://inaturalist-open-data.s3.amazonaws.com/photos/282743547/medium.jpg,"North Atlantic Ocean, FL, US",29.79076667,-81.25734667,United States,Not Juvenile
163530109.0,2023-05-24 07:14:00,2023-05-24,https://www.inaturalist.org/observations/163530109,https://inaturalist-open-data.s3.amazonaws.com/photos/282845558/medium.jpeg,"Daytona Beach Shores, FL 32118, USA",29.15805556,-80.97151944000001,United States,Not Juvenile
163558052.0,2023-05-24 18:29:59-04:00,2023-05-24,https://www.inaturalist.org/observations/163558052,https://static.inaturalist.org/photos/282898922/medium.jpg,"North Atlantic Ocean, Jacksonville, FL, US",30.37600712,-81.39704909999999,United States,Not Juvenile
164212229.0,2023-05-28 10:38:21-04:00,2023-05-28,https://www.inaturalist.org/observations/164212229,https://static.inaturalist.org/photos/284099172/medium.jpg,"Cape Hatteras National Seashore, Rodanthe, NC, US",35.32857167,-75.50567000000001,United States,Not Juvenile
164230360.0,2023-05-28 12:19:11-04:00,2023-05-28,https://www.inaturalist.org/observations/164230360,https://inaturalist-open-data.s3.amazonaws.com/photos/284131962/medium.jpeg,"Cape Hatteras National Seashore, Frisco, NC, US",35.21772263,-75.66663699,United States,Not Juvenile
164700722.0,2022-02-24 10:40:58-05:00,2022-02-24,https://www.inaturalist.org/observations/164700722,https://static.inaturalist.org/photos/285000326/medium.jpg,"Hutchinson Island, Stuart, FL, US",27.25558333,-80.19625833,United States,Not Juvenile
165257676.0,2020-05-28 00:00:00,2020-05-28,https://www.inaturalist.org/observations/165257676,https://inaturalist-open-data.s3.amazonaws.com/photos/286047874/medium.jpeg,"Georgetown County, SC, USA",33.52037062,-79.04207781,United States,Not Juvenile
165325674.0,2023-05-28 10:32:30-04:00,2023-05-28,https://www.inaturalist.org/observations/165325674,https://inaturalist-open-data.s3.amazonaws.com/photos/286169179/medium.jpg,"Cape Hatteras National Seashore, Frisco, NC, US",35.20517833,-75.70217167,United States,Not Juvenile
165362858.0,2023-06-03 13:20:14-04:00,2023-06-03,https://www.inaturalist.org/observations/165362858,https://inaturalist-open-data.s3.amazonaws.com/photos/286237708/medium.jpg,"North Atlantic Ocean, Rodanthe, NC, US",35.73291333,-75.49915333,United States,Not Juvenile
165375681.0,2023-06-03 11:03:49,2023-06-03,https://www.inaturalist.org/observations/165375681,https://inaturalist-open-data.s3.amazonaws.com/photos/286260965/medium.jpeg,"Nags Head, NC 27959, USA",35.858843,-75.56829,United States,Not Juvenile
165379919.0,2023-06-03 12:38:40-04:00,2023-06-03,https://www.inaturalist.org/observations/165379919,https://inaturalist-open-data.s3.amazonaws.com/photos/286268475/medium.jpg,"North Atlantic Ocean, Rodanthe, NC, US",35.737595,-75.50107000000001,United States,Not Juvenile
165381027.0,2023-06-03 13:34:25-04:00,2023-06-03,https://www.inaturalist.org/observations/165381027,https://inaturalist-open-data.s3.amazonaws.com/photos/286272385/medium.jpg,"North Atlantic Ocean, Rodanthe, NC, US",35.72977,-75.49795499999999,United States,Not Juvenile
165390875.0,2023-06-03 16:54:12,2023-06-03,https://www.inaturalist.org/observations/165390875,https://inaturalist-open-data.s3.amazonaws.com/photos/286287263/medium.jpeg,"Duck, NC, USA",36.17889722,-75.74919444,United States,Not Juvenile
165391840.0,2023-06-03 17:06:29,2023-06-03,https://www.inaturalist.org/observations/165391840,https://inaturalist-open-data.s3.amazonaws.com/photos/286288979/medium.jpeg,"Duck, NC, USA",36.18221944,-75.75089444,United States,Not Juvenile
165486217.0,2023-06-03 17:15:22-04:00,2023-06-03,https://www.inaturalist.org/observations/165486217,https://inaturalist-open-data.s3.amazonaws.com/photos/286470501/medium.jpg,"Corolla, NC, US",36.31000833,-75.80360333,United States,Not Juvenile
165492601.0,2023-06-03 17:06:42-04:00,2023-06-03,https://www.inaturalist.org/observations/165492601,https://static.inaturalist.org/photos/286478179/medium.jpg,"Duck, NC, US",36.18271667,-75.75058,United States,Not Juvenile
165508342.0,2023-06-04 10:09:24-04:00,2023-06-04,https://www.inaturalist.org/observations/165508342,https://inaturalist-open-data.s3.amazonaws.com/photos/286505784/medium.jpg,"Sandbridge Beach, Virginia Beach, VA, US",36.73194167,-75.93772833,United States,Not Juvenile
165550673.0,2023-06-03 17:19:34,2023-06-03,https://www.inaturalist.org/observations/165550673,https://inaturalist-open-data.s3.amazonaws.com/photos/286580982/medium.jpeg,"Duck, NC, USA",36.17714444,-75.74896667,United States,Not Juvenile
165559325.0,2023-06-04 14:17:16-04:00,2023-06-04,https://www.inaturalist.org/observations/165559325,https://inaturalist-open-data.s3.amazonaws.com/photos/286617652/medium.jpg,"Lauderdale Ave, Virginia Beach, VA, US",36.91923913,-76.1295246,United States,Not Juvenile
165572324.0,2023-06-04 15:16:12-04:00,2023-06-04,https://www.inaturalist.org/observations/165572324,https://inaturalist-open-data.s3.amazonaws.com/photos/286620827/medium.jpg,"Pampas Ct, Corolla, NC, US",36.31802,-75.80647167000001,United States,Not Juvenile
165591841.0,2023-06-04 16:46:39-04:00,2023-06-04,https://www.inaturalist.org/observations/165591841,https://static.inaturalist.org/photos/286657265/medium.jpg,"Sandfiddler Rd, Virginia Beach, VA, US",36.75237081,-75.94506618,United States,Not Juvenile
165635734.0,2023-05-30 11:01:00,2023-05-30,https://www.inaturalist.org/observations/165635734,https://inaturalist-open-data.s3.amazonaws.com/photos/286738723/medium.jpeg,"Dare County, NC, USA",35.22699715,-75.52729387000001,United States,Not Juvenile
165635738.0,2023-05-30 11:01:00,2023-05-30,https://www.inaturalist.org/observations/165635738,https://inaturalist-open-data.s3.amazonaws.com/photos/286738890/medium.jpeg,"Dare County, NC, USA",35.22699715,-75.52729387000001,United States,Not Juvenile
165637592.0,2023-06-03 12:41:34-04:00,2023-06-03,https://www.inaturalist.org/observations/165637592,https://inaturalist-open-data.s3.amazonaws.com/photos/286742673/medium.jpg,"North Atlantic Ocean, Rodanthe, NC, US",35.736705,-75.50080833,United States,Not Juvenile
165640059.0,2023-06-04 11:06:45-04:00,2023-06-04,https://www.inaturalist.org/observations/165640059,https://inaturalist-open-data.s3.amazonaws.com/photos/286746887/medium.jpg,"Chincoteague National Wildlife Refuge, VA, US",37.92252167,-75.32067833,United States,Not Juvenile
165652770.0,2023-06-04 17:26:20-04:00,2023-06-04,https://www.inaturalist.org/observations/165652770,https://static.inaturalist.org/photos/286773631/medium.jpg,"Sandcastle Dr, Corolla, NC, US",36.39232167,-75.82805499999999,United States,Not Juvenile
165678375.0,Mon Jun 05 2023 02:39:08 GMT -0500 (CDT),2023-06-05,https://www.inaturalist.org/observations/165678375,https://inaturalist-open-data.s3.amazonaws.com/photos/286823150/medium.jpeg,"North Carolina, US",36.11443149,-75.72274475,United States,Not Juvenile
165741149.0,2023-06-05 11:54:39-04:00,2023-06-05,https://www.inaturalist.org/observations/165741149,https://inaturalist-open-data.s3.amazonaws.com/photos/286934720/medium.jpg,"Pioneer St, Nags Head, NC, US",35.856933330000004,-75.56821333,United States,Not Juvenile
165776387.0,2023-06-02 14:33:56,2023-06-02,https://www.inaturalist.org/observations/165776387,https://static.inaturalist.org/photos/286997348/medium.jpeg,Kill Devil Hills,36.03071846,-75.6760101,United States,Not Juvenile
165788916.0,2023-06-05 08:28:30-04:00,2023-06-05,https://www.inaturalist.org/observations/165788916,https://inaturalist-open-data.s3.amazonaws.com/photos/287021023/medium.jpg,"Cape Hatteras National Seashore, Nags Head, NC, US",35.7973517,-75.547052,United States,Not Juvenile
166044727.0,2023-06-04 10:56:44-04:00,2023-06-04,https://www.inaturalist.org/observations/166044727,https://inaturalist-open-data.s3.amazonaws.com/photos/287500366/medium.jpg,"North Atlantic Ocean, NC, US",36.38582099,-75.82535706,United States,Not Juvenile
166056509.0,2023-06-01 14:35:55-04:00,2023-06-01,https://www.inaturalist.org/observations/166056509,https://inaturalist-open-data.s3.amazonaws.com/photos/287521609/medium.jpg,"North Atlantic Ocean, Nags Head, NC, US",35.90413667,-75.59259667,United States,Not Juvenile
166057680.0,2023-06-04 15:12:19-04:00,2023-06-04,https://www.inaturalist.org/observations/166057680,https://static.inaturalist.org/photos/287523577/medium.jpg,"North Atlantic Ocean, Virginia Beach, VA, US",36.68979131,-75.94241475,United States,Not Juvenile
166250649.0,2023-06-03 13:46:55-04:00,2023-06-03,https://www.inaturalist.org/observations/166250649,https://inaturalist-open-data.s3.amazonaws.com/photos/287876328/medium.jpg,"North Atlantic Ocean, Kitty Hawk, NC, US",36.07658637,-75.69608144,United States,Not Juvenile
166346462.0,2023-06-01 15:23:24-04:00,2023-06-01,https://www.inaturalist.org/observations/166346462,https://inaturalist-open-data.s3.amazonaws.com/photos/288055922/medium.jpg,"Assateague Island, MD, US",38.24779167,-75.13083617,United States,Not Juvenile
166488054.0,2022-12-06 11:02:01-05:00,2022-12-06,https://www.inaturalist.org/observations/166488054,https://inaturalist-open-data.s3.amazonaws.com/photos/288313579/medium.jpg,"S Lumina Ave, Wrightsville Beach, NC, US",34.18757923,-77.81047786,United States,Not Juvenile
166512700.0,2023-06-04 18:31:53-04:00,2023-06-04,https://www.inaturalist.org/observations/166512700,https://inaturalist-open-data.s3.amazonaws.com/photos/288360990/medium.jpg,"Virginia Beach Oceanfront, Virginia Beach, VA, US",36.8658,-75.97837000000001,United States,Not Juvenile
166935541.0,2023-02-09 14:17:56-05:00,2023-02-09,https://www.inaturalist.org/observations/166935541,https://inaturalist-open-data.s3.amazonaws.com/photos/289124330/medium.jpg,"Atlantic St, Melbourne Beach, FL, US",28.07154167,-80.55745833,United States,Not Juvenile
167108486.0,2023-06-12 18:07:42-04:00,2023-06-12,https://www.inaturalist.org/observations/167108486,https://inaturalist-open-data.s3.amazonaws.com/photos/289446974/medium.jpg,"Cape Hatteras National Seashore, Frisco, NC, US",35.228491670000004,-75.624895,United States,Not Juvenile
167476683.0,2023-06-12 00:00:00,2023-06-12,https://www.inaturalist.org/observations/167476683,https://inaturalist-open-data.s3.amazonaws.com/photos/290128940/medium.jpeg,"Dare County, NC, USA",35.2188754,-75.60660676,United States,Not Juvenile
167765317.0,2022-12-08 13:54:12,2022-12-08,https://www.inaturalist.org/observations/167765317,https://inaturalist-open-data.s3.amazonaws.com/photos/290663445/medium.jpeg,"Miami Beach, FL, USA",25.76714797,-80.13035397,United States,Not Juvenile
168012582.0,2023-02-23 13:58:35,2023-02-23,https://www.inaturalist.org/observations/168012582,https://static.inaturalist.org/photos/291121366/medium.jpeg,Darwin Beach,25.73164493,-80.16223401,United States,Not Juvenile
168676984.0,2023-06-21 11:53:03,2023-06-21,https://www.inaturalist.org/observations/168676984,https://inaturalist-open-data.s3.amazonaws.com/photos/292356601/medium.jpeg,"North Carolina, US",36.37856968,-75.83599259,United States,Not Juvenile
168717071.0,2023-06-21 16:34:25,2023-06-21,https://www.inaturalist.org/observations/168717071,https://inaturalist-open-data.s3.amazonaws.com/photos/292431274/medium.jpeg,"Sandbridge, Virginia Beach, VA, USA",36.6928405,-75.92246204,United States,Not Juvenile
168777388.0,2023-05-25 14:49:24-04:00,2023-05-25,https://www.inaturalist.org/observations/168777388,https://static.inaturalist.org/photos/292547437/medium.jpg,"Canaveral National Seashore, New Smyrna Beach, FL, US",28.93646667,-80.82878833,United States,Not Juvenile
168920792.0,2023-06-22 19:18:52-04:00,2023-06-22,https://www.inaturalist.org/observations/168920792,https://inaturalist-open-data.s3.amazonaws.com/photos/292806176/medium.jpg,"Cape Hatteras National Seashore, Frisco, NC, US",35.22693667,-75.63167,United States,Not Juvenile
168979701.0,2023-06-23 08:00:46,2023-06-23,https://www.inaturalist.org/observations/168979701,https://static.inaturalist.org/photos/292931380/medium.jpeg,"Cape Hatteras National Seashore, Hyde County, US-NC, US",35.1377147,-75.8905626,United States,Not Juvenile
169181613.0,2023-06-23 19:11:51-04:00,2023-06-23,https://www.inaturalist.org/observations/169181613,https://inaturalist-open-data.s3.amazonaws.com/photos/293285233/medium.jpg,"North Atlantic Ocean, Frisco, NC, US",35.2044894,-75.70402519,United States,Not Juvenile
169306526.0,2023-06-24 22:02:16,2023-06-24,https://www.inaturalist.org/observations/169306526,https://inaturalist-open-data.s3.amazonaws.com/photos/293514171/medium.jpeg,"North Carolina, US",34.505370230000004,-77.32512608,United States,Not Juvenile
169537421.0,2021-12-04 12:49:00,2021-12-04,https://www.inaturalist.org/observations/169537421,https://static.inaturalist.org/photos/293940428/medium.jpeg,"Location: 25.711946, -80.151455",25.71194586,-80.15145488,United States,Not Juvenile
169593039.0,2023-06-26 09:54:18-04:00,2023-06-26,https://www.inaturalist.org/observations/169593039,https://inaturalist-open-data.s3.amazonaws.com/photos/294431359/medium.jpg,"Hubert, NC, US",34.63531333,-77.13193617,United States,Not Juvenile
169966288.0,2023-06-28 09:23:09-04:00,2023-06-28,https://www.inaturalist.org/observations/169966288,https://static.inaturalist.org/photos/294723801/medium.jpg,"Martha's Vineyard, Chilmark, MA, US",41.34709167,-70.656655,United States,Not Juvenile
170091338.0,2023-06-29 07:16:50-04:00,2023-06-29,https://www.inaturalist.org/observations/170091338,https://static.inaturalist.org/photos/294962971/medium.jpg,"Radio Island, Morehead City, NC, US",34.7074169,-76.67996932,United States,Not Juvenile
170174998.0,Thu Jun 29 2023 16:52:48 GMT -0400 (EDT),2023-06-29,https://www.inaturalist.org/observations/170174998,https://inaturalist-open-data.s3.amazonaws.com/photos/295118759/medium.jpeg,Morehead City,34.713714599999996,-76.67952728,United States,Not Juvenile
170563672.0,2023-06-28 11:27:15-04:00,2023-06-28,https://www.inaturalist.org/observations/170563672,https://static.inaturalist.org/photos/295847354/medium.jpg,"North Atlantic Ocean, Bald Head Island, NC, US",33.877,-77.99970333,United States,Not Juvenile
170641658.0,2023-07-02 09:34:21,2023-07-02,https://www.inaturalist.org/observations/170641658,https://static.inaturalist.org/photos/295995839/medium.jpeg,"Dukes County, US-MA, US",41.346715,-70.66225399999999,United States,Not Juvenile
170641799.0,2023-07-02 09:35:42,2023-07-02,https://www.inaturalist.org/observations/170641799,https://static.inaturalist.org/photos/295996043/medium.jpeg,"Menemsha, Chilmark, MA 02535, USA",41.34666697,-70.66266197,United States,Not Juvenile
170644390.0,2023-07-02 10:19:24-04:00,2023-07-02,https://www.inaturalist.org/observations/170644390,https://static.inaturalist.org/photos/296000787/medium.jpg,"Martha's Vineyard, Edgartown, MA, US",41.34987,-70.55225333,United States,Not Juvenile
170818222.0,2023-07-02 12:00:00-04:00,2023-07-02,https://www.inaturalist.org/observations/170818222,https://inaturalist-open-data.s3.amazonaws.com/photos/296332645/medium.jpg,"South Yarmouth, MA, US",41.63688623,-70.2201153,United States,Not Juvenile
170824778.0,2023-07-03 08:12:05-04:00,2023-07-03,https://www.inaturalist.org/observations/170824778,https://static.inaturalist.org/photos/297374406/medium.jpg,"Ocean Isle Beach, Sunset Beach, NC, US",33.891411670000004,-78.41706167,United States,Not Juvenile
170845759.0,Mon Jul 03 2023 11:02:35 GMT -0400 (EDT),2023-07-03,https://www.inaturalist.org/observations/170845759,https://inaturalist-open-data.s3.amazonaws.com/photos/296385131/medium.jpeg,Brunswick County,33.88274002,-78.45141602,United States,Not Juvenile
170847030.0,Mon Jul 03 2023 11:10:13 GMT-0400 (EDT),2023-07-03,https://www.inaturalist.org/observations/170847030,https://static.inaturalist.org/photos/296387679/medium.jpg,"North Atlantic Ocean, NC, US",34.641454599999996,-77.09968719,United States,Not Juvenile
170869953.0,2023-02-11 17:55:00,2023-02-11,https://www.inaturalist.org/observations/170869953,https://inaturalist-open-data.s3.amazonaws.com/photos/296429947/medium.jpeg,"Cocoa Beach, FL 32931, USA",28.3200067,-80.6075513,United States,Not Juvenile
170936207.0,2023-07-03 08:36:19-04:00,2023-07-03,https://www.inaturalist.org/observations/170936207,https://inaturalist-open-data.s3.amazonaws.com/photos/296553867/medium.jpg,"Chapoquoit Rd, Falmouth, MA, US",41.59667035,-70.64594024,United States,Not Juvenile
171261936.0,2023-07-02 13:49:10-04:00,2023-07-02,https://www.inaturalist.org/observations/171261936,https://inaturalist-open-data.s3.amazonaws.com/photos/297161024/medium.jpg,"Suffolk County, US-NY, US",40.83265,-72.50794167000001,United States,Not Juvenile
171434409.0,2023-07-06 12:14:38-04:00,2023-07-06,https://www.inaturalist.org/observations/171434409,https://static.inaturalist.org/photos/302957536/medium.jpg,"Westport Point, MA, US",41.50905333,-71.07602783,United States,Not Juvenile
171626101.0,2023-07-07 12:41:53,2023-07-07,https://www.inaturalist.org/observations/171626101,https://inaturalist-open-data.s3.amazonaws.com/photos/297835729/medium.jpeg,"Menemsha, Chilmark, MA 02535, USA",41.345685,-70.67648097,United States,Not Juvenile
171626598.0,2023-07-07 15:34:26,2023-07-07,https://www.inaturalist.org/observations/171626598,https://inaturalist-open-data.s3.amazonaws.com/photos/297836768/medium.jpeg,"Vineyard Haven, MA 02568, USA",41.34813197,-70.64287297,United States,Not Juvenile
171648627.0,2023-07-07 11:00:47-04:00,2023-07-07,https://www.inaturalist.org/observations/171648627,https://static.inaturalist.org/photos/297878737/medium.jpg,"Martha's Vineyard, West Tisbury, MA, US",41.34653,-70.66435333,United States,Not Juvenile
171759992.0,Sat Jul 08 2023 11:30:40 GMT -0400 (GMT-4),2023-07-08,https://www.inaturalist.org/observations/171759992,https://static.inaturalist.org/photos/298083663/medium.jpeg,Dartmouth,41.51150894,-70.99533081,United States,Not Juvenile
171767208.0,2023-07-08 08:36:21,2023-07-08,https://www.inaturalist.org/observations/171767208,https://static.inaturalist.org/photos/298096837/medium.jpeg,"Dukes County, US-MA, US",41.3487316,-70.5080115,United States,Not Juvenile
171889852.0,2023-07-08 21:27:24,2023-07-08,https://www.inaturalist.org/observations/171889852,https://inaturalist-open-data.s3.amazonaws.com/photos/298321326/medium.jpeg,"Emerald Isle, NC 28594, USA",34.65741038,-77.04811927,United States,Not Juvenile
172445128.0,2023-07-10 09:40:33-04:00,2023-07-10,https://www.inaturalist.org/observations/172445128,https://inaturalist-open-data.s3.amazonaws.com/photos/299363990/medium.jpg,"North Atlantic Ocean, Southampton, NY, US",40.843625,-72.46247833,United States,Not Juvenile
172607798.0,2023-07-12 21:55:07-04:00,2023-07-12,https://www.inaturalist.org/observations/172607798,https://inaturalist-open-data.s3.amazonaws.com/photos/299666416/medium.jpg,"Menauhant Rd, East Falmouth, MA, US",41.54982817,-70.55541373,United States,Not Juvenile
172676622.0,2023-07-08 12:03:02,2023-07-08,https://www.inaturalist.org/observations/172676622,https://static.inaturalist.org/photos/299791250/medium.jpeg,"Fire Island, NY, USA",40.76945345,-72.73863383,United States,Not Juvenile
172751916.0,2023-07-13 16:23:51,2023-07-13,https://www.inaturalist.org/observations/172751916,https://inaturalist-open-data.s3.amazonaws.com/photos/299928793/medium.jpeg,"Westerly, RI 02891, USA",41.331032,-71.7345516,United States,Not Juvenile
172853095.0,2023-07-14 11:18:53-04:00,2023-07-14,https://www.inaturalist.org/observations/172853095,https://inaturalist-open-data.s3.amazonaws.com/photos/300118831/medium.jpg,"East Matunuck State Beach, Wakefield, RI, US",41.37702084,-71.52781653,United States,Not Juvenile
172921784.0,Fri Jul 14 2023 18:30:15 GMT -0400 (EDT),2023-07-14,https://www.inaturalist.org/observations/172921784,https://inaturalist-open-data.s3.amazonaws.com/photos/300246621/medium.jpeg,Barnstable,41.6304512,-70.32253265,United States,Not Juvenile
173016395.0,2023-07-15 08:21:21-04:00,2023-07-15,https://www.inaturalist.org/observations/173016395,https://inaturalist-open-data.s3.amazonaws.com/photos/300423516/medium.jpg,"Fire Island National Seashore - Headquarters, Bay Shore, NY, US",40.63530333,-73.19458,United States,Not Juvenile
173092406.0,2023-07-15 16:32:34,2023-07-15,https://www.inaturalist.org/observations/173092406,https://inaturalist-open-data.s3.amazonaws.com/photos/300558186/medium.jpeg,Emerald Isle,34.67793302,-76.95077619999999,United States,Not Juvenile
173193055.0,2023-07-16 07:27:15-04:00,2023-07-16,https://www.inaturalist.org/observations/173193055,https://static.inaturalist.org/photos/300743764/medium.jpg,"North Atlantic Ocean, Southampton, NY, US",40.89163833,-72.32744667,United States,Not Juvenile
173214512.0,2023-07-16 10:03:09-04:00,2023-07-16,https://www.inaturalist.org/observations/173214512,https://static.inaturalist.org/photos/300781894/medium.jpg,"Long Beach, Barnstable, MA, US",41.63356938,-70.35555515,United States,Not Juvenile
173339667.0,2023-07-15 19:24:45-04:00,2023-07-15,https://www.inaturalist.org/observations/173339667,https://static.inaturalist.org/photos/301015140/medium.jpg,"North Atlantic Ocean, Southampton, NY, US",40.90223333,-72.30000333,United States,Not Juvenile
173533792.0,2023-07-12 22:05:00-04:00,2023-07-12,https://www.inaturalist.org/observations/173533792,https://static.inaturalist.org/photos/301373662/medium.jpg,"Salter Path Rd, Indian Beach, NC, US",34.68537826,-76.89066447,United States,Not Juvenile
174267009.0,2023-03-12 18:30:22-04:00,2023-03-12,https://www.inaturalist.org/observations/174267009,https://inaturalist-open-data.s3.amazonaws.com/photos/302732132/medium.jpg,"Singer Island, Riviera Beach, FL, US",26.80664667,-80.0336305,United States,Not Juvenile
174955782.0,2023-07-25 19:13:46-04:00,2023-07-25,https://www.inaturalist.org/observations/174955782,https://inaturalist-open-data.s3.amazonaws.com/photos/304006484/medium.jpg,"South Chatham, MA, US",41.67013151,-70.02229289,United States,Not Juvenile
175139335.0,2023-07-26 21:42:43-04:00,2023-07-26,https://www.inaturalist.org/observations/175139335,https://static.inaturalist.org/photos/304347558/medium.jpg,United States,41.50409954,-71.27253362,United States,Not Juvenile
175262653.0,Wed Jul 26 2023 18:09:31 GMT-0400 (EDT),2023-07-26,https://www.inaturalist.org/observations/175262653,https://inaturalist-open-data.s3.amazonaws.com/photos/304568428/medium.jpg,"Martha's Vineyard, Aquinnah, MA, US",41.34323833,-70.83482167,United States,Not Juvenile
176103268.0,2023-05-28 18:37:29-04:00,2023-05-28,https://www.inaturalist.org/observations/176103268,https://inaturalist-open-data.s3.amazonaws.com/photos/306124971/medium.jpg,"Cape Hatteras National Seashore, Frisco, NC, US",35.2376358,-75.52651149,United States,Not Juvenile
176831387.0,2022-03-09 10:22:00,2022-03-09,https://www.inaturalist.org/observations/176831387,https://static.inaturalist.org/photos/307476036/medium.jpg,"Hollywood, Floride, √âtats-Unis",26.06915059,-80.11076926,United States,Not Juvenile
177492219.0,2023-08-08 19:02:00,2023-08-08,https://www.inaturalist.org/observations/177492219,https://inaturalist-open-data.s3.amazonaws.com/photos/308706998/medium.jpeg,"Barnstable County, MA, USA",41.73846343,-70.367735,United States,Not Juvenile
177493356.0,2023-08-08 18:59:00,2023-08-08,https://www.inaturalist.org/observations/177493356,https://inaturalist-open-data.s3.amazonaws.com/photos/308709745/medium.jpeg,"Barnstable, MA, USA",41.73832333,-70.37198667,United States,Not Juvenile
177577287.0,2023-08-08 15:44:30-04:00,2023-08-08,https://www.inaturalist.org/observations/177577287,https://inaturalist-open-data.s3.amazonaws.com/photos/308866785/medium.jpg,"Martha's Vineyard, West Tisbury, MA, US",41.34674167,-70.663095,United States,Not Juvenile
178330585.0,2021-04-04 18:05:31-04:00,2021-04-04,https://www.inaturalist.org/observations/178330585,https://static.inaturalist.org/photos/310296527/medium.jpg,"Straits of Florida, Hollywood, FL, US",26.0400445,-80.11320549999999,United States,Juvenile
179057205.0,2023-07-15 09:25:57,2023-07-15,https://www.inaturalist.org/observations/179057205,https://inaturalist-open-data.s3.amazonaws.com/photos/314821427/medium.jpeg,"Harkers Island, NC 28531, USA",34.67785774,-76.63938113,United States,Not Juvenile
179631661.0,2020-06-06 17:36:27-04:00,2020-06-06,https://www.inaturalist.org/observations/179631661,https://inaturalist-open-data.s3.amazonaws.com/photos/312765418/medium.jpg,"North Atlantic Ocean, Oak Island, NC, US",33.90721167,-78.10175283,United States,Not Juvenile
180461031.0,2023-08-16 12:05:00-04:00,2023-08-16,https://www.inaturalist.org/observations/180461031,https://static.inaturalist.org/photos/314351905/medium.jpg,"Martha's Vineyard, Chilmark, MA, US",41.33346976,-70.74892306,United States,Not Juvenile
180764586.0,2023-07-13 14:01:00-04:00,2023-07-13,https://www.inaturalist.org/observations/180764586,https://inaturalist-open-data.s3.amazonaws.com/photos/314937570/medium.jpg,"Easton Bay, RI, US",41.48718915,-71.28990467,United States,Not Juvenile
183107590.0,2023-02-05 11:16:42-05:00,2023-02-05,https://www.inaturalist.org/observations/183107590,https://inaturalist-open-data.s3.amazonaws.com/photos/319396269/medium.jpg,"Straits of Florida, FL, US",25.817295,-80.1204695,United States,Not Juvenile
183755887.0,2022-03-22 14:22:52-04:00,2022-03-22,https://www.inaturalist.org/observations/183755887,https://static.inaturalist.org/photos/320639562/medium.jpg,"Key Biscayne, Key Biscayne, FL, US",25.69874086,-80.16392763,United States,Not Juvenile
184436870.0,2023-01-08 09:24:00,2023-01-08,https://www.inaturalist.org/observations/184436870,https://inaturalist-open-data.s3.amazonaws.com/photos/321943892/medium.jpeg,"6503 N Ocean Dr, Dania Beach, FL 33004",26.0746754,-80.1114437,United States,Not Juvenile
184875237.0,2023-09-13 12:42:49-04:00,2023-09-13,https://www.inaturalist.org/observations/184875237,https://static.inaturalist.org/photos/322771761/medium.jpg,"Martha's Vineyard, Chilmark, MA, US",41.31448667,-70.76683833,United States,Not Juvenile
187542790.0,2023-07-07 10:10:00,2023-07-07,https://www.inaturalist.org/observations/187542790,https://static.inaturalist.org/photos/327995370/medium.jpg,"Massachusetts, US",41.41156378,-70.46470836,United States,Not Juvenile
188606759.0,2022-03-11 12:15:26-05:00,2022-03-11,https://www.inaturalist.org/observations/188606759,https://inaturalist-open-data.s3.amazonaws.com/photos/330155929/medium.jpg,"Wrightsville Beach, NC, US",34.20484167,-77.79570000000001,United States,Not Juvenile
188931328.0,2023-10-25 15:49:22,2023-10-25,https://www.inaturalist.org/observations/188931328,https://inaturalist-open-data.s3.amazonaws.com/photos/330818279/medium.jpeg,"Lauderdale Beach, Fort Lauderdale, FL, USA",26.1583025,-80.0999598,United States,Not Juvenile
188931386.0,2023-10-25 15:50:00,2023-10-25,https://www.inaturalist.org/observations/188931386,https://inaturalist-open-data.s3.amazonaws.com/photos/330818416/medium.jpeg,"Barrier Island, Fort Lauderdale, FL, USA",26.15986511,-80.09902881000001,United States,Not Juvenile
188973912.0,2023-10-25 16:23:03,2023-10-25,https://www.inaturalist.org/observations/188973912,https://inaturalist-open-data.s3.amazonaws.com/photos/330908127/medium.jpeg,"Tequesta, FL 33469, USA",26.96416667,-80.07870278,United States,Not Juvenile
189063653.0,2023-10-25 16:23:59,2023-10-25,https://www.inaturalist.org/observations/189063653,https://inaturalist-open-data.s3.amazonaws.com/photos/331086471/medium.jpeg,"JUPITER INLET, FL 33469, USA",26.96511667,-80.07908889000001,United States,Not Juvenile
189588614.0,2023-10-27 18:58:00,2023-10-27,https://www.inaturalist.org/observations/189588614,https://inaturalist-open-data.s3.amazonaws.com/photos/332161453/medium.jpeg,"Wilbur-By-The-Sea, FL 32127, USA",29.13283923,-80.9579933,United States,Not Juvenile
189887872.0,2023-11-03 16:44:42-04:00,2023-11-03,https://www.inaturalist.org/observations/189887872,https://inaturalist-open-data.s3.amazonaws.com/photos/332752606/medium.jpg,"Royal Palm Island, Hollywood, FL, US",26.07150204,-80.11050683,United States,Not Juvenile
189896952.0,2023-11-03 17:48:53-04:00,2023-11-03,https://www.inaturalist.org/observations/189896952,https://static.inaturalist.org/photos/332770376/medium.jpg,"Delray Municipal Beach, Delray Beach, FL, US",26.46348119,-80.05706845,United States,Not Juvenile
189967261.0,2023-11-03 10:25:04-04:00,2023-11-03,https://www.inaturalist.org/observations/189967261,https://static.inaturalist.org/photos/332911475/medium.jpg,"South Beach, Miami Beach, FL, US",25.77424167,-80.13009717,United States,Not Juvenile
189998861.0,2023-11-04 17:24:54-04:00,2023-11-04,https://www.inaturalist.org/observations/189998861,https://inaturalist-open-data.s3.amazonaws.com/photos/332977421/medium.jpg,"Monroe County, US-FL, US",24.97414004,-80.65394251000001,United States,Not Juvenile
190232234.0,2023-07-28 11:50:00,2023-07-28,https://www.inaturalist.org/observations/190232234,https://inaturalist-open-data.s3.amazonaws.com/photos/333421061/medium.jpg,"Barnstable County, MA, USA",41.66379167,-69.99160833,United States,Not Juvenile
190500392.0,2023-11-09 11:28:46,2023-11-09,https://www.inaturalist.org/observations/190500392,https://inaturalist-open-data.s3.amazonaws.com/photos/333969641/medium.jpeg,"Downtown Miami, Miami, FL, USA",25.75240431,-80.14627319,United States,Not Juvenile
190531445.0,2023-11-09 16:32:36-05:00,2023-11-09,https://www.inaturalist.org/observations/190531445,https://static.inaturalist.org/photos/334034292/medium.jpg,"Virginia Key, Key Biscayne, FL, US",25.73256167,-80.16070549999999,United States,Not Juvenile
190996021.0,2022-12-02 00:00:00,2022-12-02,https://www.inaturalist.org/observations/190996021,https://static.inaturalist.org/photos/334954125/medium.jpeg,"Wabasso Beach, FL 32963, USA",27.76156633,-80.39673485,United States,Not Juvenile
191036206.0,2023-11-14 16:24:47-05:00,2023-11-14,https://www.inaturalist.org/observations/191036206,https://inaturalist-open-data.s3.amazonaws.com/photos/335031521/medium.jpg,"Jupiter Island, FL, US",27.064475,-80.1138445,United States,Not Juvenile
191036977.0,2023-11-14 15:46:19-05:00,2023-11-14,https://www.inaturalist.org/observations/191036977,https://inaturalist-open-data.s3.amazonaws.com/photos/335032874/medium.jpg,"Jupiter Island, Jupiter Island, FL, US",27.0894695,-80.12651117,United States,Not Juvenile
191096080.0,2022-01-09 21:51:56-05:00,2022-01-09,https://www.inaturalist.org/observations/191096080,https://static.inaturalist.org/photos/335154108/medium.jpg,"N Ocean Blvd, Fort Lauderdale, FL, US",26.15306117,-80.10066117,United States,Not Juvenile
191112003.0,2023-11-15 09:40:10-05:00,2023-11-15,https://www.inaturalist.org/observations/191112003,https://static.inaturalist.org/photos/335186586/medium.jpg,"Indian River Lagoon, New Smyrna Beach, FL, US",28.91606703,-80.824443,United States,Not Juvenile
191136270.0,2023-11-15 14:14:12-05:00,2023-11-15,https://www.inaturalist.org/observations/191136270,https://inaturalist-open-data.s3.amazonaws.com/photos/335235187/medium.jpg,"Jupiter Island, Jupiter Island, FL, US",26.976675,-80.08181667,United States,Not Juvenile
191265496.0,2023-11-17 08:16:44-05:00,2023-11-17,https://www.inaturalist.org/observations/191265496,https://inaturalist-open-data.s3.amazonaws.com/photos/335494161/medium.jpg,"Ocean Beach Blvd, Cocoa Beach, FL, US",28.35086207,-80.60476698000001,United States,Not Juvenile
191265699.0,2023-11-17 08:22:26-05:00,2023-11-17,https://www.inaturalist.org/observations/191265699,https://inaturalist-open-data.s3.amazonaws.com/photos/346755166/medium.jpg,"Ocean Beach Blvd, Cocoa Beach, FL, US",28.35219165,-80.6046415,United States,Not Juvenile
191590006.0,2023-11-18 13:00:00-05:00,2023-11-18,https://www.inaturalist.org/observations/191590006,https://inaturalist-open-data.s3.amazonaws.com/photos/336143610/medium.jpg,"Georgetown, SC, US",33.38267982,-79.14627102,United States,Not Juvenile
191620979.0,2022-12-13 15:34:32-05:00,2022-12-13,https://www.inaturalist.org/observations/191620979,https://inaturalist-open-data.s3.amazonaws.com/photos/336203653/medium.jpg,"Saint Simons Island, Sea Island, GA, US",31.17040833,-81.35455333,United States,Not Juvenile
191710599.0,2023-11-21 13:38:32-05:00,2023-11-21,https://www.inaturalist.org/observations/191710599,https://static.inaturalist.org/photos/336382064/medium.jpg,"Jekyll Island, Brunswick, GA, US",31.01309445,-81.42496333,United States,Not Juvenile
191727175.0,2022-06-22 15:45:00-04:00,2022-06-22,https://www.inaturalist.org/observations/191727175,https://inaturalist-open-data.s3.amazonaws.com/photos/336417239/medium.jpg,"North Atlantic Ocean, GA, US",31.2078064,-81.31614934,United States,Not Juvenile
191799318.0,2023-11-22 14:36:36-05:00,2023-11-22,https://www.inaturalist.org/observations/191799318,https://inaturalist-open-data.s3.amazonaws.com/photos/336562613/medium.jpg,"Cape Hatteras National Seashore, Buxton, NC, US",35.21228333,-75.68163333,United States,Not Juvenile
191818676.0,2023-10-31 17:14:00,2023-10-31,https://www.inaturalist.org/observations/191818676,https://inaturalist-open-data.s3.amazonaws.com/photos/336587288/medium.jpeg,"Crescent Beach, FL 32080, USA",29.76001833,-81.24824667,United States,Not Juvenile
192136374.0,2023-11-25 18:05:00,2023-11-25,https://www.inaturalist.org/observations/192136374,https://inaturalist-open-data.s3.amazonaws.com/photos/337223889/medium.jpeg,"Miami Beach, FL, USA",25.85718877,-80.11885625000001,United States,Not Juvenile
192587033.0,2018-12-30 09:44:00,2018-12-30,https://www.inaturalist.org/observations/192587033,https://inaturalist-open-data.s3.amazonaws.com/photos/338115540/medium.jpg,"Hillsboro Beach, FL, USA",26.30144444,-80.07685833000001,United States,Not Juvenile
192642780.0,2023-11-30 10:25:04,2023-11-30,https://www.inaturalist.org/observations/192642780,https://inaturalist-open-data.s3.amazonaws.com/photos/338229781/medium.jpeg,"Key Biscayne, FL 33149, USA",25.75139386,-80.14623487,United States,Not Juvenile
192673898.0,2023-11-30 16:12:29-05:00,2023-11-30,https://www.inaturalist.org/observations/192673898,https://inaturalist-open-data.s3.amazonaws.com/photos/338290497/medium.jpg,"North Atlantic Ocean, FL, US",27.0766555,-80.11885000000001,United States,Not Juvenile
192674313.0,2023-11-30 15:35:02-05:00,2023-11-30,https://www.inaturalist.org/observations/192674313,https://inaturalist-open-data.s3.amazonaws.com/photos/338291421/medium.jpg,"North Atlantic Ocean, FL, US",27.06829167,-80.11543333,United States,Not Juvenile
192863067.0,2023-12-02 15:27:48-05:00,2023-12-02,https://www.inaturalist.org/observations/192863067,https://inaturalist-open-data.s3.amazonaws.com/photos/338667921/medium.jpg,"Straits of Florida, Key Biscayne, FL, US",25.70764435,-80.15155225,United States,Not Juvenile
192886145.0,2023-12-01 14:25:37,2023-12-01,https://www.inaturalist.org/observations/192886145,https://static.inaturalist.org/photos/338713791/medium.jpeg,"Key Biscayne, FL 33149, USA",25.6755213,-80.15906766,United States,Not Juvenile
193072552.0,2023-12-01 12:10:00,2023-12-01,https://www.inaturalist.org/observations/193072552,https://inaturalist-open-data.s3.amazonaws.com/photos/339091017/medium.jpeg,"Monroe County, FL, USA",24.74061944,-80.98059722,United States,Not Juvenile
193432401.0,2023-12-08 16:02:31-05:00,2023-12-08,https://www.inaturalist.org/observations/193432401,https://static.inaturalist.org/photos/339796737/medium.jpg,"North Atlantic Ocean, North Palm Beach, FL, US",26.82218134,-80.03783376,United States,Not Juvenile
193444993.0,2023-12-08 14:12:27,2023-12-08,https://www.inaturalist.org/observations/193444993,https://inaturalist-open-data.s3.amazonaws.com/photos/339820152/medium.jpeg,"Ocean Ridge, FL, USA",26.544288,-80.043199,United States,Juvenile
193445593.0,2023-12-08 14:23:21,2023-12-08,https://www.inaturalist.org/observations/193445593,https://inaturalist-open-data.s3.amazonaws.com/photos/339821367/medium.jpeg,"Ocean Ridge, FL, USA",26.54278497,-80.043672,United States,Not Juvenile
193445994.0,2023-12-08 14:34:35,2023-12-08,https://www.inaturalist.org/observations/193445994,https://inaturalist-open-data.s3.amazonaws.com/photos/339822077/medium.jpeg,"Ocean Ridge, FL, USA",26.54066297,-80.04401697,United States,Not Juvenile
193499228.0,2023-12-09 09:20:00,2023-12-09,https://www.inaturalist.org/observations/193499228,https://inaturalist-open-data.s3.amazonaws.com/photos/339921150/medium.jpeg,"Hollywood Beach, Hollywood, FL 33019, USA",26.02448209,-80.11447478,United States,Not Juvenile
193516692.0,2023-12-09 11:56:40-05:00,2023-12-09,https://www.inaturalist.org/observations/193516692,https://inaturalist-open-data.s3.amazonaws.com/photos/339951327/medium.jpg,"North Atlantic Ocean, FL, US",27.26173333,-80.19889167,United States,Not Juvenile
193516885.0,2023-12-09 11:50:23-05:00,2023-12-09,https://www.inaturalist.org/observations/193516885,https://inaturalist-open-data.s3.amazonaws.com/photos/339951584/medium.jpg,"North Atlantic Ocean, FL, US",27.26296667,-80.199455,United States,Not Juvenile
193534444.0,2023-12-09 09:54:23-05:00,2023-12-09,https://www.inaturalist.org/observations/193534444,https://inaturalist-open-data.s3.amazonaws.com/photos/339983906/medium.jpg,"Royal Palm Island, Dania Beach, FL, US",26.05900283,-80.11136667,United States,Not Juvenile
193615226.0,2023-12-10 11:14:34-05:00,2023-12-10,https://www.inaturalist.org/observations/193615226,https://inaturalist-open-data.s3.amazonaws.com/photos/340139162/medium.jpg,"Straits of Florida, FL, US",25.80083333,-80.12412217,United States,Not Juvenile
193640330.0,2023-12-10 14:59:31,2023-12-10,https://www.inaturalist.org/observations/193640330,https://inaturalist-open-data.s3.amazonaws.com/photos/340182837/medium.jpeg,"Sewall's Point, FL 34996, USA",27.16879144,-80.15471779,United States,Not Juvenile
193766460.0,2023-08-12 10:53:00-04:00,2023-08-12,https://www.inaturalist.org/observations/193766460,https://inaturalist-open-data.s3.amazonaws.com/photos/340423924/medium.jpg,"Folly Island, Folly Beach, SC, US",32.66551537,-79.92555364,United States,Not Juvenile
193817509.0,2023-12-11 16:01:16-05:00,2023-12-11,https://www.inaturalist.org/observations/193817509,https://static.inaturalist.org/photos/340529398/medium.jpg,"Virginia Key, Miami, FL, US",25.73361667,-80.1581195,United States,Not Juvenile
193819247.0,2023-12-12 15:52:28-05:00,2023-12-12,https://www.inaturalist.org/observations/193819247,https://inaturalist-open-data.s3.amazonaws.com/photos/340533020/medium.jpg,"Hutchinson Island, Jensen Beach, FL, US",27.271445,-80.20426167000001,United States,Not Juvenile
193903477.0,2023-12-13 17:15:23-05:00,2023-12-13,https://www.inaturalist.org/observations/193903477,https://inaturalist-open-data.s3.amazonaws.com/photos/340699643/medium.jpg,"North Hutchinson Island, Vero Beach, FL, US",27.64770229,-80.35361817,United States,Not Juvenile
193913334.0,2023-07-25 19:50:00,2023-07-25,https://www.inaturalist.org/observations/193913334,https://inaturalist-open-data.s3.amazonaws.com/photos/340718675/medium.jpg,"New Silver Beach, Falmouth, MA 02556, USA",41.6409287,-70.6409552,United States,Not Juvenile
193959517.0,2023-11-15 11:57:27-05:00,2023-11-15,https://www.inaturalist.org/observations/193959517,https://inaturalist-open-data.s3.amazonaws.com/photos/340814183/medium.jpg,"North Atlantic Ocean, GA, US",31.24029167,-81.28196667,United States,Not Juvenile
193971084.0,2023-12-14 15:45:52-05:00,2023-12-14,https://www.inaturalist.org/observations/193971084,https://inaturalist-open-data.s3.amazonaws.com/photos/340838255/medium.jpg,"North Hutchinson Island, Vero Beach, FL, US",27.65572177,-80.356241,United States,Not Juvenile
193986238.0,2023-12-14 13:51:00,2023-12-14,https://www.inaturalist.org/observations/193986238,https://inaturalist-open-data.s3.amazonaws.com/photos/340866880/medium.jpg,"Brevard County, FL, USA",28.272205999999997,-80.6053124,United States,Not Juvenile
194027284.0,2023-12-15 10:14:40,2023-12-15,https://www.inaturalist.org/observations/194027284,https://static.inaturalist.org/photos/340948830/medium.jpeg,"Cocoa Beach, FL 32931, USA",28.29528649,-80.60741331,United States,Not Juvenile
194043743.0,2023-12-15 13:31:42-05:00,2023-12-15,https://www.inaturalist.org/observations/194043743,https://inaturalist-open-data.s3.amazonaws.com/photos/340980216/medium.jpg,"Jupiter Island, FL, US",27.0598195,-80.11128883,United States,Not Juvenile
194044725.0,2023-12-15 11:58:46-05:00,2023-12-15,https://www.inaturalist.org/observations/194044725,https://inaturalist-open-data.s3.amazonaws.com/photos/340981821/medium.jpg,"Jupiter Island, FL, US",27.0549945,-80.10907783,United States,Not Juvenile
194044929.0,2023-12-15 11:36:59-05:00,2023-12-15,https://www.inaturalist.org/observations/194044929,https://inaturalist-open-data.s3.amazonaws.com/photos/340982346/medium.jpg,"Jupiter Island, FL, US",27.06023333,-80.11172499999999,United States,Not Juvenile
194045175.0,2023-12-15 11:18:03-05:00,2023-12-15,https://www.inaturalist.org/observations/194045175,https://inaturalist-open-data.s3.amazonaws.com/photos/340982807/medium.jpg,"Jupiter Island, FL, US",27.06527783,-80.11444167,United States,Not Juvenile
194048129.0,2023-12-15 15:27:01-05:00,2023-12-15,https://www.inaturalist.org/observations/194048129,https://inaturalist-open-data.s3.amazonaws.com/photos/341122282/medium.jpg,"Straits of Florida, Hollywood, FL, US",26.07245693,-80.11014245,United States,Not Juvenile
194078598.0,2023-12-13 13:27:00,2023-12-13,https://www.inaturalist.org/observations/194078598,https://inaturalist-open-data.s3.amazonaws.com/photos/341048064/medium.jpeg,"Miami-Dade County, FL, USA",25.675390000000004,-80.15384833,United States,Not Juvenile
194078608.0,2023-12-13 13:29:00,2023-12-13,https://www.inaturalist.org/observations/194078608,https://inaturalist-open-data.s3.amazonaws.com/photos/341048156/medium.jpeg,"Miami-Dade County, FL, USA",25.67459,-80.15359167,United States,Not Juvenile
194078694.0,2023-12-13 13:46:00,2023-12-13,https://www.inaturalist.org/observations/194078694,https://inaturalist-open-data.s3.amazonaws.com/photos/341049244/medium.jpeg,"Miami-Dade County, FL, USA",25.67313,-80.15330333,United States,Not Juvenile
194078700.0,2023-12-13 13:47:00,2023-12-13,https://www.inaturalist.org/observations/194078700,https://inaturalist-open-data.s3.amazonaws.com/photos/341049279/medium.jpeg,"Miami-Dade County, FL, USA",25.67269333,-80.153125,United States,Not Juvenile
194078718.0,2023-12-13 13:54:00,2023-12-13,https://www.inaturalist.org/observations/194078718,https://inaturalist-open-data.s3.amazonaws.com/photos/341049391/medium.jpeg,"Miami-Dade County, FL, USA",25.67107833,-80.15294,United States,Not Juvenile
194105004.0,2023-12-15 16:07:42-05:00,2023-12-15,https://www.inaturalist.org/observations/194105004,https://inaturalist-open-data.s3.amazonaws.com/photos/341102698/medium.jpg,"Crescent Beach, FL, US",29.75352167,-81.24584167,United States,Not Juvenile
194121794.0,2023-12-16 13:12:00,2023-12-16,https://www.inaturalist.org/observations/194121794,https://inaturalist-open-data.s3.amazonaws.com/photos/341137647/medium.jpeg,"Sunny Isles Beach, FL 33160, USA",25.93019608,-80.12050167,United States,Not Juvenile
194123740.0,2023-12-16 12:20:50-05:00,2023-12-16,https://www.inaturalist.org/observations/194123740,https://inaturalist-open-data.s3.amazonaws.com/photos/341141540/medium.jpg,"Biscayne Bay, FL, US",25.46501333,-80.33419167,United States,Juvenile
194133679.0,2023-12-16 13:34:57-05:00,2023-12-16,https://www.inaturalist.org/observations/194133679,https://inaturalist-open-data.s3.amazonaws.com/photos/341160337/medium.jpg,"Hutchinson Island, FL, US",27.223545,-80.179205,United States,Not Juvenile
194147828.0,2023-12-16 12:12:42-05:00,2023-12-16,https://www.inaturalist.org/observations/194147828,https://static.inaturalist.org/photos/341188302/medium.jpg,"South Beach, FL, US",25.77181167,-80.13014167,United States,Not Juvenile
194147954.0,2023-12-16 12:11:49-05:00,2023-12-16,https://www.inaturalist.org/observations/194147954,https://inaturalist-open-data.s3.amazonaws.com/photos/341188596/medium.jpg,"Long Key State Park, Long Key, FL, US",24.81178667,-80.82621167,United States,Not Juvenile
194192887.0,2023-12-17 09:43:22-05:00,2023-12-17,https://www.inaturalist.org/observations/194192887,https://inaturalist-open-data.s3.amazonaws.com/photos/341283484/medium.jpg,"Long Key Bight, FL, US",24.836174999999997,-80.79888000000001,United States,Not Juvenile
194205967.0,2023-12-16 11:52:45-05:00,2023-12-16,https://www.inaturalist.org/observations/194205967,https://inaturalist-open-data.s3.amazonaws.com/photos/341309901/medium.jpg,"South Beach, FL, US",25.779105,-80.12838617,United States,Not Juvenile
194206052.0,2023-12-16 11:55:52-05:00,2023-12-16,https://www.inaturalist.org/observations/194206052,https://inaturalist-open-data.s3.amazonaws.com/photos/341310038/medium.jpg,"South Beach, FL, US",25.779200000000003,-80.1283555,United States,Not Juvenile
194221159.0,2023-12-17 14:57:07-05:00,2023-12-17,https://www.inaturalist.org/observations/194221159,https://inaturalist-open-data.s3.amazonaws.com/photos/341339269/medium.jpg,"North Hutchinson Island, Vero Beach, FL, US",27.83016167,-80.43150333,United States,Juvenile
194234812.0,2023-12-16 12:20:42-05:00,2023-12-16,https://www.inaturalist.org/observations/194234812,https://static.inaturalist.org/photos/341366668/medium.jpg,"Biscayne Bay, FL, US",25.46447074,-80.33378992,United States,Not Juvenile
194258466.0,2023-12-17 07:33:29-05:00,2023-12-17,https://www.inaturalist.org/observations/194258466,https://static.inaturalist.org/photos/341414829/medium.jpg,"S Atlantic Ave, Daytona Beach Shores, FL, US",29.13725281,-80.96031965,United States,Not Juvenile
194293173.0,2023-12-18 12:59:13-05:00,2023-12-18,https://www.inaturalist.org/observations/194293173,https://inaturalist-open-data.s3.amazonaws.com/photos/349658315/medium.jpg,"Station House Way, Bald Head Island, NC, US",33.8438599,-77.96174467,United States,Not Juvenile
194295152.0,2023-12-18 12:58:57-05:00,2023-12-18,https://www.inaturalist.org/observations/194295152,https://inaturalist-open-data.s3.amazonaws.com/photos/341490576/medium.jpg,"Bald Head Island, NC, US",33.843375,-77.96029667,United States,Not Juvenile
194298751.0,2022-03-06 15:59:30,2022-03-06,https://www.inaturalist.org/observations/194298751,https://static.inaturalist.org/photos/341497654/medium.jpeg,"Oak Island, NC, USA",33.9136738,-78.18984209999999,United States,Not Juvenile
194298877.0,2022-03-06 15:53:38,2022-03-06,https://www.inaturalist.org/observations/194298877,https://static.inaturalist.org/photos/341497965/medium.jpeg,"Oak Island, NC, USA",33.913723,-78.1921666,United States,Not Juvenile
194313493.0,2023-12-17 13:15:34-05:00,2023-12-17,https://www.inaturalist.org/observations/194313493,https://inaturalist-open-data.s3.amazonaws.com/photos/341529351/medium.jpg,"Plantation Key, Islamorada, FL, US",25.00218612,-80.53093667,United States,Not Juvenile
194500915.0,2023-12-21 07:19:48,2023-12-21,https://www.inaturalist.org/observations/194500915,https://static.inaturalist.org/photos/341906314/medium.jpeg,"Boca Raton, FL, USA",26.3775051,-80.06667998,United States,Not Juvenile
194502373.0,2023-12-21 07:47:09-05:00,2023-12-21,https://www.inaturalist.org/observations/194502373,https://inaturalist-open-data.s3.amazonaws.com/photos/341908891/medium.jpg,"Historic Virginia Key Beach Park, Miami, FL, US",25.73589,-80.15448333,United States,Not Juvenile
194514803.0,2023-12-21 12:02:02,2023-12-21,https://www.inaturalist.org/observations/194514803,https://static.inaturalist.org/photos/341935172/medium.jpeg,"DAYT BCH SH, FL 32118, USA",29.2465365,-81.0164636,United States,Not Juvenile
194519385.0,2023-12-21 13:20:01-05:00,2023-12-21,https://www.inaturalist.org/observations/194519385,https://inaturalist-open-data.s3.amazonaws.com/photos/341943313/medium.jpg,"Butler Beach, FL, US",29.797770000000003,-81.25927,United States,Not Juvenile
194519822.0,2023-12-21 10:27:16-05:00,2023-12-21,https://www.inaturalist.org/observations/194519822,https://static.inaturalist.org/photos/341944253/medium.jpg,"North Atlantic Ocean, FL, US",29.81785833,-81.26166667,United States,Not Juvenile
194519865.0,2023-12-21 10:33:20-05:00,2023-12-21,https://www.inaturalist.org/observations/194519865,https://static.inaturalist.org/photos/341944338/medium.jpg,"North Atlantic Ocean, FL, US",29.82089667,-81.26193333,United States,Not Juvenile
194519907.0,2023-12-21 10:40:43-05:00,2023-12-21,https://www.inaturalist.org/observations/194519907,https://static.inaturalist.org/photos/341944359/medium.jpg,"North Atlantic Ocean, FL, US",29.82477833,-81.26221333000001,United States,Not Juvenile
194519927.0,2023-12-21 10:49:28-05:00,2023-12-21,https://www.inaturalist.org/observations/194519927,https://static.inaturalist.org/photos/341944374/medium.jpg,"North Atlantic Ocean, FL, US",29.82935833,-81.26248000000001,United States,Not Juvenile
194523930.0,2023-12-21 14:11:19-05:00,2023-12-21,https://www.inaturalist.org/observations/194523930,https://inaturalist-open-data.s3.amazonaws.com/photos/341956351/medium.jpg,"North Peninsula State Park, Flagler Beach, FL, US",29.41459667,-81.09885283,United States,Not Juvenile
194596174.0,2023-12-22 14:11:32-05:00,2023-12-22,https://www.inaturalist.org/observations/194596174,https://inaturalist-open-data.s3.amazonaws.com/photos/342155861/medium.jpg,"Phipps Ocean Park, Palm Beach, FL, US",26.640230000000003,-80.03722499999999,United States,Not Juvenile
194599265.0,2023-12-22 11:17:49,2023-12-22,https://www.inaturalist.org/observations/194599265,https://inaturalist-open-data.s3.amazonaws.com/photos/342106951/medium.jpeg,"Daytona Beach Shores, FL 32118, USA",29.16443236,-80.97555421,United States,Not Juvenile
194621518.0,2023-12-22 15:13:19-05:00,2023-12-22,https://www.inaturalist.org/observations/194621518,https://static.inaturalist.org/photos/342153420/medium.jpg,"Butler Beach, FL, US",29.81553333,-81.26187167,United States,Not Juvenile
194621584.0,2023-12-22 15:23:40-05:00,2023-12-22,https://www.inaturalist.org/observations/194621584,https://static.inaturalist.org/photos/342153631/medium.jpg,"St. Augustine Beach, FL, US",29.82126167,-81.26238833000001,United States,Not Juvenile
194621631.0,2023-12-22 15:31:30-05:00,2023-12-22,https://www.inaturalist.org/observations/194621631,https://static.inaturalist.org/photos/342153746/medium.jpg,"St. Augustine Beach, FL, US",29.823555,-81.26260333,United States,Not Juvenile
194621715.0,2023-12-22 16:03:23-05:00,2023-12-22,https://www.inaturalist.org/observations/194621715,https://static.inaturalist.org/photos/342153930/medium.jpg,"Dondanville Rd, Saint Augustine, FL, US",29.81624167,-81.26333667,United States,Not Juvenile
194630969.0,2023-12-22 00:00:00,2023-12-22,https://www.inaturalist.org/observations/194630969,https://inaturalist-open-data.s3.amazonaws.com/photos/342173077/medium.jpeg,"John D. MacArthur Beach State Park, 10900 Jack Nicklaus Dr, North Palm Beach, FL 33408, USA",26.8260883,-80.0433328,United States,Not Juvenile
194669255.0,2023-12-23 11:32:54,2023-12-23,https://www.inaturalist.org/observations/194669255,https://inaturalist-open-data.s3.amazonaws.com/photos/342248164/medium.jpeg,"OCEAN BRZ PK, FL 34957, USA",27.33835397,-80.23324497,United States,Not Juvenile
194680809.0,2023-12-23 15:51:32-05:00,2023-12-23,https://www.inaturalist.org/observations/194680809,https://inaturalist-open-data.s3.amazonaws.com/photos/342272962/medium.jpg,"Ocean Dr, Miami Beach, FL, US",25.77203833,-80.13118617,United States,Not Juvenile
194685661.0,2023-12-23 15:52:00-05:00,2023-12-23,https://www.inaturalist.org/observations/194685661,https://inaturalist-open-data.s3.amazonaws.com/photos/342283688/medium.jpg,"South Beach, FL, US",25.77128333,-80.13010283,United States,Not Juvenile
194688661.0,2023-12-23 17:31:21-05:00,2023-12-23,https://www.inaturalist.org/observations/194688661,https://inaturalist-open-data.s3.amazonaws.com/photos/342288998/medium.jpg,"Port Canaveral, Cape Canaveral, FL, US",28.40648696,-80.59022858,United States,Not Juvenile
194695733.0,2023-12-22 16:21:00,2023-12-22,https://www.inaturalist.org/observations/194695733,https://inaturalist-open-data.s3.amazonaws.com/photos/342303199/medium.jpg,"Daytona Beach Shores, FL 32118, USA",29.15528337,-80.9701573,United States,Not Juvenile
194723496.0,2023-12-20 16:30:00,2023-12-20,https://www.inaturalist.org/observations/194723496,https://inaturalist-open-data.s3.amazonaws.com/photos/342360246/medium.jpeg,"East Fort Lauderdale, Fort Lauderdale, FL, USA",26.1858962,-80.09554899999999,United States,Not Juvenile
194738064.0,2023-12-24 08:56:05-05:00,2023-12-24,https://www.inaturalist.org/observations/194738064,https://inaturalist-open-data.s3.amazonaws.com/photos/342390036/medium.jpg,"Bill Baggs Cape Florida State Park, Key Biscayne, FL, US",25.67365017,-80.15340122,United States,Not Juvenile
194744601.0,2023-12-24 10:37:15,2023-12-24,https://www.inaturalist.org/observations/194744601,https://inaturalist-open-data.s3.amazonaws.com/photos/342403462/medium.jpeg,"Brevard County, US-FL, US",28.33662894,-80.605978,United States,Not Juvenile
194745756.0,2023-12-24 10:55:27,2023-12-24,https://www.inaturalist.org/observations/194745756,https://inaturalist-open-data.s3.amazonaws.com/photos/342405715/medium.jpeg,"89PR+GQ The Mansfield Maritime Hammock, Cocoa Beach, FL 32931, USA",28.33512986,-80.60611009,United States,Not Juvenile
194750805.0,2023-12-24 07:24:39-05:00,2023-12-24,https://www.inaturalist.org/observations/194750805,https://inaturalist-open-data.s3.amazonaws.com/photos/342416402/medium.jpg,"South Beach, FL, US",25.78071167,-80.128075,United States,Not Juvenile
194752619.0,2023-12-24 10:07:44-05:00,2023-12-24,https://www.inaturalist.org/observations/194752619,https://inaturalist-open-data.s3.amazonaws.com/photos/342420386/medium.jpg,Stuart Beach,27.221570000000003,-80.17803,United States,Not Juvenile
194753292.0,2023-12-24 10:48:16,2023-12-24,https://www.inaturalist.org/observations/194753292,https://inaturalist-open-data.s3.amazonaws.com/photos/342421896/medium.jpeg,"89PR+GQ The Mansfield Maritime Hammock, Cocoa Beach, FL 32931, USA",28.33598591,-80.60608126,United States,Not Juvenile
194753620.0,2023-12-24 12:51:37-05:00,2023-12-24,https://www.inaturalist.org/observations/194753620,https://inaturalist-open-data.s3.amazonaws.com/photos/342422499/medium.jpg,"S Ocean Blvd, Delray Beach, FL, US",26.45717435,-80.05819231,United States,Not Juvenile
194753671.0,2023-12-24 12:52:24-05:00,2023-12-24,https://www.inaturalist.org/observations/194753671,https://inaturalist-open-data.s3.amazonaws.com/photos/342422547/medium.jpg,"S Ocean Blvd, Delray Beach, FL, US",26.45697752,-80.05817274,United States,Not Juvenile
194753785.0,2023-12-24 12:54:53-05:00,2023-12-24,https://www.inaturalist.org/observations/194753785,https://inaturalist-open-data.s3.amazonaws.com/photos/342422893/medium.jpg,"S Ocean Blvd, Delray Beach, FL, US",26.45666387,-80.05850969000001,United States,Not Juvenile
194753913.0,2023-12-24 12:56:41-05:00,2023-12-24,https://www.inaturalist.org/observations/194753913,https://inaturalist-open-data.s3.amazonaws.com/photos/342423278/medium.jpg,"S Ocean Blvd, Delray Beach, FL, US",26.45662821,-80.05816875000001,United States,Not Juvenile
194754051.0,2023-12-24 12:57:22-05:00,2023-12-24,https://www.inaturalist.org/observations/194754051,https://inaturalist-open-data.s3.amazonaws.com/photos/342423562/medium.jpg,"Nassau St, Delray Beach, FL, US",26.4568801,-80.05816674,United States,Not Juvenile
194754095.0,2023-12-24 12:58:25-05:00,2023-12-24,https://www.inaturalist.org/observations/194754095,https://inaturalist-open-data.s3.amazonaws.com/photos/342423704/medium.jpg,"Delray Municipal Beach, Delray Beach, FL, US",26.45684503,-80.05817024,United States,Not Juvenile
194766670.0,2023-12-24 15:51:02-05:00,2023-12-24,https://www.inaturalist.org/observations/194766670,https://inaturalist-open-data.s3.amazonaws.com/photos/342533145/medium.jpg,"SR-A1A, Indian Harbour Beach, FL, US",28.14061117,-80.58023,United States,Not Juvenile
194791269.0,2023-12-23 15:55:34-05:00,2023-12-23,https://www.inaturalist.org/observations/194791269,https://inaturalist-open-data.s3.amazonaws.com/photos/342500261/medium.jpg,"Singer Island, FL, US",26.90084167,-80.05893617,United States,Not Juvenile
194791337.0,2023-12-23 15:54:11-05:00,2023-12-23,https://www.inaturalist.org/observations/194791337,https://inaturalist-open-data.s3.amazonaws.com/photos/342500381/medium.jpg,"Singer Island, Jupiter, FL, US",26.90136167,-80.05919717,United States,Not Juvenile
194791409.0,2023-12-23 15:54:23-05:00,2023-12-23,https://www.inaturalist.org/observations/194791409,https://inaturalist-open-data.s3.amazonaws.com/photos/342500433/medium.jpg,"Singer Island, Jupiter, FL, US",26.90133333,-80.05916667,United States,Not Juvenile
194814204.0,2023-12-25 08:37:43-05:00,2023-12-25,https://www.inaturalist.org/observations/194814204,https://static.inaturalist.org/photos/342548070/medium.jpg,"Singer Island, Palm Beach Shores, FL, US",26.78083667,-80.03140283,United States,Not Juvenile
194816333.0,2023-12-25 10:29:28,2023-12-25,https://www.inaturalist.org/observations/194816333,https://inaturalist-open-data.s3.amazonaws.com/photos/342552256/medium.jpeg,"Islamorada, FL 33036, USA",24.84803167,-80.74231333,United States,Not Juvenile
194816508.0,2023-12-25 10:32:08,2023-12-25,https://www.inaturalist.org/observations/194816508,https://inaturalist-open-data.s3.amazonaws.com/photos/342552521/medium.jpeg,"Islamorada, FL, USA",24.847904999999997,-80.74222333,United States,Not Juvenile
194816977.0,2023-12-25 10:42:19-05:00,2023-12-25,https://www.inaturalist.org/observations/194816977,https://inaturalist-open-data.s3.amazonaws.com/photos/342553681/medium.jpg,"Stuart Beach, FL, US",27.21513838,-80.17410952,United States,Not Juvenile
194817224.0,2023-12-25 10:45:17-05:00,2023-12-25,https://www.inaturalist.org/observations/194817224,https://inaturalist-open-data.s3.amazonaws.com/photos/342554075/medium.jpg,"Stuart Beach, FL, US",27.21570078,-80.17451621000001,United States,Not Juvenile
194818112.0,2023-12-25 10:59:13-05:00,2023-12-25,https://www.inaturalist.org/observations/194818112,https://inaturalist-open-data.s3.amazonaws.com/photos/342555942/medium.jpg,"Hutchinson Island, FL, US",27.21885443,-80.17644779999999,United States,Not Juvenile
194819131.0,2023-12-24 17:58:06-05:00,2023-12-24,https://www.inaturalist.org/observations/194819131,https://static.inaturalist.org/photos/342557898/medium.jpg,"N Atlantic Blvd, Fort Lauderdale, FL, US",26.15726383,-80.09991383,United States,Not Juvenile
194822913.0,2023-12-25 12:07:12,2023-12-25,https://www.inaturalist.org/observations/194822913,https://static.inaturalist.org/photos/342565810/medium.jpeg,"Daytona Beach Shores, FL 32118, USA",29.20105493,-80.99424254,United States,Not Juvenile
194831971.0,2023-12-23 11:02:44,2023-12-23,https://www.inaturalist.org/observations/194831971,https://inaturalist-open-data.s3.amazonaws.com/photos/342584033/medium.jpeg,"St Johns County, FL, USA",29.7533798,-81.24543369999999,United States,Not Juvenile
194834397.0,2023-12-25 14:48:33-05:00,2023-12-25,https://www.inaturalist.org/observations/194834397,https://inaturalist-open-data.s3.amazonaws.com/photos/342589106/medium.jpg,"Florida Bay, Islamorada, FL, US",24.88307533,-80.69045303,United States,Not Juvenile
194835477.0,2023-12-25 10:27:41-05:00,2023-12-25,https://www.inaturalist.org/observations/194835477,https://inaturalist-open-data.s3.amazonaws.com/photos/342767988/medium.jpg,"25th St, Miami Beach, FL, US",25.80082167,-80.12553333,United States,Not Juvenile
194837961.0,2023-12-25 15:33:18-05:00,2023-12-25,https://www.inaturalist.org/observations/194837961,https://static.inaturalist.org/photos/342596439/medium.jpg,"Bal Harbour, Bal Harbour, FL, US",25.897630000000003,-80.12204717,United States,Not Juvenile
194842274.0,2023-12-25 16:13:48,2023-12-25,https://www.inaturalist.org/observations/194842274,https://static.inaturalist.org/photos/342605377/medium.jpeg,"Palm Beach, FL 33480, USA",26.71808611,-80.03366667,United States,Not Juvenile
194846917.0,2023-12-25 16:50:58-05:00,2023-12-25,https://www.inaturalist.org/observations/194846917,https://inaturalist-open-data.s3.amazonaws.com/photos/342613772/medium.jpg,"Huguenot Memorial Park, Jacksonville, FL, US",30.40447425,-81.40280801,United States,Not Juvenile
194847468.0,2023-12-25 17:54:19,2023-12-25,https://www.inaturalist.org/observations/194847468,https://static.inaturalist.org/photos/342614572/medium.jpeg,"Daytona Beach Shores, FL 32118, USA",29.14762917,-80.96614621,United States,Not Juvenile
194858932.0,2023-12-24 13:04:09-05:00,2023-12-24,https://www.inaturalist.org/observations/194858932,https://static.inaturalist.org/photos/342639657/medium.jpg,"North Atlantic Ocean, FL, US",26.70466667,-80.03250833,United States,Not Juvenile
194896998.0,2023-12-26 10:50:31-05:00,2023-12-26,https://www.inaturalist.org/observations/194896998,https://inaturalist-open-data.s3.amazonaws.com/photos/342717605/medium.jpg,"North Atlantic Ocean, SC, US",33.39308833,-79.1402805,United States,Not Juvenile
194907988.0,2023-12-26 11:52:00,2023-12-26,https://www.inaturalist.org/observations/194907988,https://inaturalist-open-data.s3.amazonaws.com/photos/342736425/medium.jpg,"Miami Beach, FL, USA",25.86116752,-80.11899767,United States,Not Juvenile
194907993.0,2023-12-26 11:53:00,2023-12-26,https://www.inaturalist.org/observations/194907993,https://inaturalist-open-data.s3.amazonaws.com/photos/342736468/medium.jpg,"Miami Beach, FL, USA",25.8612205,-80.11900438,United States,Not Juvenile
194907995.0,2023-12-26 11:53:00,2023-12-26,https://www.inaturalist.org/observations/194907995,https://inaturalist-open-data.s3.amazonaws.com/photos/342736470/medium.jpg,"Miami Beach, FL, USA",25.86123301,-80.11901175,United States,Not Juvenile
194907997.0,2023-12-26 11:53:00,2023-12-26,https://www.inaturalist.org/observations/194907997,https://inaturalist-open-data.s3.amazonaws.com/photos/342736487/medium.jpg,"Miami Beach, FL, USA",25.86123651,-80.11900173000001,United States,Not Juvenile
194907998.0,2023-12-26 11:53:00,2023-12-26,https://www.inaturalist.org/observations/194907998,https://inaturalist-open-data.s3.amazonaws.com/photos/342736490/medium.jpg,"Miami Beach, FL, USA",25.86124972,-80.11900978,United States,Juvenile
194908000.0,2023-12-26 11:54:00,2023-12-26,https://www.inaturalist.org/observations/194908000,https://inaturalist-open-data.s3.amazonaws.com/photos/342736507/medium.jpg,"Miami Beach, FL, USA",25.86125029,-80.11900576000001,United States,Not Juvenile
194908004.0,2023-12-26 11:54:00,2023-12-26,https://www.inaturalist.org/observations/194908004,https://inaturalist-open-data.s3.amazonaws.com/photos/342736530/medium.jpg,"Miami Beach, FL, USA",25.86109511,-80.11897689,United States,Not Juvenile
194908005.0,2023-12-26 11:54:00,2023-12-26,https://www.inaturalist.org/observations/194908005,https://inaturalist-open-data.s3.amazonaws.com/photos/342736522/medium.jpg,"Miami Beach, FL, USA",25.86109511,-80.11897689,United States,Uncertain
194908006.0,2023-12-26 11:55:00,2023-12-26,https://www.inaturalist.org/observations/194908006,https://inaturalist-open-data.s3.amazonaws.com/photos/342736541/medium.jpg,"Miami Beach, FL, USA",25.86109511,-80.11897689,United States,Not Juvenile
194908008.0,2023-12-26 11:56:00,2023-12-26,https://www.inaturalist.org/observations/194908008,https://inaturalist-open-data.s3.amazonaws.com/photos/342736566/medium.jpg,"Miami Beach, FL, USA",25.86094233,-80.11897534,United States,Not Juvenile
194908014.0,2023-12-26 11:57:00,2023-12-26,https://www.inaturalist.org/observations/194908014,https://inaturalist-open-data.s3.amazonaws.com/photos/342736585/medium.jpg,"Miami Beach, FL, USA",25.86053925,-80.11893298,United States,Not Juvenile
194908015.0,2023-12-26 11:57:00,2023-12-26,https://www.inaturalist.org/observations/194908015,https://inaturalist-open-data.s3.amazonaws.com/photos/342736606/medium.jpg,"North Beach, Miami Beach, FL 33141, USA",25.86050788,-80.11893861,United States,Not Juvenile
194908018.0,2023-12-26 11:57:00,2023-12-26,https://www.inaturalist.org/observations/194908018,https://inaturalist-open-data.s3.amazonaws.com/photos/342736615/medium.jpg,"North Beach, Miami Beach, FL 33141, USA",25.86045181,-80.11892923,United States,Juvenile
194908019.0,2023-12-26 11:57:00,2023-12-26,https://www.inaturalist.org/observations/194908019,https://inaturalist-open-data.s3.amazonaws.com/photos/342736619/medium.jpg,"North Beach, Miami Beach, FL 33141, USA",25.86045181,-80.11892923,United States,Not Juvenile
194908020.0,2023-12-26 11:57:00,2023-12-26,https://www.inaturalist.org/observations/194908020,https://inaturalist-open-data.s3.amazonaws.com/photos/342736629/medium.jpg,"North Beach, Miami Beach, FL 33141, USA",25.86045181,-80.11892923,United States,Not Juvenile
194908024.0,2023-12-26 11:57:00,2023-12-26,https://www.inaturalist.org/observations/194908024,https://inaturalist-open-data.s3.amazonaws.com/photos/342736643/medium.jpg,"North Beach, Miami Beach, FL 33141, USA",25.86045181,-80.11892923,United States,Not Juvenile
194908027.0,2023-12-26 11:57:00,2023-12-26,https://www.inaturalist.org/observations/194908027,https://inaturalist-open-data.s3.amazonaws.com/photos/342736657/medium.jpg,"North Beach, Miami Beach, FL 33141, USA",25.86037139,-80.11892209,United States,Not Juvenile
194908029.0,2023-12-26 11:58:00,2023-12-26,https://www.inaturalist.org/observations/194908029,https://inaturalist-open-data.s3.amazonaws.com/photos/342736674/medium.jpeg,"North Beach, Miami Beach, FL 33141, USA",25.86037139,-80.11892209,United States,Not Juvenile
194908049.0,2023-12-26 12:01:00,2023-12-26,https://www.inaturalist.org/observations/194908049,https://inaturalist-open-data.s3.amazonaws.com/photos/342736805/medium.jpg,"North Beach, Miami Beach, FL 33141, USA",25.8603417,-80.11891411,United States,Not Juvenile
194916389.0,2023-12-26 15:10:19-05:00,2023-12-26,https://www.inaturalist.org/observations/194916389,https://inaturalist-open-data.s3.amazonaws.com/photos/342757829/medium.jpg,"Saint Marys River, Fernandina Beach, FL, US",30.705745,-81.45490333000001,United States,Not Juvenile
194918927.0,2023-12-24 16:50:28-05:00,2023-12-24,https://www.inaturalist.org/observations/194918927,https://inaturalist-open-data.s3.amazonaws.com/photos/342906668/medium.jpg,"South Beach, Miami Beach, FL, US",25.79344667,-80.12619717,United States,Not Juvenile
194928773.0,2023-12-26 12:34:59,2023-12-26,https://www.inaturalist.org/observations/194928773,https://static.inaturalist.org/photos/342784425/medium.jpeg,Miami Beach,25.79063894,-80.13004549,United States,Not Juvenile
194979212.0,2023-12-27 08:20:00-05:00,2023-12-27,https://www.inaturalist.org/observations/194979212,https://inaturalist-open-data.s3.amazonaws.com/photos/342890599/medium.jpg,"Sullivans Island, Sullivans Island, SC, US",32.76126909,-79.82923614,United States,Not Juvenile
194993271.0,2023-12-26 16:06:00,2023-12-26,https://www.inaturalist.org/observations/194993271,https://inaturalist-open-data.s3.amazonaws.com/photos/342917096/medium.jpeg,"Monroe County, FL, USA",24.81247454,-80.8243371,United States,Not Juvenile
195004486.0,2023-12-27 14:30:14-05:00,2023-12-27,https://www.inaturalist.org/observations/195004486,https://static.inaturalist.org/photos/342941481/medium.jpg,"Ashe Island, North Topsail Beach, NC, US",34.49046171,-77.42341641,United States,Not Juvenile
195011810.0,2023-12-27 14:52:04-05:00,2023-12-27,https://www.inaturalist.org/observations/195011810,https://inaturalist-open-data.s3.amazonaws.com/photos/342958505/medium.jpg,"Nassau County, US-FL, US",30.70544958,-81.44974697,United States,Not Juvenile
195012408.0,2023-12-27 16:14:36,2023-12-27,https://www.inaturalist.org/observations/195012408,https://inaturalist-open-data.s3.amazonaws.com/photos/342957366/medium.jpeg,"Roberta Rd A1A, Ormond-By-The-Sea, FL 32176, USA",29.33471983,-81.05927742,United States,Not Juvenile
195030661.0,2023-12-26 14:25:01,2023-12-26,https://www.inaturalist.org/observations/195030661,https://inaturalist-open-data.s3.amazonaws.com/photos/342995783/medium.jpeg,"Boca Raton, FL 33432, USA",26.3444835,-80.07065132,United States,Not Juvenile
195070650.0,2023-12-28 07:32:37-05:00,2023-12-28,https://www.inaturalist.org/observations/195070650,https://inaturalist-open-data.s3.amazonaws.com/photos/343077634/medium.jpg,"S Atlantic Ave, Ponce Inlet, FL, US",29.10276383,-80.939225,United States,Not Juvenile
195180332.0,2023-12-29 11:42:32-05:00,2023-12-29,https://www.inaturalist.org/observations/195180332,https://inaturalist-open-data.s3.amazonaws.com/photos/343297956/medium.jpg,"North Atlantic Ocean, Buxton, NC, US",35.22700113,-75.52526038,United States,Not Juvenile
195268055.0,2023-02-19 13:53:23-05:00,2023-02-19,https://www.inaturalist.org/observations/195268055,https://static.inaturalist.org/photos/343479132/medium.jpg,"North Atlantic Ocean, Palm Beach, FL, US",26.60749667,-80.03646117,United States,Not Juvenile
195302750.0,2023-12-25 08:46:40-05:00,2023-12-25,https://www.inaturalist.org/observations/195302750,https://inaturalist-open-data.s3.amazonaws.com/photos/343547104/medium.jpg,"South Beach, Miami Beach, FL, US",25.79163333,-80.12664167,United States,Not Juvenile
195337300.0,2023-12-20 16:05:00,2023-12-20,https://www.inaturalist.org/observations/195337300,https://inaturalist-open-data.s3.amazonaws.com/photos/343617443/medium.jpeg,"East Fort Lauderdale, Fort Lauderdale, FL, USA",26.1888857,-80.0950226,United States,Not Juvenile
195337304.0,2023-12-20 16:05:00,2023-12-20,https://www.inaturalist.org/observations/195337304,https://inaturalist-open-data.s3.amazonaws.com/photos/343617456/medium.jpeg,"East Fort Lauderdale, Fort Lauderdale, FL, USA",26.1888857,-80.0950226,United States,Not Juvenile
195337309.0,2023-12-20 16:06:00,2023-12-20,https://www.inaturalist.org/observations/195337309,https://inaturalist-open-data.s3.amazonaws.com/photos/343617546/medium.jpeg,"Lauderdale-By-The-Sea, FL, USA",26.1889077,-80.0950008,United States,Juvenile
195337646.0,2023-12-20 16:14:00,2023-12-20,https://www.inaturalist.org/observations/195337646,https://inaturalist-open-data.s3.amazonaws.com/photos/343618504/medium.jpeg,"Lauderdale-By-The-Sea, FL, USA",26.1879512,-80.09495369999999,United States,Not Juvenile
195338169.0,2023-12-20 16:21:00,2023-12-20,https://www.inaturalist.org/observations/195338169,https://inaturalist-open-data.s3.amazonaws.com/photos/343619146/medium.jpeg,"Broward, Florida, United States",26.1869114,-80.0951374,United States,Not Juvenile
195431606.0,2023-12-28 08:25:17-05:00,2023-12-28,https://www.inaturalist.org/observations/195431606,https://inaturalist-open-data.s3.amazonaws.com/photos/343811194/medium.jpg,"North Atlantic Ocean, SC, US",32.76153667,-79.82536333,United States,Not Juvenile
195475513.0,2023-12-31 10:14:03-05:00,2023-12-31,https://www.inaturalist.org/observations/195475513,https://inaturalist-open-data.s3.amazonaws.com/photos/343900853/medium.jpg,"Virginia Key, Key Biscayne, FL, US",25.73326167,-80.15922499999999,United States,Juvenile
195476461.0,2023-12-25 10:04:00,2023-12-25,https://www.inaturalist.org/observations/195476461,https://inaturalist-open-data.s3.amazonaws.com/photos/343902550/medium.jpeg,"Cape Canaveral, FL 32920, USA",28.38337038,-80.59840545,United States,Not Juvenile
195486964.0,2024-01-01 13:14:47-05:00,2024-01-01,https://www.inaturalist.org/observations/195486964,https://inaturalist-open-data.s3.amazonaws.com/photos/343923991/medium.jpg,"North Atlantic Ocean, NC, US",35.227001099999995,-75.52552426,United States,Not Juvenile
195879199.0,2023-12-21 17:23:12-05:00,2023-12-21,https://www.inaturalist.org/observations/195879199,https://inaturalist-open-data.s3.amazonaws.com/photos/344717424/medium.jpg,"S Atlantic Ave, Ponce Inlet, FL, US",29.0944805,-80.932755,United States,Not Juvenile
195943843.0,2024-01-06 11:55:56-05:00,2024-01-06,https://www.inaturalist.org/observations/195943843,https://inaturalist-open-data.s3.amazonaws.com/photos/344848169/medium.jpg,"Hutchinson Island, Stuart, FL, US",27.184295,-80.16003333,United States,Not Juvenile
196136371.0,2024-01-08 12:56:20,2024-01-08,https://www.inaturalist.org/observations/196136371,https://static.inaturalist.org/photos/345232461/medium.jpeg,"Key Biscayne, FL 33149, USA",25.73463399,-80.15644805000001,United States,Not Juvenile
196136472.0,2024-01-08 12:57:34,2024-01-08,https://www.inaturalist.org/observations/196136472,https://static.inaturalist.org/photos/345232673/medium.jpeg,"Key Biscayne, FL 33149, USA",25.73477089,-80.15626118,United States,Not Juvenile
196138903.0,2024-01-08 12:58:45-05:00,2024-01-08,https://www.inaturalist.org/observations/196138903,https://inaturalist-open-data.s3.amazonaws.com/photos/345236956/medium.jpg,"Long Key State Park, Long Key, FL, US",24.812125,-80.82515000000001,United States,Uncertain
196183699.0,2024-01-08 08:22:32-05:00,2024-01-08,https://www.inaturalist.org/observations/196183699,https://inaturalist-open-data.s3.amazonaws.com/photos/345328315/medium.jpg,"Straits of Florida, Fort Lauderdale, FL, US",26.13258883,-80.10278333000001,United States,Not Juvenile
196208470.0,2024-01-09 10:22:45-05:00,2024-01-09,https://www.inaturalist.org/observations/196208470,https://static.inaturalist.org/photos/345377292/medium.jpg,"Collins Ave, Miami Beach, FL, US",25.8552889,-80.11900829,United States,Not Juvenile
196220519.0,2024-01-09 13:40:51,2024-01-09,https://www.inaturalist.org/observations/196220519,https://static.inaturalist.org/photos/345401561/medium.jpeg,"Duck Key, FL 33050, USA",24.72723297,-81.03355499999999,United States,Not Juvenile
196233454.0,2024-01-09 14:40:16-05:00,2024-01-09,https://www.inaturalist.org/observations/196233454,https://inaturalist-open-data.s3.amazonaws.com/photos/345427958/medium.jpg,"Jupiter Island, FL, US",26.98661667,-80.0852055,United States,Not Juvenile
196271218.0,2023-12-26 14:04:00,2023-12-26,https://www.inaturalist.org/observations/196271218,https://inaturalist-open-data.s3.amazonaws.com/photos/345504677/medium.jpeg,"Hillsboro Beach, FL, USA",26.30206438,-80.07780805,United States,Not Juvenile
196289056.0,2024-01-10 09:27:10,2024-01-10,https://www.inaturalist.org/observations/196289056,https://inaturalist-open-data.s3.amazonaws.com/photos/345539720/medium.jpeg,"Brickell, Miami, FL, USA",25.753384,-80.19584499999999,United States,Not Juvenile
196299005.0,2024-01-08 12:08:53-05:00,2024-01-08,https://www.inaturalist.org/observations/196299005,https://static.inaturalist.org/photos/345558645/medium.jpg,"Straits of Florida, FL, US",26.191405,-80.09436117,United States,Not Juvenile
196386314.0,2018-09-24 09:36:27,2018-09-24,https://www.inaturalist.org/observations/196386314,https://inaturalist-open-data.s3.amazonaws.com/photos/345737813/medium.jpeg,"Bay Head, NJ 08742, USA",40.06370302,-74.04355165,United States,Not Juvenile
196474588.0,2024-01-11 12:37:00,2024-01-11,https://www.inaturalist.org/observations/196474588,https://inaturalist-open-data.s3.amazonaws.com/photos/345917435/medium.jpg,"Miami, FL, USA",25.74536051,-80.1768113,United States,Not Juvenile
196474590.0,2024-01-11 12:38:00,2024-01-11,https://www.inaturalist.org/observations/196474590,https://inaturalist-open-data.s3.amazonaws.com/photos/345917440/medium.jpg,"Miami, FL, USA",25.74536293,-80.17685958,United States,Not Juvenile
196474603.0,2024-01-11 12:45:00,2024-01-11,https://www.inaturalist.org/observations/196474603,https://inaturalist-open-data.s3.amazonaws.com/photos/345917509/medium.jpg,"Miami, FL, USA",25.74569149,-80.17752208,United States,Not Juvenile
196475039.0,2024-01-11 15:44:30-05:00,2024-01-11,https://www.inaturalist.org/observations/196475039,https://static.inaturalist.org/photos/345920381/medium.jpg,"Boca Raton Inlet, Boca Raton, FL, US",26.33703333,-80.07298333,United States,Not Juvenile
196515146.0,2024-01-08 12:11:00,2024-01-08,https://www.inaturalist.org/observations/196515146,https://inaturalist-open-data.s3.amazonaws.com/photos/345266082/medium.jpeg,"Boca Raton, FL, USA",26.32727552,-80.07317975000001,United States,Not Juvenile
196638134.0,2018-02-06 11:25:18,2018-02-06,https://www.inaturalist.org/observations/196638134,https://inaturalist-open-data.s3.amazonaws.com/photos/346127097/medium.jpeg,"Dania Beach, Dania Beach, FL 33004, USA",26.05413864,-80.11188827000001,United States,Not Juvenile
196680650.0,2024-01-14 09:00:00,2024-01-14,https://www.inaturalist.org/observations/196680650,https://static.inaturalist.org/photos/346211532/medium.jpeg,"Ocracoke, NC 27960, USA",35.10797583,-75.95274266,United States,Not Juvenile
196734277.0,2024-01-10 12:40:00,2024-01-10,https://www.inaturalist.org/observations/196734277,https://inaturalist-open-data.s3.amazonaws.com/photos/346313262/medium.jpeg,"Miami-Dade County, FL, USA",25.67550278,-80.16216389,United States,Not Juvenile
196757843.0,2024-01-11 15:44:32-05:00,2024-01-11,https://www.inaturalist.org/observations/196757843,https://inaturalist-open-data.s3.amazonaws.com/photos/346367045/medium.jpg,"S Ocean Blvd, Boca Raton, FL, US",26.33712833,-80.0732805,United States,Juvenile
196767997.0,2024-01-15 10:53:22-05:00,2024-01-15,https://www.inaturalist.org/observations/196767997,https://static.inaturalist.org/photos/346387825/medium.jpg,"FL, US",26.237520000000004,-80.08751667,United States,Not Juvenile
196772974.0,2024-01-15 13:18:01-05:00,2024-01-15,https://www.inaturalist.org/observations/196772974,https://inaturalist-open-data.s3.amazonaws.com/photos/346396347/medium.jpg,"Surfside Beach, Surfside, FL, US",25.88414167,-80.1207805,United States,Not Juvenile
196773072.0,2024-01-15 12:37:15-05:00,2024-01-15,https://www.inaturalist.org/observations/196773072,https://inaturalist-open-data.s3.amazonaws.com/photos/346396525/medium.jpg,"N Fort Lauderdale Beach Blvd, Fort Lauderdale, FL, US",26.14346117,-80.1018055,United States,Not Juvenile
196773424.0,2024-01-15 13:25:29,2024-01-15,https://www.inaturalist.org/observations/196773424,https://inaturalist-open-data.s3.amazonaws.com/photos/346397364/medium.jpeg,"Dania Beach, FL 33004, USA",26.07987983,-80.10966744,United States,Not Juvenile
196778331.0,2024-01-15 13:01:31-05:00,2024-01-15,https://www.inaturalist.org/observations/196778331,https://inaturalist-open-data.s3.amazonaws.com/photos/346406796/medium.jpg,"Hutchinson Island, Jensen Beach, FL, US",27.26017,-80.19835499999999,United States,Not Juvenile
196807755.0,2024-01-15 16:22:15-05:00,2024-01-15,https://www.inaturalist.org/observations/196807755,https://static.inaturalist.org/photos/346466893/medium.jpg,"S Ocean Blvd, Delray Beach, FL, US",26.46118667,-80.05825,United States,Not Juvenile
196808573.0,2024-01-15 14:09:13-05:00,2024-01-15,https://www.inaturalist.org/observations/196808573,https://static.inaturalist.org/photos/346468323/medium.jpg,"South Beach, Miami Beach, FL, US",25.790895,-80.12671667000001,United States,Not Juvenile
196845497.0,2024-01-16 09:59:08-05:00,2024-01-16,https://www.inaturalist.org/observations/196845497,https://inaturalist-open-data.s3.amazonaws.com/photos/346542971/medium.jpg,"Singer Island, FL, US",26.904475,-80.06012783,United States,Not Juvenile
196848388.0,2024-01-16 07:58:30,2024-01-16,https://www.inaturalist.org/observations/196848388,https://static.inaturalist.org/photos/346549003/medium.jpeg,"Miami Beach, FL, USA",25.8103291,-80.1211556,United States,Not Juvenile
196950480.0,2024-01-17 12:56:04-05:00,2024-01-17,https://www.inaturalist.org/observations/196950480,https://inaturalist-open-data.s3.amazonaws.com/photos/346754606/medium.jpg,"Straits of Florida, Hollywood, FL, US",26.0667695,-80.11077783,United States,Not Juvenile
197000546.0,2024-01-15 16:40:52-05:00,2024-01-15,https://www.inaturalist.org/observations/197000546,https://inaturalist-open-data.s3.amazonaws.com/photos/346858843/medium.jpg,"Crandon Park, FL, US",25.70429904,-80.15336907,United States,Not Juvenile
197021621.0,2024-01-08 18:06:28-05:00,2024-01-08,https://www.inaturalist.org/observations/197021621,https://static.inaturalist.org/photos/346901279/medium.jpg,"Miami Beach, Miami Beach, FL, US",25.8157,-80.12096383000001,United States,Not Juvenile
197047633.0,2024-01-15 16:40:20-05:00,2024-01-15,https://www.inaturalist.org/observations/197047633,https://inaturalist-open-data.s3.amazonaws.com/photos/346955572/medium.jpg,"Straits of Florida, FL, US",25.702805,-80.15371667000001,United States,Not Juvenile
197073629.0,2024-01-19 10:14:00,2024-01-19,https://www.inaturalist.org/observations/197073629,https://static.inaturalist.org/photos/347007959/medium.jpeg,"Miami-Dade County, FL, USA",25.95956944,-80.11847778,United States,Not Juvenile
197112519.0,2024-01-17 11:48:54-05:00,2024-01-17,https://www.inaturalist.org/observations/197112519,https://inaturalist-open-data.s3.amazonaws.com/photos/347084488/medium.jpg,"Biscayne National Park, FL, US",25.39730833,-80.235175,United States,Not Juvenile
197112535.0,2024-01-17 11:49:02-05:00,2024-01-17,https://www.inaturalist.org/observations/197112535,https://inaturalist-open-data.s3.amazonaws.com/photos/347084528/medium.jpg,"Biscayne National Park, FL, US",25.39732833,-80.23521333000001,United States,Not Juvenile
197140071.0,2021-11-01 12:27:50-04:00,2021-11-01,https://www.inaturalist.org/observations/197140071,https://inaturalist-open-data.s3.amazonaws.com/photos/347141885/medium.jpg,"Stage Harbor Rd, Chatham, MA, US",41.67181667,-69.96653,United States,Not Juvenile
197251238.0,2024-01-15 16:39:45-05:00,2024-01-15,https://www.inaturalist.org/observations/197251238,https://static.inaturalist.org/photos/347363950/medium.jpg,"Crandon Park, Key Biscayne, FL, US",25.70861207,-80.15234304,United States,Not Juvenile
197310677.0,2024-01-22 09:17:24,2024-01-22,https://www.inaturalist.org/observations/197310677,https://inaturalist-open-data.s3.amazonaws.com/photos/347486717/medium.jpeg,"Vero Beach, FL, USA",27.6682191,-80.3600412,United States,Not Juvenile
197326981.0,2024-01-22 11:52:23-05:00,2024-01-22,https://www.inaturalist.org/observations/197326981,https://inaturalist-open-data.s3.amazonaws.com/photos/347518032/medium.jpg,"Hutchinson Island, FL, US",27.2481,-80.19230499999999,United States,Not Juvenile
197327162.0,2024-01-22 11:41:23-05:00,2024-01-22,https://www.inaturalist.org/observations/197327162,https://inaturalist-open-data.s3.amazonaws.com/photos/347518378/medium.jpg,"Bob Graham Beach, FL, US",27.24455333,-80.19038333,United States,Not Juvenile
197327963.0,2024-01-22 10:19:17-05:00,2024-01-22,https://www.inaturalist.org/observations/197327963,https://inaturalist-open-data.s3.amazonaws.com/photos/347520167/medium.jpg,"Hutchinson Island, FL, US",27.23129667,-80.18319667,United States,Not Juvenile
197344912.0,2024-01-21 16:15:00,2024-01-21,https://www.inaturalist.org/observations/197344912,https://inaturalist-open-data.s3.amazonaws.com/photos/347552990/medium.jpeg,"Broward County, FL, USA",26.31113175,-80.07550888,United States,Not Juvenile
197378449.0,2024-01-22 17:29:02-05:00,2024-01-22,https://www.inaturalist.org/observations/197378449,https://inaturalist-open-data.s3.amazonaws.com/photos/347621470/medium.jpg,"Pompano Beach, FL, US",26.25310333,-80.08416117,United States,Not Juvenile
197381291.0,2024-01-23 07:30:02,2024-01-23,https://www.inaturalist.org/observations/197381291,https://inaturalist-open-data.s3.amazonaws.com/photos/347627836/medium.jpeg,"Cocoa Beach, FL 32931, USA",28.3462208,-80.60522246000001,United States,Not Juvenile
197381891.0,2024-01-22 16:23:28,2024-01-22,https://www.inaturalist.org/observations/197381891,https://static.inaturalist.org/photos/347629440/medium.jpeg,"Jupiter Island, FL 33455, USA",26.97843056,-80.08252499999999,United States,Not Juvenile
197384459.0,2024-01-23 08:55:22-05:00,2024-01-23,https://www.inaturalist.org/observations/197384459,https://inaturalist-open-data.s3.amazonaws.com/photos/347634429/medium.jpg,"Historic Virginia Key Beach Park, Miami, FL, US",25.73670833,-80.15331383,United States,Not Juvenile
197416894.0,2024-01-23 16:00:39-05:00,2024-01-23,https://www.inaturalist.org/observations/197416894,https://inaturalist-open-data.s3.amazonaws.com/photos/347699745/medium.jpg,"North Atlantic Ocean, FL, US",26.983580000000003,-80.08427499999999,United States,Not Juvenile
197423113.0,2024-01-17 11:16:35-05:00,2024-01-17,https://www.inaturalist.org/observations/197423113,https://static.inaturalist.org/photos/347712007/medium.jpg,"Straits of Florida, Hillsboro Beach, FL, US",26.25993008,-80.08027081,United States,Not Juvenile
197426452.0,2023-04-12 19:49:57-04:00,2023-04-12,https://www.inaturalist.org/observations/197426452,https://inaturalist-open-data.s3.amazonaws.com/photos/347720047/medium.jpg,"North Edisto River, Seabrook Island, SC, US",32.565771670000004,-80.183005,United States,Not Juvenile
197445540.0,2024-01-23 15:56:12-05:00,2024-01-23,https://www.inaturalist.org/observations/197445540,https://inaturalist-open-data.s3.amazonaws.com/photos/347759210/medium.jpg,"Jupiter Island, Jupiter Island, FL, US",26.97885833,-80.08271117,United States,Not Juvenile
197456226.0,2024-01-23 07:43:11-05:00,2024-01-23,https://www.inaturalist.org/observations/197456226,https://static.inaturalist.org/photos/347780190/medium.jpg,"South Beach, FL, US",25.7791151,-80.12831584,United States,Not Juvenile
197459105.0,2024-01-24 08:30:55-05:00,2024-01-24,https://www.inaturalist.org/observations/197459105,https://static.inaturalist.org/photos/347786257/medium.jpg,"N Atlantic Ave, Cocoa Beach, FL, US",28.31888578,-80.6072523,United States,Not Juvenile
197459290.0,2024-01-24 08:33:28-05:00,2024-01-24,https://www.inaturalist.org/observations/197459290,https://static.inaturalist.org/photos/347786921/medium.jpg,"S Atlantic Ave, Cocoa Beach, FL, US",28.3170942,-80.60723443,United States,Not Juvenile
197467946.0,2024-01-23 16:50:00,2024-01-23,https://www.inaturalist.org/observations/197467946,https://inaturalist-open-data.s3.amazonaws.com/photos/347803818/medium.jpeg,"Pompano Beach, FL 33062, USA",26.22749968,-80.08944154,United States,Not Juvenile
197479293.0,2024-01-24 12:11:44-05:00,2024-01-24,https://www.inaturalist.org/observations/197479293,https://inaturalist-open-data.s3.amazonaws.com/photos/347825563/medium.jpg,"Hutchinson Island, Stuart, FL, US",27.18527833,-80.16021667,United States,Not Juvenile
197487386.0,2024-01-24 12:57:41-05:00,2024-01-24,https://www.inaturalist.org/observations/197487386,https://inaturalist-open-data.s3.amazonaws.com/photos/347842094/medium.jpg,"Singer Island, Jupiter, FL, US",26.909995,-80.06223333,United States,Not Juvenile
197489280.0,2024-01-24 16:25:43,2024-01-24,https://www.inaturalist.org/observations/197489280,https://inaturalist-open-data.s3.amazonaws.com/photos/347845739/medium.jpeg,"Deerfield Beach, FL 33441, USA",26.31830549,-80.07517319,United States,Not Juvenile
197528044.0,2024-01-24 18:49:23,2024-01-24,https://www.inaturalist.org/observations/197528044,https://inaturalist-open-data.s3.amazonaws.com/photos/347942848/medium.jpeg,"A1A & Green St, Hollywood, FL 33019, USA",26.040525,-80.11333056000001,United States,Not Juvenile
197542172.0,2024-01-09 14:00:00,2024-01-09,https://www.inaturalist.org/observations/197542172,https://inaturalist-open-data.s3.amazonaws.com/photos/347955020/medium.jpeg,"Monroe County, FL, USA",24.84565292,-80.74498281,United States,Not Juvenile
197542332.0,2024-01-10 17:52:19,2024-01-10,https://www.inaturalist.org/observations/197542332,https://inaturalist-open-data.s3.amazonaws.com/photos/347955277/medium.jpeg,"Layton, FL 33001, USA",24.82646667,-80.81435833,United States,Not Juvenile
197543899.0,2024-01-25 12:24:31,2024-01-25,https://www.inaturalist.org/observations/197543899,https://static.inaturalist.org/photos/347958533/medium.jpeg,"Miami-Dade County, FL, USA",25.7050834,-80.1528794,United States,Not Juvenile
197548811.0,2024-01-25 13:44:01,2024-01-25,https://www.inaturalist.org/observations/197548811,https://static.inaturalist.org/photos/347967971/medium.jpeg,"Palm Beach County, US-FL, US",26.76376282,-80.05042747,United States,Not Juvenile
197551801.0,2024-01-25 14:26:02,2024-01-25,https://www.inaturalist.org/observations/197551801,https://inaturalist-open-data.s3.amazonaws.com/photos/347974153/medium.jpeg,"Manatee Pavilion, Dania Beach, FL 33004, USA",26.08335833,-80.10939722,United States,Not Juvenile
197556580.0,2024-01-25 11:21:22,2024-01-25,https://www.inaturalist.org/observations/197556580,https://inaturalist-open-data.s3.amazonaws.com/photos/347983585/medium.jpeg,"Pompano Beach, FL 33062, USA",26.21992243,-80.09980123,United States,Not Juvenile
197556789.0,2024-01-25 15:48:37-05:00,2024-01-25,https://www.inaturalist.org/observations/197556789,https://static.inaturalist.org/photos/347983970/medium.jpg,"E Coast Greenway-Dade Corridor, Miami Beach, FL, US",25.788655,-80.12824167000001,United States,Not Juvenile
197558519.0,2024-01-25 16:16:59-05:00,2024-01-25,https://www.inaturalist.org/observations/197558519,https://static.inaturalist.org/photos/347987542/medium.jpg,"E Coast Greenway-Dade Corridor, Miami Beach, FL, US",25.79462,-80.127175,United States,Not Juvenile
197560888.0,2024-01-25 10:11:00,2024-01-25,https://www.inaturalist.org/observations/197560888,https://inaturalist-open-data.s3.amazonaws.com/photos/347992193/medium.jpg,"Brevard County, FL, USA",28.11831944,-80.57396667,United States,Not Juvenile
197602318.0,2024-01-25 15:29:05-05:00,2024-01-25,https://www.inaturalist.org/observations/197602318,https://inaturalist-open-data.s3.amazonaws.com/photos/348077499/medium.jpg,"Hutchinson Island, Stuart, FL, US",27.22253567,-80.18167839,United States,Not Juvenile
197606276.0,2024-01-26 08:20:21-05:00,2024-01-26,https://www.inaturalist.org/observations/197606276,https://inaturalist-open-data.s3.amazonaws.com/photos/348084768/medium.jpg,"Straits of Florida, Sunny Isles Beach, FL, US",25.942024999999997,-80.119225,United States,Not Juvenile
197614066.0,Fri Jan 26 2024 10:41:43 GMT -0500 (EST),2024-01-26,https://www.inaturalist.org/observations/197614066,https://inaturalist-open-data.s3.amazonaws.com/photos/348100562/medium.jpeg,Key Biscayne,25.70722961,-80.15206146,United States,Not Juvenile
197622013.0,2024-01-26 12:49:40-05:00,2024-01-26,https://www.inaturalist.org/observations/197622013,https://static.inaturalist.org/photos/348115949/medium.jpg,"North Atlantic Ocean, FL, US",26.92826455,-80.0673528,United States,Not Juvenile
197622054.0,2024-01-26 12:50:25-05:00,2024-01-26,https://www.inaturalist.org/observations/197622054,https://static.inaturalist.org/photos/348116043/medium.jpg,"North Atlantic Ocean, FL, US",26.92803516,-80.06727383,United States,Juvenile
197622073.0,2024-01-26 12:50:42-05:00,2024-01-26,https://www.inaturalist.org/observations/197622073,https://static.inaturalist.org/photos/348116116/medium.jpg,"North Atlantic Ocean, FL, US",26.92798979,-80.06727034000001,United States,Not Juvenile
197622096.0,2024-01-26 12:51:18-05:00,2024-01-26,https://www.inaturalist.org/observations/197622096,https://static.inaturalist.org/photos/348116133/medium.jpg,"North Atlantic Ocean, FL, US",26.92779911,-80.06721898,United States,Not Juvenile
197622122.0,2024-01-26 12:51:32-05:00,2024-01-26,https://www.inaturalist.org/observations/197622122,https://static.inaturalist.org/photos/348116157/medium.jpg,"North Atlantic Ocean, FL, US",26.92776962,-80.06721212000001,United States,Not Juvenile
197622176.0,2024-01-26 12:52:28-05:00,2024-01-26,https://www.inaturalist.org/observations/197622176,https://static.inaturalist.org/photos/348116276/medium.jpg,"North Atlantic Ocean, FL, US",26.92737541,-80.06708555,United States,Not Juvenile
197622182.0,2024-01-26 12:52:39-05:00,2024-01-26,https://www.inaturalist.org/observations/197622182,https://static.inaturalist.org/photos/348116304/medium.jpg,"North Atlantic Ocean, FL, US",26.92735952,-80.06706672,United States,Not Juvenile
197622202.0,2024-01-26 12:53:03-05:00,2024-01-26,https://www.inaturalist.org/observations/197622202,https://static.inaturalist.org/photos/348116343/medium.jpg,"North Atlantic Ocean, FL, US",26.92722928,-80.06702172,United States,Not Juvenile
197622211.0,2024-01-26 12:53:16-05:00,2024-01-26,https://www.inaturalist.org/observations/197622211,https://static.inaturalist.org/photos/348116359/medium.jpg,"North Atlantic Ocean, FL, US",26.927190399999997,-80.0669772,United States,Not Juvenile
197622231.0,2024-01-26 12:53:49-05:00,2024-01-26,https://www.inaturalist.org/observations/197622231,https://static.inaturalist.org/photos/348116412/medium.jpg,"North Atlantic Ocean, FL, US",26.9270063,-80.06694027,United States,Not Juvenile
197622290.0,2024-01-26 12:54:08-05:00,2024-01-26,https://www.inaturalist.org/observations/197622290,https://static.inaturalist.org/photos/348116484/medium.jpg,"North Atlantic Ocean, FL, US",26.92696094,-80.06694964,United States,Not Juvenile
197622305.0,2024-01-26 12:54:40-05:00,2024-01-26,https://www.inaturalist.org/observations/197622305,https://static.inaturalist.org/photos/348116502/medium.jpg,"North Atlantic Ocean, FL, US",26.92677207,-80.0668987,United States,Not Juvenile
197622321.0,2024-01-26 12:54:50-05:00,2024-01-26,https://www.inaturalist.org/observations/197622321,https://static.inaturalist.org/photos/348116516/medium.jpg,"North Atlantic Ocean, FL, US",26.92678537,-80.06691202,United States,Not Juvenile
197622361.0,2024-01-26 12:55:20-05:00,2024-01-26,https://www.inaturalist.org/observations/197622361,https://static.inaturalist.org/photos/348116556/medium.jpg,"North Atlantic Ocean, FL, US",26.92662805,-80.06685853,United States,Juvenile
197622382.0,2024-01-26 12:55:40-05:00,2024-01-26,https://www.inaturalist.org/observations/197622382,https://static.inaturalist.org/photos/348116575/medium.jpg,"North Atlantic Ocean, FL, US",26.92659588,-80.06687734,United States,Not Juvenile
197622405.0,2024-01-26 12:56:02-05:00,2024-01-26,https://www.inaturalist.org/observations/197622405,https://static.inaturalist.org/photos/348116619/medium.jpg,"North Atlantic Ocean, FL, US",26.92650801,-80.0668127,United States,Not Juvenile
197622435.0,2024-01-26 12:56:27-05:00,2024-01-26,https://www.inaturalist.org/observations/197622435,https://static.inaturalist.org/photos/348116675/medium.jpg,"North Atlantic Ocean, FL, US",26.92640536,-80.06683059,United States,Not Juvenile
197622447.0,2024-01-26 12:56:48-05:00,2024-01-26,https://www.inaturalist.org/observations/197622447,https://static.inaturalist.org/photos/348116714/medium.jpg,"North Atlantic Ocean, FL, US",26.92632023,-80.06675282,United States,Not Juvenile
197622493.0,2024-01-26 12:56:58-05:00,2024-01-26,https://www.inaturalist.org/observations/197622493,https://static.inaturalist.org/photos/348116830/medium.jpg,"North Atlantic Ocean, FL, US",26.92631072,-80.06675309,United States,Not Juvenile
197622514.0,2024-01-26 12:57:35-05:00,2024-01-26,https://www.inaturalist.org/observations/197622514,https://static.inaturalist.org/photos/348116845/medium.jpg,"North Atlantic Ocean, FL, US",26.92609405,-80.06670316,United States,Not Juvenile
197622555.0,2024-01-26 12:58:03-05:00,2024-01-26,https://www.inaturalist.org/observations/197622555,https://static.inaturalist.org/photos/348116931/medium.jpg,"North Atlantic Ocean, FL, US",26.92605811,-80.06672405,United States,Not Juvenile
197622789.0,2024-01-26 13:02:31-05:00,2024-01-26,https://www.inaturalist.org/observations/197622789,https://static.inaturalist.org/photos/348117407/medium.jpg,"Singer Island, Jupiter, FL, US",26.92465248,-80.06738891,United States,Not Juvenile
197622825.0,2024-01-26 13:02:57-05:00,2024-01-26,https://www.inaturalist.org/observations/197622825,https://static.inaturalist.org/photos/348117484/medium.jpg,"North Atlantic Ocean, FL, US",26.92586554,-80.06667684,United States,Not Juvenile
197622858.0,2024-01-26 13:03:29-05:00,2024-01-26,https://www.inaturalist.org/observations/197622858,https://static.inaturalist.org/photos/348117570/medium.jpg,"North Atlantic Ocean, FL, US",26.92580253,-80.06668086,United States,Not Juvenile
197622926.0,2024-01-26 13:04:33-05:00,2024-01-26,https://www.inaturalist.org/observations/197622926,https://static.inaturalist.org/photos/348117751/medium.jpg,"North Atlantic Ocean, FL, US",26.92575243,-80.06669078,United States,Not Juvenile
197622934.0,2024-01-26 13:04:45-05:00,2024-01-26,https://www.inaturalist.org/observations/197622934,https://static.inaturalist.org/photos/348117786/medium.jpg,"North Atlantic Ocean, FL, US",26.92573973,-80.06665882,United States,Not Juvenile
197622956.0,2024-01-26 13:05:04-05:00,2024-01-26,https://www.inaturalist.org/observations/197622956,https://static.inaturalist.org/photos/348117818/medium.jpg,"North Atlantic Ocean, FL, US",26.92567372,-80.06662465000001,United States,Not Juvenile
197622975.0,2024-01-26 13:05:28-05:00,2024-01-26,https://www.inaturalist.org/observations/197622975,https://static.inaturalist.org/photos/348117862/medium.jpg,"North Atlantic Ocean, FL, US",26.92555022,-80.06663423,United States,Not Juvenile
197623005.0,2024-01-26 13:05:46-05:00,2024-01-26,https://www.inaturalist.org/observations/197623005,https://static.inaturalist.org/photos/348117921/medium.jpg,"North Atlantic Ocean, FL, US",26.92548248,-80.06663286,United States,Not Juvenile
197626950.0,2024-01-26 14:03:10,2024-01-26,https://www.inaturalist.org/observations/197626950,https://inaturalist-open-data.s3.amazonaws.com/photos/348125095/medium.jpeg,"Central Beach Alliance, Fort Lauderdale, FL, USA",26.1555508,-80.1007487,United States,Not Juvenile
197630050.0,2024-01-26 14:54:03-05:00,2024-01-26,https://www.inaturalist.org/observations/197630050,https://static.inaturalist.org/photos/348132362/medium.jpg,"Royal Palm Island, Hollywood, FL, US",26.0196305,-80.11557783,United States,Not Juvenile
197633511.0,2024-01-26 15:38:16-05:00,2024-01-26,https://www.inaturalist.org/observations/197633511,https://inaturalist-open-data.s3.amazonaws.com/photos/348138291/medium.jpg,"Straits of Florida, Hollywood, FL, US",26.07196893,-80.11019536,United States,Juvenile
197640621.0,2024-01-26 17:12:29-05:00,2024-01-26,https://www.inaturalist.org/observations/197640621,https://static.inaturalist.org/photos/348151200/medium.jpg,"Royal Palm Island, Golden Beach, FL, US",25.95715349,-80.11856748,United States,Not Juvenile
197651193.0,2023-12-02 13:03:00,2023-12-02,https://www.inaturalist.org/observations/197651193,https://inaturalist-open-data.s3.amazonaws.com/photos/348170043/medium.jpeg,"Martin County, FL, USA",27.25491252,-80.19606556000001,United States,Juvenile
197653350.0,2024-01-23 09:14:08-05:00,2024-01-23,https://www.inaturalist.org/observations/197653350,https://static.inaturalist.org/photos/348175366/medium.jpg,"N Highway A1A, FL, US",28.12850833,-80.57695833,United States,Juvenile
197671492.0,2024-01-27 01:33:40,2024-01-27,https://www.inaturalist.org/observations/197671492,https://static.inaturalist.org/photos/348214763/medium.jpeg,"Miami-Dade County, FL, USA",25.69579444,-80.15615000000001,United States,Not Juvenile
197687046.0,2024-01-27 07:55:39-05:00,2024-01-27,https://www.inaturalist.org/observations/197687046,https://inaturalist-open-data.s3.amazonaws.com/photos/348243944/medium.jpg,"Port Canaveral, Cape Canaveral, FL, US",28.40725618,-80.58986679,United States,Not Juvenile
197689857.0,Sat Jan 27 2024 08:45:04 GMT -0500 (EST),2024-01-27,https://www.inaturalist.org/observations/197689857,https://inaturalist-open-data.s3.amazonaws.com/photos/348249454/medium.jpeg,Boca Raton,26.335495,-80.07177734,United States,Not Juvenile
197692185.0,2024-01-27 09:20:09,2024-01-27,https://www.inaturalist.org/observations/197692185,https://inaturalist-open-data.s3.amazonaws.com/photos/348253587/medium.jpeg,"Monroe County, US-FL, US",25.00877684,-80.51530559,United States,Not Juvenile
197693770.0,2024-01-27 09:44:12-05:00,2024-01-27,https://www.inaturalist.org/observations/197693770,https://static.inaturalist.org/photos/348256802/medium.jpg,"Key Largo, Key Largo, FL, US",25.17094219,-80.3672194,United States,Not Juvenile
197693850.0,2024-01-27 09:44:11-05:00,2024-01-27,https://www.inaturalist.org/observations/197693850,https://static.inaturalist.org/photos/348256968/medium.jpg,"Key Largo, Key Largo, FL, US",25.17092833,-80.36722,United States,Not Juvenile
197699505.0,2024-01-27 10:38:27-05:00,2024-01-27,https://www.inaturalist.org/observations/197699505,https://inaturalist-open-data.s3.amazonaws.com/photos/348268399/medium.jpg,"Las Olas Cir, Fort Lauderdale, FL, US",26.11843175,-80.10399129999999,United States,Not Juvenile
197702681.0,2024-01-27 08:45:15-05:00,2024-01-27,https://www.inaturalist.org/observations/197702681,https://static.inaturalist.org/photos/348274674/medium.jpg,"North Atlantic Ocean, Boca Raton, FL, US",26.33543333,-80.0717695,United States,Not Juvenile
197708696.0,Sat Jan 27 2024 12:48:41 GMT -0500 (EST),2024-01-27,https://www.inaturalist.org/observations/197708696,https://inaturalist-open-data.s3.amazonaws.com/photos/348290401/medium.jpeg,Vero Beach,27.66947937,-80.36040497,United States,Juvenile
197713607.0,Sat Jan 27 2024 13:34:19 GMT-0500 (EST),2024-01-27,https://www.inaturalist.org/observations/197713607,https://static.inaturalist.org/photos/348296328/medium.jpg,"North Atlantic Ocean, Cocoa Beach, FL, US",28.36502,-80.60223333,United States,Not Juvenile
197725873.0,2024-01-27 16:00:27,2024-01-27,https://www.inaturalist.org/observations/197725873,https://inaturalist-open-data.s3.amazonaws.com/photos/348320085/medium.jpeg,"Sunny Isles Beach, FL 33160, USA",25.9292026,-80.1210972,United States,Not Juvenile
197749280.0,2024-01-27 10:56:14-05:00,2024-01-27,https://www.inaturalist.org/observations/197749280,https://inaturalist-open-data.s3.amazonaws.com/photos/348367041/medium.jpg,"Coco Plum Beach, Marathon, FL, US",24.7281606,-81.00413099000001,United States,Not Juvenile
197754262.0,2024-01-27 11:58:56-05:00,2024-01-27,https://www.inaturalist.org/observations/197754262,https://static.inaturalist.org/photos/348377263/medium.jpg,"South Beach, FL, US",25.78245333,-80.12781383000001,United States,Not Juvenile
197761631.0,2024-01-27 09:39:07-05:00,2024-01-27,https://www.inaturalist.org/observations/197761631,https://inaturalist-open-data.s3.amazonaws.com/photos/348392836/medium.jpg,"Bill Baggs Cape Florida State Park, Key Biscayne, FL, US",25.67577574,-80.16389244,United States,Not Juvenile
197778974.0,2024-01-27 23:07:00,2024-01-27,https://www.inaturalist.org/observations/197778974,https://inaturalist-open-data.s3.amazonaws.com/photos/348427051/medium.jpg,"Brevard County, FL, USA",27.93896185,-80.49133842,United States,Not Juvenile
197778975.0,2024-01-27 23:34:00,2024-01-27,https://www.inaturalist.org/observations/197778975,https://inaturalist-open-data.s3.amazonaws.com/photos/348427054/medium.jpg,"Brevard County, FL, USA",27.93565997,-80.48946219,United States,Not Juvenile
197797800.0,2024-01-23 15:36:00,2024-01-23,https://www.inaturalist.org/observations/197797800,https://inaturalist-open-data.s3.amazonaws.com/photos/348464934/medium.jpeg,"Boca Raton, FL, USA",26.32931944,-80.07283889,United States,Not Juvenile
197798985.0,2024-01-27 11:26:18-05:00,2024-01-27,https://www.inaturalist.org/observations/197798985,https://inaturalist-open-data.s3.amazonaws.com/photos/348467981/medium.jpg,"N Atlantic Blvd, Fort Lauderdale, FL, US",26.15788333,-80.09980833,United States,Not Juvenile
197851740.0,2023-12-13 15:16:44-05:00,2023-12-13,https://www.inaturalist.org/observations/197851740,https://static.inaturalist.org/photos/348575186/medium.jpg,"Jupiter Island, Jupiter Island, FL, US",26.97738101,-80.0821349,United States,Not Juvenile
197930491.0,2023-12-24 10:04:19-05:00,2023-12-24,https://www.inaturalist.org/observations/197930491,https://inaturalist-open-data.s3.amazonaws.com/photos/348736494/medium.jpg,"Sunset Ave, Palm Beach, FL, US",26.71942167,-80.033975,United States,Not Juvenile
197948510.0,2023-12-13 16:26:03-05:00,2023-12-13,https://www.inaturalist.org/observations/197948510,https://inaturalist-open-data.s3.amazonaws.com/photos/348775255/medium.jpg,"Ross Witham Beach, FL, US",27.20012167,-80.16561949999999,United States,Not Juvenile
198082160.0,2024-01-31 13:14:16-05:00,2024-01-31,https://www.inaturalist.org/observations/198082160,https://inaturalist-open-data.s3.amazonaws.com/photos/349042514/medium.jpg,"Rosenstiel School of Marine, Atmospheric, and Earth Science, FL, US",25.73168667,-80.16246667,United States,Not Juvenile
198093783.0,2024-01-24 14:13:32-05:00,2024-01-24,https://www.inaturalist.org/observations/198093783,https://static.inaturalist.org/photos/349064675/medium.jpg,"Noordelijke Atlantische Oceaan, North Palm Beach, FL, US",26.82101667,-80.03748333,United States,Not Juvenile
198217072.0,2024-01-25 10:22:50,2024-01-25,https://www.inaturalist.org/observations/198217072,https://inaturalist-open-data.s3.amazonaws.com/photos/349313412/medium.jpeg,"Cocoa Beach, FL 32931, USA",28.32997778,-80.60799167,United States,Not Juvenile
198262776.0,2024-01-15 08:18:52-05:00,2024-01-15,https://www.inaturalist.org/observations/198262776,https://static.inaturalist.org/photos/349404591/medium.jpg,"Bowen St, Atlantic Beach, NC, US",34.70381945,-76.742871,United States,Not Juvenile
198295204.0,2024-02-03 09:36:31-05:00,2024-02-03,https://www.inaturalist.org/observations/198295204,https://inaturalist-open-data.s3.amazonaws.com/photos/349468779/medium.jpg,"N Ocean Blvd, Boca Raton, FL, US",26.39001147,-80.06717005,United States,Not Juvenile
198393358.0,2024-01-24 13:43:57-05:00,2024-01-24,https://www.inaturalist.org/observations/198393358,https://static.inaturalist.org/photos/349667443/medium.jpg,"Jupiter Island, Jupiter Island, FL, US",26.978995,-80.08268617,United States,Not Juvenile
198394914.0,2024-02-04 09:28:13-05:00,2024-02-04,https://www.inaturalist.org/observations/198394914,https://inaturalist-open-data.s3.amazonaws.com/photos/349670850/medium.jpg,"Straits of Florida, FL, US",26.15619167,-80.09957783,United States,Not Juvenile
198399029.0,2024-02-04 10:04:57,2024-02-04,https://www.inaturalist.org/observations/198399029,https://inaturalist-open-data.s3.amazonaws.com/photos/349678470/medium.jpeg,"Riviera Beach, FL 33404, USA",26.781917999999997,-80.03139399999999,United States,Not Juvenile
198405430.0,2024-02-04 10:16:58,2024-02-04,https://www.inaturalist.org/observations/198405430,https://inaturalist-open-data.s3.amazonaws.com/photos/349691658/medium.jpeg,"Palm Beach Shores, FL 33404, USA",26.7770906,-80.0314161,United States,Not Juvenile
198405537.0,2024-02-04 10:20:46,2024-02-04,https://www.inaturalist.org/observations/198405537,https://inaturalist-open-data.s3.amazonaws.com/photos/349692014/medium.jpeg,"Palm Beach Shores, FL 33404, USA",26.7760017,-80.031342,United States,Not Juvenile
198406206.0,2024-02-04 10:44:45,2024-02-04,https://www.inaturalist.org/observations/198406206,https://inaturalist-open-data.s3.amazonaws.com/photos/349693162/medium.jpeg,"Palm Beach Shores, FL 33404, USA",26.777915,-80.03120899999999,United States,Juvenile
198406273.0,2024-02-04 10:45:58,2024-02-04,https://www.inaturalist.org/observations/198406273,https://inaturalist-open-data.s3.amazonaws.com/photos/349693362/medium.jpeg,"Palm Beach Shores, FL 33404, USA",26.77834297,-80.03122997,United States,Juvenile
198406327.0,2024-02-04 10:49:52,2024-02-04,https://www.inaturalist.org/observations/198406327,https://inaturalist-open-data.s3.amazonaws.com/photos/349693461/medium.jpeg,"Palm Beach Shores, FL 33404, USA",26.779460000000004,-80.03137597,United States,Not Juvenile
198525796.0,2024-02-04 14:08:37,2024-02-04,https://www.inaturalist.org/observations/198525796,https://static.inaturalist.org/photos/349929339/medium.jpeg,"Dania Beach, FL 33004, USA",26.05865833,-80.11149167,United States,Not Juvenile
198601607.0,2024-02-04 10:29:53-05:00,2024-02-04,https://www.inaturalist.org/observations/198601607,https://inaturalist-open-data.s3.amazonaws.com/photos/350077442/medium.jpg,"Straits of Florida, Hollywood, FL, US",26.0825195,-80.10948049999999,United States,Not Juvenile
198682058.0,2024-02-07 17:21:30-05:00,2024-02-07,https://www.inaturalist.org/observations/198682058,https://inaturalist-open-data.s3.amazonaws.com/photos/350237503/medium.jpg,"S County Rd, Palm Beach, FL, US",26.71413333,-80.0331805,United States,Not Juvenile
198694817.0,Mon Jun 26 2023 18:36:52 GMT -0400 (EDT),2023-06-26,https://www.inaturalist.org/observations/198694817,https://inaturalist-open-data.s3.amazonaws.com/photos/350262573/medium.jpeg,Pine Knoll Shores,34.69531631,-76.79937744,United States,Not Juvenile
198702409.0,2023-01-02 05:36:19-08:00,2023-01-02,https://www.inaturalist.org/observations/198702409,https://inaturalist-open-data.s3.amazonaws.com/photos/350278275/medium.jpg,"Delray Municipal Beach, Delray Beach, FL, US",26.4631957,-80.05716748,United States,Not Juvenile
198747376.0,2024-02-08 13:58:05-05:00,2024-02-08,https://www.inaturalist.org/observations/198747376,https://inaturalist-open-data.s3.amazonaws.com/photos/350361108/medium.jpg,"North Atlantic Ocean, FL, US",26.8968,-80.05750283,United States,Not Juvenile
198750357.0,2024-02-08 15:10:41-05:00,2024-02-08,https://www.inaturalist.org/observations/198750357,https://inaturalist-open-data.s3.amazonaws.com/photos/350368243/medium.jpg,United States,26.14255178,-80.04637761000001,United States,Not Juvenile
198750657.0,2024-02-08 15:13:28-05:00,2024-02-08,https://www.inaturalist.org/observations/198750657,https://inaturalist-open-data.s3.amazonaws.com/photos/350368117/medium.jpg,United States,26.01357728,-80.11654399,United States,Not Juvenile
198751343.0,2024-02-08 15:28:58-05:00,2024-02-08,https://www.inaturalist.org/observations/198751343,https://inaturalist-open-data.s3.amazonaws.com/photos/350368454/medium.jpg,"N Fort Lauderdale Beach Blvd, Fort Lauderdale, FL, US",26.12891117,-80.10303617,United States,Not Juvenile
198751486.0,2024-02-08 15:21:51-05:00,2024-02-08,https://www.inaturalist.org/observations/198751486,https://inaturalist-open-data.s3.amazonaws.com/photos/350370102/medium.jpg,United States,26.03761053,-80.16584847,United States,Not Juvenile
198818459.0,2024-02-09 11:57:26-05:00,2024-02-09,https://www.inaturalist.org/observations/198818459,https://inaturalist-open-data.s3.amazonaws.com/photos/350501403/medium.jpg,"Rosenstiel School of Marine, Atmospheric, and Earth Science, Key Biscayne, FL, US",25.731705,-80.16300283,United States,Not Juvenile
198828138.0,2024-02-09 12:02:26-05:00,2024-02-09,https://www.inaturalist.org/observations/198828138,https://inaturalist-open-data.s3.amazonaws.com/photos/350518982/medium.jpg,"Straits of Florida, FL, US",25.73178833,-80.16190283,United States,Not Juvenile
198836072.0,2024-02-09 16:15:04-05:00,2024-02-09,https://www.inaturalist.org/observations/198836072,https://static.inaturalist.org/photos/350535136/medium.jpg,"Briny Ave, Pompano Beach, FL, US",26.22594676,-80.08910384,United States,Not Juvenile
198900080.0,Sat Feb 10 2024 10:14:29 GMT -0500 (EST),2024-02-10,https://www.inaturalist.org/observations/198900080,https://inaturalist-open-data.s3.amazonaws.com/photos/353827514/medium.jpeg,Broward County,26.16954041,-80.09760284000001,United States,Not Juvenile
198902213.0,2024-02-10 10:41:18-05:00,2024-02-10,https://www.inaturalist.org/observations/198902213,https://inaturalist-open-data.s3.amazonaws.com/photos/350663567/medium.jpg,"Straits of Florida, Hollywood, FL, US",26.0878195,-80.10917783000001,United States,Not Juvenile
198902745.0,2024-02-10 10:51:35,2024-02-10,https://www.inaturalist.org/observations/198902745,https://inaturalist-open-data.s3.amazonaws.com/photos/350664608/medium.jpeg,"A1A & NE 14 Ct, Fort Lauderdale, FL 33304, USA",26.14555655,-80.10150434,United States,Not Juvenile
198902826.0,2024-02-10 10:50:42-05:00,2024-02-10,https://www.inaturalist.org/observations/198902826,https://inaturalist-open-data.s3.amazonaws.com/photos/350664754/medium.jpg,"Straits of Florida, Hollywood, FL, US",26.0880195,-80.10914717,United States,Not Juvenile
198902951.0,2024-02-10 10:53:43-05:00,2024-02-10,https://www.inaturalist.org/observations/198902951,https://inaturalist-open-data.s3.amazonaws.com/photos/350664984/medium.jpg,"Straits of Florida, Hollywood, FL, US",26.08818884,-80.10916117000001,United States,Not Juvenile
198922985.0,2024-02-10 14:41:45-05:00,2024-02-10,https://www.inaturalist.org/observations/198922985,https://inaturalist-open-data.s3.amazonaws.com/photos/350704020/medium.jpg,"Indian Beach Park, Miami Beach, FL, US",25.82006204,-80.11994001000001,United States,Not Juvenile
198933975.0,2024-02-10 13:08:00,2024-02-10,https://www.inaturalist.org/observations/198933975,https://static.inaturalist.org/photos/350724961/medium.jpg,"Palm Beach County, FL, USA",26.44365014,-80.0597868,United States,Not Juvenile
198939001.0,2024-02-10 17:28:12-05:00,2024-02-10,https://www.inaturalist.org/observations/198939001,https://inaturalist-open-data.s3.amazonaws.com/photos/350872553/medium.jpg,"Key Biscayne, Key Biscayne, FL, US",25.70527516,-80.15287375,United States,Not Juvenile
198945841.0,2024-02-10 17:07:03-05:00,2024-02-10,https://www.inaturalist.org/observations/198945841,https://inaturalist-open-data.s3.amazonaws.com/photos/350747230/medium.jpg,"Straits of Florida, FL, US",26.31757753,-80.07480899000001,United States,Not Juvenile
199010693.0,2024-02-09 14:44:38-05:00,2024-02-09,https://www.inaturalist.org/observations/199010693,https://inaturalist-open-data.s3.amazonaws.com/photos/350877283/medium.jpg,"North Atlantic Ocean, Delray Beach, FL, US",26.466375,-80.0565555,United States,Not Juvenile
199020083.0,2024-02-10 09:14:35-05:00,2024-02-10,https://www.inaturalist.org/observations/199020083,https://static.inaturalist.org/photos/350895265/medium.jpg,"N Ocean Blvd, FL, US",26.15224167,-80.10038883,United States,Not Juvenile
199020158.0,2024-02-10 10:13:02-05:00,2024-02-10,https://www.inaturalist.org/observations/199020158,https://static.inaturalist.org/photos/350895367/medium.jpg,"N Ocean Dr, FL, US",26.1687,-80.09770833,United States,Not Juvenile
199027448.0,2024-02-10 19:27:00,2024-02-10,https://www.inaturalist.org/observations/199027448,https://inaturalist-open-data.s3.amazonaws.com/photos/350901045/medium.jpg,"Miami Beach, FL, USA",25.86081461,-80.11896661,United States,Not Juvenile
199041733.0,2024-02-11 16:15:00,2024-02-11,https://www.inaturalist.org/observations/199041733,https://inaturalist-open-data.s3.amazonaws.com/photos/350936605/medium.jpg,"Key Largo, FL 33037, USA",25.0926205,-80.44204,United States,Not Juvenile
199053267.0,2024-02-11 11:37:51-05:00,2024-02-11,https://www.inaturalist.org/observations/199053267,https://static.inaturalist.org/photos/350960778/medium.jpg,"Rickenbacker Cswy, Miami, FL, US",25.746356,-80.19961733,United States,Not Juvenile
199121024.0,2024-02-04 16:05:20-05:00,2024-02-04,https://www.inaturalist.org/observations/199121024,https://static.inaturalist.org/photos/353051044/medium.jpg,"Key Biscayne, Key Biscayne, FL, US",25.69909167,-80.15717333,United States,Not Juvenile
199165992.0,2024-02-12 18:12:00,2024-02-12,https://www.inaturalist.org/observations/199165992,https://inaturalist-open-data.s3.amazonaws.com/photos/351186847/medium.jpg,"Miami Beach, FL, USA",25.77680134,-80.12898343,United States,Not Juvenile
199232335.0,2024-02-13 17:16:17-05:00,2024-02-13,https://www.inaturalist.org/observations/199232335,https://inaturalist-open-data.s3.amazonaws.com/photos/351318231/medium.jpg,"Rickenbacker Cswy, Miami, FL, US",25.74667,-80.20082833000001,United States,Not Juvenile
199336722.0,2024-02-09 12:34:07,2024-02-09,https://www.inaturalist.org/observations/199336722,https://static.inaturalist.org/photos/351523616/medium.jpeg,"Hollywood Beach, Hollywood, FL 33019, EE. UU.",26.01484722,-80.11554444000001,United States,Not Juvenile
199361696.0,2024-01-10 00:00:00,2024-01-10,https://www.inaturalist.org/observations/199361696,https://inaturalist-open-data.s3.amazonaws.com/photos/351571149/medium.jpeg,"Key Biscayne, Florida 33149, EE. UU.",25.68947478,-80.15706841000001,United States,Not Juvenile
199367425.0,2024-02-15 10:04:59-05:00,2024-02-15,https://www.inaturalist.org/observations/199367425,https://inaturalist-open-data.s3.amazonaws.com/photos/351582155/medium.jpg,"South Beach, FL, US",25.79076667,-80.12667217,United States,Not Juvenile
199375727.0,2024-02-15 12:22:59,2024-02-15,https://www.inaturalist.org/observations/199375727,https://inaturalist-open-data.s3.amazonaws.com/photos/351598252/medium.jpeg,"Barrier Island, Fort Lauderdale, FL, USA",26.16259977,-80.09848956,United States,Not Juvenile
199376146.0,2024-02-08 10:14:44-05:00,2024-02-08,https://www.inaturalist.org/observations/199376146,https://static.inaturalist.org/photos/351598967/medium.jpg,"Straits of Florida, FL, US",25.73312833,-80.1449805,United States,Not Juvenile
199407541.0,2024-02-10 08:24:54,2024-02-10,https://www.inaturalist.org/observations/199407541,https://static.inaturalist.org/photos/351654535/medium.jpeg,"Miami-Dade County, US-FL, US",25.6157948,-80.3057244,United States,Not Juvenile
199423183.0,2024-02-11 10:10:16-05:00,2024-02-11,https://www.inaturalist.org/observations/199423183,https://inaturalist-open-data.s3.amazonaws.com/photos/351685756/medium.jpg,"Singer Island, Jupiter, FL, US",26.91344167,-80.0633,United States,Juvenile
199461403.0,2024-02-16 09:49:38-05:00,2024-02-16,https://www.inaturalist.org/observations/199461403,https://static.inaturalist.org/photos/351760113/medium.jpg,"Straits of Florida, FL, US",25.82347798,-80.11991954,United States,Not Juvenile
199471617.0,2024-02-16 11:57:57,2024-02-16,https://www.inaturalist.org/observations/199471617,https://inaturalist-open-data.s3.amazonaws.com/photos/351778677/medium.jpeg,"Lauderdale Beach, Fort Lauderdale, FL, USA",26.1579669,-80.10050609999999,United States,Not Juvenile
199485978.0,2024-02-16 13:49:00-05:00,2024-02-16,https://www.inaturalist.org/observations/199485978,https://inaturalist-open-data.s3.amazonaws.com/photos/351806832/medium.jpg,"R. G. Kreusler Park, Palm Beach, FL, US",26.616505,-80.03651383,United States,Not Juvenile
199487057.0,2024-02-16 14:54:12-05:00,2024-02-16,https://www.inaturalist.org/observations/199487057,https://static.inaturalist.org/photos/351808781/medium.jpg,"NW 12th Ave, Pompano Beach, FL, US",26.2518215,-80.1384465,United States,Not Juvenile
199502987.0,2024-02-16 16:22:44-05:00,2024-02-16,https://www.inaturalist.org/observations/199502987,https://inaturalist-open-data.s3.amazonaws.com/photos/351836900/medium.jpg,United States,25.72442916,-80.12013589,United States,Not Juvenile
199523355.0,2024-02-16 16:49:00-05:00,2024-02-16,https://www.inaturalist.org/observations/199523355,https://inaturalist-open-data.s3.amazonaws.com/photos/351875947/medium.jpg,"Singer Island, Jupiter, FL, US",26.909250000000004,-80.06184449999999,United States,Not Juvenile
199524022.0,2024-01-21 15:05:01-05:00,2024-01-21,https://www.inaturalist.org/observations/199524022,https://inaturalist-open-data.s3.amazonaws.com/photos/351877319/medium.jpg,"South Beach, Miami Beach, FL, US",25.79091333,-80.12673883000001,United States,Not Juvenile
199534410.0,2024-02-16 16:46:14-05:00,2024-02-16,https://www.inaturalist.org/observations/199534410,https://inaturalist-open-data.s3.amazonaws.com/photos/351898944/medium.jpg,"Straits of Florida, Sunny Isles Beach, FL, US",25.94086333,-80.11856949999999,United States,Not Juvenile
199569035.0,2024-02-17 09:14:56,2024-02-17,https://www.inaturalist.org/observations/199569035,https://static.inaturalist.org/photos/351963296/medium.jpeg,"Dania Beach, FL 33004, USA",26.089383,-80.10898399999999,United States,Not Juvenile
199576980.0,2024-02-17 12:16:56-05:00,2024-02-17,https://www.inaturalist.org/observations/199576980,https://inaturalist-open-data.s3.amazonaws.com/photos/351978411/medium.jpg,"Oleta River State Park, North Miami, FL, US",25.90977833,-80.12966949999999,United States,Not Juvenile
199577868.0,2024-02-17 12:26:29-05:00,2024-02-17,https://www.inaturalist.org/observations/199577868,https://inaturalist-open-data.s3.amazonaws.com/photos/351980045/medium.jpg,"Oleta River State Park, North Miami, FL, US",25.90972167,-80.12968333,United States,Not Juvenile
199579673.0,2024-02-17 12:44:35-05:00,2024-02-17,https://www.inaturalist.org/observations/199579673,https://inaturalist-open-data.s3.amazonaws.com/photos/351983408/medium.jpg,"Oleta River State Park, North Miami, FL, US",25.9079,-80.12981383,United States,Not Juvenile
199579727.0,2024-02-17 12:44:43-05:00,2024-02-17,https://www.inaturalist.org/observations/199579727,https://inaturalist-open-data.s3.amazonaws.com/photos/351983520/medium.jpg,"Oleta River State Park, North Miami, FL, US",25.90786667,-80.12982217,United States,Not Juvenile
199579812.0,2024-02-17 12:30:40-05:00,2024-02-17,https://www.inaturalist.org/observations/199579812,https://static.inaturalist.org/photos/351983717/medium.jpg,"Straits of Florida, Hollywood, FL, US",26.020525,-80.11457783,United States,Not Juvenile
199580017.0,2024-02-17 12:47:40-05:00,2024-02-17,https://www.inaturalist.org/observations/199580017,https://inaturalist-open-data.s3.amazonaws.com/photos/351984116/medium.jpg,"Oleta River State Park, North Miami, FL, US",25.90725833,-80.12990549999999,United States,Not Juvenile
199580750.0,2024-02-17 12:54:39-05:00,2024-02-17,https://www.inaturalist.org/observations/199580750,https://inaturalist-open-data.s3.amazonaws.com/photos/351985479/medium.jpg,"Oleta River State Park, North Miami, FL, US",25.90656167,-80.13027217,United States,Not Juvenile
199580830.0,2024-02-17 12:55:59-05:00,2024-02-17,https://www.inaturalist.org/observations/199580830,https://inaturalist-open-data.s3.amazonaws.com/photos/351985719/medium.jpg,"Oleta River State Park, North Miami, FL, US",25.90646895,-80.13032303,United States,Not Juvenile
199581205.0,2024-02-17 12:58:22-05:00,2024-02-17,https://www.inaturalist.org/observations/199581205,https://inaturalist-open-data.s3.amazonaws.com/photos/351986124/medium.jpg,"Oleta River State Park, North Miami, FL, US",25.90611841,-80.13059051,United States,Not Juvenile
199593228.0,2024-02-17 12:49:40-05:00,2024-02-17,https://www.inaturalist.org/observations/199593228,https://inaturalist-open-data.s3.amazonaws.com/photos/352009279/medium.jpg,"North Atlantic Ocean, North Palm Beach, FL, US",26.81951333,-80.0370945,United States,Not Juvenile
199602728.0,2024-02-17 16:25:47-05:00,2024-02-17,https://www.inaturalist.org/observations/199602728,https://inaturalist-open-data.s3.amazonaws.com/photos/352092776/medium.jpg,"Royal Palm Island, Hollywood, FL, US",26.07537486,-80.10998177,United States,Not Juvenile
199640302.0,2024-02-17 15:16:00,2024-02-17,https://www.inaturalist.org/observations/199640302,https://inaturalist-open-data.s3.amazonaws.com/photos/352101198/medium.jpeg,"Miami Beach, FL, USA",25.86281419,-80.11884205,United States,Not Juvenile
199660380.0,2024-02-15 07:57:09,2024-02-15,https://www.inaturalist.org/observations/199660380,https://inaturalist-open-data.s3.amazonaws.com/photos/352141706/medium.jpeg,"Hollywood Beach, Hollywood, FL 33019, √âtats-Unis",26.01733251,-80.11478975,United States,Not Juvenile
199673725.0,2024-02-16 17:50:38,2024-02-16,https://www.inaturalist.org/observations/199673725,https://inaturalist-open-data.s3.amazonaws.com/photos/352166824/medium.jpeg,"Monroe County, FL, USA",25.019074999999997,-80.49890556,United States,Not Juvenile
199683537.0,2024-02-18 10:19:17,2024-02-18,https://www.inaturalist.org/observations/199683537,https://static.inaturalist.org/photos/352185759/medium.jpeg,Marathon,24.72599659,-81.04462612,United States,Not Juvenile
199763718.0,2024-02-17 08:43:00,2024-02-17,https://www.inaturalist.org/observations/199763718,https://static.inaturalist.org/photos/352337893/medium.jpeg,"Palm Beach, FL, USA",26.72462266,-80.03486892000001,United States,Not Juvenile
199782943.0,2024-02-18 16:00:52-05:00,2024-02-18,https://www.inaturalist.org/observations/199782943,https://inaturalist-open-data.s3.amazonaws.com/photos/352379376/medium.jpg,"N Fort Lauderdale Beach Blvd, Fort Lauderdale, FL, US",26.14263333,-80.10189717,United States,Not Juvenile
199841504.0,2024-02-19 10:36:46-05:00,2024-02-19,https://www.inaturalist.org/observations/199841504,https://inaturalist-open-data.s3.amazonaws.com/photos/352478572/medium.jpg,"Lower Matecumbe Key, Islamorada, FL, US",24.845722199999997,-80.74602557,United States,Not Juvenile
199942114.0,2024-02-20 17:07:56-05:00,2024-02-20,https://www.inaturalist.org/observations/199942114,https://inaturalist-open-data.s3.amazonaws.com/photos/352668109/medium.jpg,"Hutchinson Island, FL, US",27.20662167,-80.16926667,United States,Not Juvenile
200082468.0,2024-02-22 07:19:41-05:00,2024-02-22,https://www.inaturalist.org/observations/200082468,https://inaturalist-open-data.s3.amazonaws.com/photos/352943123/medium.jpg,"N Ocean Blvd, Boca Raton, FL, US",26.39031854,-80.0661655,United States,Not Juvenile
200158811.0,2024-02-08 19:34:00,2024-02-08,https://www.inaturalist.org/observations/200158811,https://static.inaturalist.org/photos/353089354/medium.jpeg,"Broward, Florida, United States",26.19141111,-80.09448889000001,United States,Not Juvenile
200607953.0,2024-02-27 06:32:51,2024-02-27,https://www.inaturalist.org/observations/200607953,https://inaturalist-open-data.s3.amazonaws.com/photos/353969235/medium.jpeg,"Hollywood Beach, Hollywood, FL 33019, USA",26.007900000000003,-80.11518611,United States,Not Juvenile
200627296.0,2021-04-14 09:58:00,2021-04-14,https://www.inaturalist.org/observations/200627296,https://inaturalist-open-data.s3.amazonaws.com/photos/354005034/medium.jpeg,"Broward County, FL, USA",26.31418056,-80.075225,United States,Not Juvenile
200639062.0,2024-02-27 13:23:16,2024-02-27,https://www.inaturalist.org/observations/200639062,https://inaturalist-open-data.s3.amazonaws.com/photos/354027393/medium.jpeg,"Golden Beach, FL 33160, USA",25.92099612,-80.12096567,United States,Not Juvenile
200641133.0,2024-02-27 13:46:40-05:00,2024-02-27,https://www.inaturalist.org/observations/200641133,https://static.inaturalist.org/photos/369843115/medium.jpg,"South Beach, Miami Beach, FL, US",25.790505,-80.12673883000001,United States,Not Juvenile
200657399.0,2024-02-27 16:34:04-05:00,2024-02-27,https://www.inaturalist.org/observations/200657399,https://inaturalist-open-data.s3.amazonaws.com/photos/354062678/medium.jpg,"Straits of Florida, Key Biscayne, FL, US",25.699925,-80.1550055,United States,Not Juvenile
200711840.0,2024-02-28 07:04:24-05:00,2024-02-28,https://www.inaturalist.org/observations/200711840,https://static.inaturalist.org/photos/354171054/medium.jpg,"North Atlantic Ocean, Delray Beach, FL, US",26.45801167,-80.0579,United States,Not Juvenile
200720777.0,2024-02-28 09:33:36-05:00,2024-02-28,https://www.inaturalist.org/observations/200720777,https://inaturalist-open-data.s3.amazonaws.com/photos/354186957/medium.jpg,"N Ocean Blvd, Delray Beach, FL, US",26.46675751,-80.05653033,United States,Not Juvenile
200737110.0,2024-02-28 12:44:55-05:00,2024-02-28,https://www.inaturalist.org/observations/200737110,https://inaturalist-open-data.s3.amazonaws.com/photos/354216705/medium.jpg,"Straits of Florida, Hollywood, FL, US",26.01263888,-80.1150445,United States,Not Juvenile
200740202.0,2024-02-22 12:04:19-05:00,2024-02-22,https://www.inaturalist.org/observations/200740202,https://static.inaturalist.org/photos/354222582/medium.jpg,"Palm Beach, FL, US",26.71650833,-80.03337217,United States,Not Juvenile
200746953.0,2024-02-28 14:34:22-05:00,2024-02-28,https://www.inaturalist.org/observations/200746953,https://inaturalist-open-data.s3.amazonaws.com/photos/354235454/medium.jpg,"Straits of Florida, FL, US",25.73181333,-80.16183333000001,United States,Not Juvenile
200747585.0,2024-02-28 14:50:39-05:00,2024-02-28,https://www.inaturalist.org/observations/200747585,https://inaturalist-open-data.s3.amazonaws.com/photos/354453231/medium.jpg,"Rosenstiel School of Marine, Atmospheric, and Earth Science, FL, US",25.73209376,-80.16114453,United States,Not Juvenile
200751412.0,2024-02-28 15:29:13-05:00,2024-02-28,https://www.inaturalist.org/observations/200751412,https://inaturalist-open-data.s3.amazonaws.com/photos/354244423/medium.jpg,"South Beach, Miami Beach, FL, US",25.79142,-80.12662499999999,United States,Not Juvenile
200756743.0,2024-02-28 16:25:25-05:00,2024-02-28,https://www.inaturalist.org/observations/200756743,https://inaturalist-open-data.s3.amazonaws.com/photos/358978045/medium.jpg,"Ocean Terr, Miami Beach, FL, US",25.85931236,-80.12001636000001,United States,Not Juvenile
200764981.0,2024-02-28 15:33:00-05:00,2024-02-28,https://www.inaturalist.org/observations/200764981,https://inaturalist-open-data.s3.amazonaws.com/photos/354272697/medium.jpg,"South Beach, Miami Beach, FL, US",25.79142167,-80.12664167,United States,Not Juvenile
200765182.0,2024-02-28 17:55:31-05:00,2024-02-28,https://www.inaturalist.org/observations/200765182,https://inaturalist-open-data.s3.amazonaws.com/photos/354271355/medium.jpg,"Biscayne Bay, Miami, FL, US",25.74582167,-80.17800833,United States,Not Juvenile
200787423.0,2024-02-11 00:00:00,2024-02-11,https://www.inaturalist.org/observations/200787423,https://inaturalist-open-data.s3.amazonaws.com/photos/354316651/medium.jpeg,"Carolina Beach, NC 28428, USA",34.038962999999995,-77.88891669,United States,Not Juvenile
200806514.0,2024-02-29 06:37:49-05:00,2024-02-29,https://www.inaturalist.org/observations/200806514,https://static.inaturalist.org/photos/354354401/medium.jpg,"Straits of Florida, FL, US",26.31572,-80.0749805,United States,Not Juvenile
200814025.0,2024-02-29 08:29:44-05:00,2024-02-29,https://www.inaturalist.org/observations/200814025,https://inaturalist-open-data.s3.amazonaws.com/photos/354370882/medium.jpg,"Key Biscayne, FL, US",25.68108,-80.15485283,United States,Not Juvenile
200815415.0,2024-02-29 08:26:29-05:00,2024-02-29,https://www.inaturalist.org/observations/200815415,https://inaturalist-open-data.s3.amazonaws.com/photos/354370755/medium.jpg,"Key Biscayne, FL, US",25.687427,-80.15643899999999,United States,Not Juvenile
200854727.0,2024-02-29 17:17:03-05:00,2024-02-29,https://www.inaturalist.org/observations/200854727,https://static.inaturalist.org/photos/354454563/medium.jpg,"Rosenstiel School of Marine, Atmospheric, and Earth Science, Key Biscayne, FL, US",25.73169526,-80.16283288,United States,Not Juvenile
200855928.0,2024-02-29 17:36:12,2024-02-29,https://www.inaturalist.org/observations/200855928,https://inaturalist-open-data.s3.amazonaws.com/photos/354456225/medium.jpeg,"Henry L Dougherty Marine Science Building, Key Biscayne, FL 33149, USA",25.73152615,-80.163502,United States,Uncertain
200878841.0,2024-02-29 17:27:40-05:00,2024-02-29,https://www.inaturalist.org/observations/200878841,https://inaturalist-open-data.s3.amazonaws.com/photos/354496052/medium.jpg,"Curry Hammock State Park, Marathon, FL, US",24.740150000000003,-80.98149167,United States,Not Juvenile
200888249.0,2024-02-29 18:28:32-05:00,2024-02-29,https://www.inaturalist.org/observations/200888249,https://static.inaturalist.org/photos/354515231/medium.jpg,"Straits of Florida, Hollywood, FL, US",25.99541333,-80.11633333,United States,Not Juvenile
200897795.0,2024-02-29 18:24:13-05:00,2024-02-29,https://www.inaturalist.org/observations/200897795,https://inaturalist-open-data.s3.amazonaws.com/photos/354534142/medium.jpg,"Straits of Florida, FL, US",25.81142622,-80.12117334,United States,Not Juvenile
200904106.0,Fri Mar 01 2024 08:40:33 GMT -0500 (EST),2024-03-01,https://www.inaturalist.org/observations/200904106,https://inaturalist-open-data.s3.amazonaws.com/photos/354546645/medium.jpeg,Fort Lauderdale,26.12878418,-80.10308075,United States,Not Juvenile
200904662.0,Fri Mar 01 2024 08:49:56 GMT -0500 (EST),2024-03-01,https://www.inaturalist.org/observations/200904662,https://static.inaturalist.org/photos/354548519/medium.jpeg,Surfside,25.88356018,-80.12064362,United States,Not Juvenile
200908998.0,2021-12-10 17:37:46-05:00,2021-12-10,https://www.inaturalist.org/observations/200908998,https://inaturalist-open-data.s3.amazonaws.com/photos/354556022/medium.jpg,"Straits of Florida, FL, US",25.73163333,-80.16210833,United States,Not Juvenile
200925759.0,2024-03-01 13:12:20-05:00,2024-03-01,https://www.inaturalist.org/observations/200925759,https://inaturalist-open-data.s3.amazonaws.com/photos/354587606/medium.jpg,"E Coast Greenway-Dade Corridor, Miami Beach, FL, US",25.79107394,-80.1267996,United States,Not Juvenile
200930075.0,2024-03-01 13:25:14-05:00,2024-03-01,https://www.inaturalist.org/observations/200930075,https://inaturalist-open-data.s3.amazonaws.com/photos/354596576/medium.jpg,"Haulover Beach, FL, US",25.92055,-80.12104717,United States,Not Juvenile
200938130.0,2024-03-01 14:07:46-05:00,2024-03-01,https://www.inaturalist.org/observations/200938130,https://inaturalist-open-data.s3.amazonaws.com/photos/354612271/medium.jpg,"Rosenstiel School of Marine, Atmospheric, and Earth Science, FL, US",25.73167167,-80.1627805,United States,Not Juvenile
200948363.0,2024-03-01 17:09:48-05:00,2024-03-01,https://www.inaturalist.org/observations/200948363,https://inaturalist-open-data.s3.amazonaws.com/photos/354632657/medium.jpg,"Bathtub Reef Beach, Stuart, FL, US",27.18691333,-80.16040833,United States,Not Juvenile
200950432.0,2024-03-01 18:10:41-05:00,2024-03-01,https://www.inaturalist.org/observations/200950432,https://inaturalist-open-data.s3.amazonaws.com/photos/354636545/medium.jpg,"Straits of Florida, Hollywood, FL, US",25.99425999,-80.11651894,United States,Not Juvenile
200993761.0,2024-03-01 12:19:07,2024-03-01,https://www.inaturalist.org/observations/200993761,https://static.inaturalist.org/photos/354724588/medium.jpeg,"Monroe County, US-FL, US",25.0245522,-80.49413659,United States,Not Juvenile
200996888.0,2024-03-01 13:01:44,2024-03-01,https://www.inaturalist.org/observations/200996888,https://inaturalist-open-data.s3.amazonaws.com/photos/354730815/medium.jpeg,"Jupiter, Florida 33477, EE. UU.",26.907223499999997,-80.0611478,United States,Not Juvenile
201013552.0,2024-03-02 10:19:10-05:00,2024-03-02,https://www.inaturalist.org/observations/201013552,https://static.inaturalist.org/photos/354761044/medium.jpg,"Straits of Florida, Surfside, FL, US",25.88022,-80.12020833,United States,Juvenile
201023131.0,2024-03-01 20:29:05-05:00,2024-03-01,https://www.inaturalist.org/observations/201023131,https://static.inaturalist.org/photos/354780698/medium.jpg,"Straits of Florida, Bal Harbour, FL, US",25.88803333,-80.12093333,United States,Not Juvenile
201082626.0,2024-01-25 09:56:40-05:00,2024-01-25,https://www.inaturalist.org/observations/201082626,https://inaturalist-open-data.s3.amazonaws.com/photos/354898200/medium.jpg,"North Atlantic Ocean, FL, US",26.8961,-80.05710549999999,United States,Not Juvenile
201083021.0,2023-12-22 13:02:52-05:00,2023-12-22,https://www.inaturalist.org/observations/201083021,https://inaturalist-open-data.s3.amazonaws.com/photos/354898860/medium.jpg,"South Beach, Miami Beach, FL, US",25.79044167,-80.12674717,United States,Not Juvenile
201092151.0,2024-03-02 18:35:21-05:00,2024-03-02,https://www.inaturalist.org/observations/201092151,https://static.inaturalist.org/photos/354917931/medium.jpg,"Straits of Florida, Hollywood, FL, US",25.995945,-80.11630283,United States,Not Juvenile
201117129.0,2024-03-02 13:22:59,2024-03-02,https://www.inaturalist.org/observations/201117129,https://static.inaturalist.org/photos/354965945/medium.jpeg,"Hollywood South Central Beach, Hollywood, FL, USA",25.99554167,-80.11708056,United States,Not Juvenile
201127708.0,2024-03-01 17:22:19-05:00,2024-03-01,https://www.inaturalist.org/observations/201127708,https://static.inaturalist.org/photos/354985542/medium.jpg,"FL, US",26.245870000000004,-80.08538883,United States,Not Juvenile
201134467.0,2024-03-03 10:42:30,2024-03-03,https://www.inaturalist.org/observations/201134467,https://inaturalist-open-data.s3.amazonaws.com/photos/354998414/medium.jpeg,"Barrier Island, Fort Lauderdale, FL, USA",26.1631935,-80.09824569999999,United States,Not Juvenile
201143771.0,Sun Mar 03 2024 12:00:11 GMT -0500 (EST),2024-03-03,https://www.inaturalist.org/observations/201143771,https://inaturalist-open-data.s3.amazonaws.com/photos/355016454/medium.jpeg,Fort Lauderdale,26.16575623,-80.09845734,United States,Not Juvenile
201150239.0,2024-03-03 12:45:26-05:00,2024-03-03,https://www.inaturalist.org/observations/201150239,https://inaturalist-open-data.s3.amazonaws.com/photos/355032071/medium.jpg,"Straits of Florida, Fort Lauderdale, FL, US",26.11372217,-80.10400283,United States,Not Juvenile
201151769.0,Sun Mar 03 2024 12:58:34 GMT -0500 (EST),2024-03-03,https://www.inaturalist.org/observations/201151769,https://inaturalist-open-data.s3.amazonaws.com/photos/356110841/medium.jpeg,Dania Beach,26.05702209,-80.11178589000001,United States,Not Juvenile
201183978.0,2024-03-03 17:06:26-05:00,2024-03-03,https://www.inaturalist.org/observations/201183978,https://inaturalist-open-data.s3.amazonaws.com/photos/355092829/medium.jpg,"Singer Island, Juno Beach, FL, US",26.88413958,-80.05373958,United States,Not Juvenile
201223717.0,2023-07-05 10:18:44-04:00,2023-07-05,https://www.inaturalist.org/observations/201223717,https://inaturalist-open-data.s3.amazonaws.com/photos/355174902/medium.jpg,"Long Island, Southampton, NY, US",40.88055384,-72.36432072,United States,Not Juvenile
201253894.0,2024-03-03 22:05:24-05:00,2024-03-03,https://www.inaturalist.org/observations/201253894,https://inaturalist-open-data.s3.amazonaws.com/photos/355233937/medium.jpg,"Delray Municipal Beach, Delray Beach, FL, US",26.45752515,-80.05827203,United States,Not Juvenile
201262161.0,2024-03-04 09:12:37,2024-03-04,https://www.inaturalist.org/observations/201262161,https://static.inaturalist.org/photos/355250009/medium.jpeg,"Hollywood, FL, USA",26.07335937,-80.11113759,United States,Not Juvenile
201279909.0,2024-03-04 13:07:17-05:00,2024-03-04,https://www.inaturalist.org/observations/201279909,https://inaturalist-open-data.s3.amazonaws.com/photos/355282747/medium.jpg,"S Ocean Blvd, Lake Worth Beach, FL, US",26.61396674,-80.03671199,United States,Not Juvenile
201339379.0,2024-03-04 12:25:01,2024-03-04,https://www.inaturalist.org/observations/201339379,https://inaturalist-open-data.s3.amazonaws.com/photos/355401173/medium.jpeg,"Key Biscayne, FL 33149, USA",25.6755213,-80.15906766,United States,Not Juvenile
201364032.0,2024-03-04 13:31:22-05:00,2024-03-04,https://www.inaturalist.org/observations/201364032,https://inaturalist-open-data.s3.amazonaws.com/photos/355447575/medium.jpg,"Hollywood Beach, Hollywood, FL, US",26.01648812,-80.1148793,United States,Not Juvenile
201408011.0,Tue Mar 05 2024 16:30:13 GMT -0500 (EST),2024-03-05,https://www.inaturalist.org/observations/201408011,https://inaturalist-open-data.s3.amazonaws.com/photos/355561444/medium.jpeg,Melbourne Beach,27.9349823,-80.48943329000001,United States,Not Juvenile
201540259.0,2023-12-16 08:23:00,2023-12-16,https://www.inaturalist.org/observations/201540259,https://inaturalist-open-data.s3.amazonaws.com/photos/355782533/medium.jpeg,"Canaveral National Seashore, Brevard, Florida, United States",28.66142778,-80.63601111,United States,Not Juvenile
201540260.0,2023-12-16 08:24:00,2023-12-16,https://www.inaturalist.org/observations/201540260,https://inaturalist-open-data.s3.amazonaws.com/photos/355782540/medium.jpeg,"Canaveral National Seashore, Brevard, Florida, United States",28.6614,-80.63602499999999,United States,Not Juvenile
201540261.0,2023-12-16 08:27:00,2023-12-16,https://www.inaturalist.org/observations/201540261,https://inaturalist-open-data.s3.amazonaws.com/photos/355782546/medium.jpeg,"Canaveral National Seashore, Brevard, Florida, United States",28.66131111,-80.63597778,United States,Not Juvenile
201635726.0,2023-12-27 14:46:51-05:00,2023-12-27,https://www.inaturalist.org/observations/201635726,https://inaturalist-open-data.s3.amazonaws.com/photos/355968923/medium.jpg,"Ashe Island, North Topsail Beach, NC, US",34.46600833,-77.473525,United States,Not Juvenile
201727015.0,2024-03-08 16:59:51-05:00,2024-03-08,https://www.inaturalist.org/observations/201727015,https://static.inaturalist.org/photos/356143530/medium.jpg,"N Fort Lauderdale Beach Blvd, FL, US",26.14277217,-80.10182217,United States,Not Juvenile
201744151.0,2018-01-11 13:15:02-05:00,2018-01-11,https://www.inaturalist.org/observations/201744151,https://inaturalist-open-data.s3.amazonaws.com/photos/356176858/medium.jpg,"Straits of Florida, FL, US",26.1659753,-80.09731117,United States,Not Juvenile
201779935.0,2024-03-09 07:00:51,2024-03-09,https://www.inaturalist.org/observations/201779935,https://static.inaturalist.org/photos/356249225/medium.jpeg,Juno Beach,26.8798209,-80.05337421,United States,Not Juvenile
201908411.0,2024-03-10 07:35:59-04:00,2024-03-10,https://www.inaturalist.org/observations/201908411,https://static.inaturalist.org/photos/356510619/medium.jpg,"Coco Plum Beach, Marathon, FL, US",24.72986167,-81.00099167,United States,Not Juvenile
201944783.0,2024-01-21 11:40:07-05:00,2024-01-21,https://www.inaturalist.org/observations/201944783,https://inaturalist-open-data.s3.amazonaws.com/photos/356761821/medium.jpg,"Jupiter Beach Resort & Spa, Jupiter, FL, US",26.93236965,-80.06831201,United States,Not Juvenile
202190983.0,2024-03-12 15:14:20-04:00,2024-03-12,https://www.inaturalist.org/observations/202190983,https://inaturalist-open-data.s3.amazonaws.com/photos/357049261/medium.jpg,"Delray Municipal Beach, Delray Beach, FL, US",26.45967074,-80.05789214,United States,Not Juvenile
202191825.0,2024-03-12 15:31:49-04:00,2024-03-12,https://www.inaturalist.org/observations/202191825,https://inaturalist-open-data.s3.amazonaws.com/photos/357051181/medium.jpg,"S Ocean Blvd, Delray Beach, FL, US",26.46008384,-80.05762978,United States,Not Juvenile
202211647.0,2024-01-15 08:54:14-05:00,2024-01-15,https://www.inaturalist.org/observations/202211647,https://inaturalist-open-data.s3.amazonaws.com/photos/357089201/medium.jpg,"Collins Ave, Miami Beach, FL, US",25.81418921,-80.12226109,United States,Not Juvenile
202266684.0,2024-03-13 07:55:53-04:00,2024-03-13,https://www.inaturalist.org/observations/202266684,https://inaturalist-open-data.s3.amazonaws.com/photos/357200428/medium.jpg,"Straits of Florida, FL, US",25.847050000000003,-80.1185445,United States,Not Juvenile
202328061.0,2024-03-13 16:52:25-04:00,2024-03-13,https://www.inaturalist.org/observations/202328061,https://inaturalist-open-data.s3.amazonaws.com/photos/357316637/medium.jpg,"North Atlantic Ocean, FL, US",27.06311117,-80.1127695,United States,Not Juvenile
202342121.0,2024-03-13 18:07:38-04:00,2024-03-13,https://www.inaturalist.org/observations/202342121,https://inaturalist-open-data.s3.amazonaws.com/photos/357343822/medium.jpg,"North Atlantic Ocean, FL, US",26.89861333,-80.05782217000001,United States,Not Juvenile
202396775.0,2024-03-14 07:35:38-04:00,2024-03-14,https://www.inaturalist.org/observations/202396775,https://inaturalist-open-data.s3.amazonaws.com/photos/357451029/medium.jpg,"Straits of Florida, Hollywood, FL, US",26.02345283,-80.11434167,United States,Not Juvenile
202404983.0,2024-03-14 10:31:54-04:00,2024-03-14,https://www.inaturalist.org/observations/202404983,https://inaturalist-open-data.s3.amazonaws.com/photos/357465891/medium.jpg,"Jetty Park, Fort Pierce, FL, US",27.47063333,-80.29007,United States,Not Juvenile
202453871.0,2024-03-12 14:42:11-04:00,2024-03-12,https://www.inaturalist.org/observations/202453871,https://static.inaturalist.org/photos/357557410/medium.jpg,United States,26.83833817,-80.04634633,United States,Not Juvenile
202537808.0,2024-03-15 11:51:03-04:00,2024-03-15,https://www.inaturalist.org/observations/202537808,https://static.inaturalist.org/photos/360051889/medium.jpg,"S Ocean Blvd, Palm Beach, FL, US",26.64135584,-80.03766953,United States,Not Juvenile
202538636.0,2024-03-13 07:47:09-04:00,2024-03-13,https://www.inaturalist.org/observations/202538636,https://inaturalist-open-data.s3.amazonaws.com/photos/357721137/medium.jpg,"Straits of Florida, Hallandale Beach, FL, US",25.98393964,-80.11620068,United States,Not Juvenile
202550757.0,2024-03-15 13:46:25-04:00,2024-03-15,https://www.inaturalist.org/observations/202550757,https://static.inaturalist.org/photos/357745008/medium.jpg,"Dania Beach, Dania Beach, FL, US",26.05796667,-80.11153333,United States,Not Juvenile
202591031.0,2024-03-15 11:15:17,2024-03-15,https://www.inaturalist.org/observations/202591031,https://static.inaturalist.org/photos/357820843/medium.jpeg,"Miami Beach, FL, USA",25.76941497,-80.130245,United States,Not Juvenile
202653371.0,2024-03-16 09:04:46-04:00,2024-03-16,https://www.inaturalist.org/observations/202653371,https://static.inaturalist.org/photos/357939521/medium.jpg,"Ocean Ridge, FL, US",26.53316167,-80.04609717,United States,Not Juvenile
202667125.0,2024-03-16 11:49:29-04:00,2024-03-16,https://www.inaturalist.org/observations/202667125,https://inaturalist-open-data.s3.amazonaws.com/photos/357963541/medium.jpg,"R. G. Kreusler Park, Palm Beach, FL, US",26.61672673,-80.03648627,United States,Not Juvenile
202672467.0,2024-03-16 12:18:04-04:00,2024-03-16,https://www.inaturalist.org/observations/202672467,https://inaturalist-open-data.s3.amazonaws.com/photos/357972419/medium.jpg,"Hillsboro Bay, FL, US",26.25197833,-80.08418333,United States,Not Juvenile
202726312.0,2024-03-15 09:40:39-04:00,2024-03-15,https://www.inaturalist.org/observations/202726312,https://inaturalist-open-data.s3.amazonaws.com/photos/358073577/medium.jpg,"Straits of Florida, FL, US",25.815105,-80.12073617,United States,Not Juvenile
202884034.0,2024-03-13 16:01:56-04:00,2024-03-13,https://www.inaturalist.org/observations/202884034,https://inaturalist-open-data.s3.amazonaws.com/photos/358374715/medium.jpg,"Straits of Florida, FL, US",25.76911667,-80.13021117,United States,Not Juvenile
203020828.0,2024-03-13 14:49:40-04:00,2024-03-13,https://www.inaturalist.org/observations/203020828,https://inaturalist-open-data.s3.amazonaws.com/photos/358641705/medium.jpg,"Crandon Park, Key Biscayne, FL, US",25.711875,-80.15135283000001,United States,Not Juvenile
203168258.0,2024-03-16 14:44:26,2024-03-16,https://www.inaturalist.org/observations/203168258,https://inaturalist-open-data.s3.amazonaws.com/photos/358918458/medium.jpeg,"Pompano Beach, FL, USA",26.25697356,-80.08279737000001,United States,Not Juvenile
203391771.0,2019-05-22 09:51:00,2019-05-22,https://www.inaturalist.org/observations/203391771,https://inaturalist-open-data.s3.amazonaws.com/photos/359348362/medium.jpg,"Glynn County, GA, USA",31.17083056,-81.3544,United States,Not Juvenile
203401798.0,2024-03-21 17:54:10-04:00,2024-03-21,https://www.inaturalist.org/observations/203401798,https://inaturalist-open-data.s3.amazonaws.com/photos/359366419/medium.jpg,"Long Key State Park, Long Key, FL, US",24.81263667,-80.81566667,United States,Not Juvenile
203413861.0,2024-03-21 09:27:16-04:00,2024-03-21,https://www.inaturalist.org/observations/203413861,https://inaturalist-open-data.s3.amazonaws.com/photos/359389788/medium.jpg,"S Ocean Blvd, Palm Beach, FL, US",26.61072167,-80.03662783,United States,Not Juvenile
203513547.0,2024-03-22 17:10:24-04:00,2024-03-22,https://www.inaturalist.org/observations/203513547,https://inaturalist-open-data.s3.amazonaws.com/photos/359583595/medium.jpg,"S Fort Lauderdale Beach Blvd, Fort Lauderdale, FL, US",26.11681171,-80.10402488,United States,Not Juvenile
203523632.0,2024-03-22 18:47:02-04:00,2024-03-22,https://www.inaturalist.org/observations/203523632,https://inaturalist-open-data.s3.amazonaws.com/photos/359602856/medium.jpg,"SR-A1A, Indian Harbour Beach, FL, US",28.13950212,-80.57991539,United States,Not Juvenile
203662692.0,2024-03-23 19:04:18-04:00,2024-03-23,https://www.inaturalist.org/observations/203662692,https://inaturalist-open-data.s3.amazonaws.com/photos/359866127/medium.jpg,"Straits of Florida, FL, US",25.66696333,-80.15538049999999,United States,Not Juvenile
203691902.0,2024-03-22 19:05:12-04:00,2024-03-22,https://www.inaturalist.org/observations/203691902,https://inaturalist-open-data.s3.amazonaws.com/photos/359926072/medium.jpg,"North Hutchinson Island, Vero Beach, FL, US",27.80561667,-80.41890833000001,United States,Not Juvenile
203701258.0,2018-02-24 14:33:00-05:00,2018-02-24,https://www.inaturalist.org/observations/203701258,https://inaturalist-open-data.s3.amazonaws.com/photos/359944720/medium.jpg,"Florida Bay, FL, US",25.02232576,-80.64842722,United States,Not Juvenile
203752360.0,2024-03-23 19:02:00-04:00,2024-03-23,https://www.inaturalist.org/observations/203752360,https://inaturalist-open-data.s3.amazonaws.com/photos/360040431/medium.jpg,"Straits of Florida, FL, US",25.66696333,-80.15540283,United States,Not Juvenile
203757260.0,2024-03-24 12:24:39,2024-03-24,https://www.inaturalist.org/observations/203757260,https://inaturalist-open-data.s3.amazonaws.com/photos/360048873/medium.jpeg,"Tavernier, FL 33070, USA",25.00902478,-80.51510139999999,United States,Not Juvenile
203922174.0,2024-03-25 15:06:28-04:00,2024-03-25,https://www.inaturalist.org/observations/203922174,https://static.inaturalist.org/photos/360364123/medium.jpg,"Hutchinson Island, Jensen Beach, FL, US",27.256025,-80.19651167,United States,Not Juvenile
203951345.0,2024-03-25 11:54:47-04:00,2024-03-25,https://www.inaturalist.org/observations/203951345,https://inaturalist-open-data.s3.amazonaws.com/photos/360419920/medium.jpg,"Jupiter Island, Stuart, FL, US",27.10361667,-80.13475833,United States,Not Juvenile
203954722.0,2024-03-25 11:20:51-04:00,2024-03-25,https://www.inaturalist.org/observations/203954722,https://inaturalist-open-data.s3.amazonaws.com/photos/360426592/medium.jpg,"Jupiter Island, Jupiter Island, FL, US",27.09551383,-80.13010283,United States,Not Juvenile
203954734.0,2024-03-25 11:17:00-04:00,2024-03-25,https://www.inaturalist.org/observations/203954734,https://inaturalist-open-data.s3.amazonaws.com/photos/360426631/medium.jpg,"Jupiter Island, Jupiter Island, FL, US",27.09447217,-80.12966117,United States,Not Juvenile
203976761.0,2024-03-25 16:16:51,2024-03-25,https://www.inaturalist.org/observations/203976761,https://inaturalist-open-data.s3.amazonaws.com/photos/360470235/medium.jpeg,"South Beach, Miami Beach, FL 33139, USA",25.783415,-80.127887,United States,Not Juvenile
203978940.0,2023-12-27 07:22:00-05:00,2023-12-27,https://www.inaturalist.org/observations/203978940,https://inaturalist-open-data.s3.amazonaws.com/photos/360474646/medium.jpg,"North Atlantic Ocean, Isle of Palms, SC, US",32.77987383,-79.79709532,United States,Not Juvenile
204019741.0,2024-03-26 10:28:26-04:00,2024-03-26,https://www.inaturalist.org/observations/204019741,https://inaturalist-open-data.s3.amazonaws.com/photos/365240779/medium.jpg,"Jupiter Island, FL, US",27.06661667,-80.11484449999999,United States,Not Juvenile
204024892.0,Tue Mar 26 2024 10:53:28 GMT -0400 (GMT-4),2024-03-26,https://www.inaturalist.org/observations/204024892,https://inaturalist-open-data.s3.amazonaws.com/photos/360570737/medium.jpeg,Miami Beach,25.84939766,-80.11873627,United States,Not Juvenile
204044457.0,2022-03-16 20:04:46-04:00,2022-03-16,https://www.inaturalist.org/observations/204044457,https://inaturalist-open-data.s3.amazonaws.com/photos/360597631/medium.jpg,"Singer Island, FL, US",26.90503667,-80.06030283,United States,Not Juvenile
204059077.0,2023-07-08 16:01:09-04:00,2023-07-08,https://www.inaturalist.org/observations/204059077,https://static.inaturalist.org/photos/360626919/medium.jpg,"Fort Wetherill State Park, Jamestown, RI, US",41.47933485,-71.36087853000001,United States,Not Juvenile
204063977.0,2024-03-25 14:16:32-04:00,2024-03-25,https://www.inaturalist.org/observations/204063977,https://static.inaturalist.org/photos/360636559/medium.jpg,"Curry Hammock State Park, Marathon, FL, US",24.74105333,-80.98107833,United States,Not Juvenile
204128728.0,2024-03-27 07:18:05-04:00,2024-03-27,https://www.inaturalist.org/observations/204128728,https://inaturalist-open-data.s3.amazonaws.com/photos/360764747/medium.jpg,"Deerfield Beach, FL, US",26.31537803,-80.075154,United States,Not Juvenile
204138920.0,2024-03-27 07:43:56,2024-03-27,https://www.inaturalist.org/observations/204138920,https://inaturalist-open-data.s3.amazonaws.com/photos/360783535/medium.jpeg,"Lauderdale-By-The-Sea, FL, USA",26.19077462,-80.09499941,United States,Not Juvenile
204173789.0,2024-03-27 14:43:16-04:00,2024-03-27,https://www.inaturalist.org/observations/204173789,https://static.inaturalist.org/photos/360847121/medium.jpg,"Singer Island, Jupiter, FL, US",26.8946919,-80.05701548,United States,Not Juvenile
204173890.0,2024-03-27 14:43:43-04:00,2024-03-27,https://www.inaturalist.org/observations/204173890,https://static.inaturalist.org/photos/360847325/medium.jpg,"Singer Island, Juno Beach, FL, US",26.89471595,-80.05704691,United States,Not Juvenile
204179751.0,Wed Mar 27 2024 15:30:48 GMT -0400 (EDT),2024-03-27,https://www.inaturalist.org/observations/204179751,https://inaturalist-open-data.s3.amazonaws.com/photos/360859167/medium.jpeg,Miami Beach,25.85572815,-80.11942291,United States,Not Juvenile
204180320.0,2024-03-27 15:35:21,2024-03-27,https://www.inaturalist.org/observations/204180320,https://inaturalist-open-data.s3.amazonaws.com/photos/360858820/medium.jpeg,"Dania Beach, FL 33004, USA",26.06077169,-80.11133801,United States,Not Juvenile
204197650.0,2024-02-10 11:33:44-05:00,2024-02-10,https://www.inaturalist.org/observations/204197650,https://inaturalist-open-data.s3.amazonaws.com/photos/360892906/medium.jpg,"Phipps Ocean Park, Palm Beach, FL, US",26.63897833,-80.03718617,United States,Not Juvenile
204266696.0,2024-03-28 10:15:26-04:00,2024-03-28,https://www.inaturalist.org/observations/204266696,https://static.inaturalist.org/photos/361029978/medium.jpg,"Salina Ave, Delray Beach, FL, US",26.46035923,-80.05774638,United States,Not Juvenile
204268027.0,2024-03-28 10:28:35-04:00,2024-03-28,https://www.inaturalist.org/observations/204268027,https://static.inaturalist.org/photos/361032376/medium.jpg,"Delray Municipal Beach, Delray Beach, FL, US",26.46399827,-80.05705009,United States,Not Juvenile
204290331.0,2024-03-01 15:30:36-05:00,2024-03-01,https://www.inaturalist.org/observations/204290331,https://inaturalist-open-data.s3.amazonaws.com/photos/361072813/medium.jpg,"Rosenstiel School of Marine, Atmospheric, and Earth Science, FL, US",25.73166167,-80.16282783,United States,Not Juvenile
204296082.0,2024-03-28 14:41:54-04:00,2024-03-28,https://www.inaturalist.org/observations/204296082,https://inaturalist-open-data.s3.amazonaws.com/photos/361083442/medium.jpg,"Miami Beach Boardwalk, Miami Beach, FL, US",25.79020642,-80.12731939,United States,Not Juvenile
204355451.0,2024-03-03 12:39:11-05:00,2024-03-03,https://www.inaturalist.org/observations/204355451,https://inaturalist-open-data.s3.amazonaws.com/photos/361200294/medium.jpg,"Straits of Florida, Miami Beach, FL, US",25.827520000000003,-80.1194,United States,Not Juvenile
204357310.0,2024-03-26 11:02:56-04:00,2024-03-26,https://www.inaturalist.org/observations/204357310,https://inaturalist-open-data.s3.amazonaws.com/photos/361204352/medium.jpg,"Crandon Park, Key Biscayne, FL, US",25.715850000000003,-80.1496805,United States,Not Juvenile
204564816.0,2023-12-15 17:15:46,2023-12-15,https://www.inaturalist.org/observations/204564816,https://inaturalist-open-data.s3.amazonaws.com/photos/361599117/medium.jpeg,"33JH+Q7 Ponce Inlet Beach, Ponce Inlet, FL 32127, USA",29.08059363,-80.92086409,United States,Not Juvenile
204570735.0,2023-12-01 16:51:49-05:00,2023-12-01,https://www.inaturalist.org/observations/204570735,https://static.inaturalist.org/photos/387062980/medium.jpg,"Key Biscayne, Key Biscayne, FL, US",25.6949224,-80.15629322,United States,Not Juvenile
204834280.0,2024-03-31 19:24:37-04:00,2024-03-31,https://www.inaturalist.org/observations/204834280,https://inaturalist-open-data.s3.amazonaws.com/photos/362096843/medium.jpg,"South Beach, FL, US",25.77619667,-80.1291055,United States,Not Juvenile
204843014.0,2024-03-31 12:26:14,2024-03-31,https://www.inaturalist.org/observations/204843014,https://inaturalist-open-data.s3.amazonaws.com/photos/362114660/medium.jpeg,"Miami-Dade County, FL, USA",25.72931808,-80.15868913,United States,Not Juvenile
204921398.0,2024-04-01 09:43:04-04:00,2024-04-01,https://www.inaturalist.org/observations/204921398,https://static.inaturalist.org/photos/362267270/medium.jpg,"North Hutchinson Island, Vero Beach, FL, US",27.75332081,-80.39047935,United States,Not Juvenile
205035414.0,2024-04-01 19:32:03-04:00,2024-04-01,https://www.inaturalist.org/observations/205035414,https://inaturalist-open-data.s3.amazonaws.com/photos/362482059/medium.jpg,"North Atlantic Ocean, Juno Beach, FL, US",26.88760333,-80.05463333,United States,Not Juvenile
205079849.0,2023-12-20 11:32:07-05:00,2023-12-20,https://www.inaturalist.org/observations/205079849,https://static.inaturalist.org/photos/362566227/medium.jpg,"Anastasia State Park, St. Augustine, FL, US",29.86616637,-81.27283696,United States,Not Juvenile
205145498.0,2024-04-02 16:54:14,2024-04-02,https://www.inaturalist.org/observations/205145498,https://static.inaturalist.org/photos/362690019/medium.jpeg,"Highland Beach, FL 33487, USA",26.3922979,-80.0658247,United States,Not Juvenile
205150824.0,2024-04-02 17:42:24-04:00,2024-04-02,https://www.inaturalist.org/observations/205150824,https://inaturalist-open-data.s3.amazonaws.com/photos/362699442/medium.jpg,"North Atlantic Ocean, Cocoa Beach, FL, US",28.32129708,-80.6067526,United States,Not Juvenile
205245845.0,2023-12-26 17:34:01-05:00,2023-12-26,https://www.inaturalist.org/observations/205245845,https://inaturalist-open-data.s3.amazonaws.com/photos/362883526/medium.jpg,"Biscayne Bay, Miami, FL, US",25.74500404,-80.1762881,United States,Not Juvenile
205298419.0,2024-02-16 07:44:55,2024-02-16,https://www.inaturalist.org/observations/205298419,https://static.inaturalist.org/photos/362988554/medium.jpeg,"Juno Beach, FL 33408, USA",26.8858704,-80.0603027,United States,Not Juvenile
206153192.0,2024-04-08 18:27:30,2024-04-08,https://www.inaturalist.org/observations/206153192,https://static.inaturalist.org/photos/364630573/medium.jpeg,"Boca Raton, FL, USA",26.37991667,-80.06654499999999,United States,Not Juvenile
206153465.0,2024-03-26 13:29:38-04:00,2024-03-26,https://www.inaturalist.org/observations/206153465,https://static.inaturalist.org/photos/364591907/medium.jpg,"Coral Cove Park, Tequesta, FL, US",26.96371513,-80.0785253,United States,Not Juvenile
206267296.0,2024-04-09 08:25:00,2024-04-09,https://www.inaturalist.org/observations/206267296,https://inaturalist-open-data.s3.amazonaws.com/photos/364805296/medium.jpg,"Central Beach Alliance, Fort Lauderdale, FL, USA",26.12688994,-80.10320288,United States,Not Juvenile
206305590.0,2024-04-09 16:22:51-04:00,2024-04-09,https://www.inaturalist.org/observations/206305590,https://static.inaturalist.org/photos/364877442/medium.jpg,"North Atlantic Ocean, FL, US",26.70066247,-80.03256069999999,United States,Not Juvenile
206305684.0,2024-04-09 16:23:52-04:00,2024-04-09,https://www.inaturalist.org/observations/206305684,https://static.inaturalist.org/photos/364877646/medium.jpg,"North Atlantic Ocean, FL, US",26.70079914,-80.03258209,United States,Not Juvenile
206467918.0,2024-04-10 12:05:00,2024-04-10,https://www.inaturalist.org/observations/206467918,https://inaturalist-open-data.s3.amazonaws.com/photos/365160150/medium.jpeg,"Downtown Miami, Miami, FL, USA",25.73847222,-80.15068056,United States,Not Juvenile
206490307.0,2024-04-10 14:57:00,2024-04-10,https://www.inaturalist.org/observations/206490307,https://inaturalist-open-data.s3.amazonaws.com/photos/365205974/medium.jpeg,"Hillsboro Beach, FL, USA",26.30206438,-80.07780805,United States,Not Juvenile
206512424.0,2020-03-28 18:51:47-07:00,2020-03-28,https://www.inaturalist.org/observations/206512424,https://static.inaturalist.org/photos/365249944/medium.jpg,"North Atlantic Ocean, FL, US",25.15463883,-80.88378,United States,Not Juvenile
206638676.0,2024-04-11 11:02:12-04:00,2024-04-11,https://www.inaturalist.org/observations/206638676,https://inaturalist-open-data.s3.amazonaws.com/photos/365421190/medium.jpg,"North Atlantic Ocean, Boca Raton, FL, US",26.38615833,-80.06630833,United States,Not Juvenile
206642514.0,2023-06-02 14:47:37-04:00,2023-06-02,https://www.inaturalist.org/observations/206642514,https://inaturalist-open-data.s3.amazonaws.com/photos/365428524/medium.jpg,"North Atlantic Ocean, NC, US",36.13701667,-75.72992,United States,Not Juvenile
206736423.0,2024-03-16 13:00:00-04:00,2024-03-16,https://www.inaturalist.org/observations/206736423,https://inaturalist-open-data.s3.amazonaws.com/photos/365607263/medium.jpg,"Banks Chnnl, Wrightsville Beach, NC, US",34.210671999999995,-77.7980065,United States,Not Juvenile
207856889.0,2024-04-17 16:03:00,2024-04-17,https://www.inaturalist.org/observations/207856889,https://inaturalist-open-data.s3.amazonaws.com/photos/367705441/medium.jpeg,"Riviera Beach, FL, USA",26.78731378,-80.03182574,United States,Not Juvenile
207935812.0,2024-02-11 00:43:11-05:00,2024-02-11,https://www.inaturalist.org/observations/207935812,https://inaturalist-open-data.s3.amazonaws.com/photos/367856934/medium.jpg,"South Beach, FL, US",25.76642161,-80.13054483,United States,Not Juvenile
208013411.0,2024-04-18 15:25:50-04:00,2024-04-18,https://www.inaturalist.org/observations/208013411,https://static.inaturalist.org/photos/367999736/medium.jpg,"Gulf of Mexico, FL, US",24.84550658,-80.79151724,United States,Not Juvenile
208169189.0,2024-04-19 18:13:37-04:00,2024-04-19,https://www.inaturalist.org/observations/208169189,https://static.inaturalist.org/photos/369609474/medium.jpg,"Straits of Florida, FL, US",25.8462905,-80.1186341,United States,Not Juvenile
208224925.0,2024-04-15 22:17:54-04:00,2024-04-15,https://www.inaturalist.org/observations/208224925,https://inaturalist-open-data.s3.amazonaws.com/photos/368397064/medium.jpg,"Straits of Florida, Hollywood, FL, US",26.04445283,-80.11282217,United States,Not Juvenile
208257998.0,2024-04-20 09:06:42-04:00,2024-04-20,https://www.inaturalist.org/observations/208257998,https://static.inaturalist.org/photos/368458097/medium.jpg,"N Fort Lauderdale Beach Blvd, Fort Lauderdale, FL, US",26.12995232,-80.1028694,United States,Not Juvenile
208354639.0,2022-12-31 09:39:31,2022-12-31,https://www.inaturalist.org/observations/208354639,https://static.inaturalist.org/photos/368634196/medium.jpeg,"OCEAN BRZ PK, FL 34957, USA",27.297825999999997,-80.21579497,United States,Not Juvenile
208508729.0,Sun Apr 21 2024 12:11:49 GMT -0400 (EDT),2024-04-21,https://www.inaturalist.org/observations/208508729,https://inaturalist-open-data.s3.amazonaws.com/photos/368923084/medium.jpeg,Hillsboro Beach,26.28439331,-80.07876587,United States,Not Juvenile
208720499.0,2024-04-21 16:21:44-04:00,2024-04-21,https://www.inaturalist.org/observations/208720499,https://inaturalist-open-data.s3.amazonaws.com/photos/369319027/medium.jpg,"Lafayette River, Norfolk, VA, US",36.89284203,-76.29273668,United States,Not Juvenile
208766808.0,2024-04-21 09:13:00,2024-04-21,https://www.inaturalist.org/observations/208766808,https://inaturalist-open-data.s3.amazonaws.com/photos/369399652/medium.jpeg,"Hollywood, FL, USA",26.09003333,-80.10881499999999,United States,Not Juvenile
208815725.0,2024-04-10 17:30:00,2024-04-10,https://www.inaturalist.org/observations/208815725,https://inaturalist-open-data.s3.amazonaws.com/photos/369489698/medium.jpeg,"Miami-Dade County, FL, USA",25.70584191,-80.15221607000001,United States,Not Juvenile
208933843.0,2024-04-10 15:09:00,2024-04-10,https://www.inaturalist.org/observations/208933843,https://inaturalist-open-data.s3.amazonaws.com/photos/369710039/medium.jpeg,"Hillsboro Beach, FL, USA",26.30164167,-80.07665278,United States,Not Juvenile
209095176.0,Wed Apr 24 2024 12:15:37 GMT -0400 (EDT),2024-04-24,https://www.inaturalist.org/observations/209095176,https://inaturalist-open-data.s3.amazonaws.com/photos/370011075/medium.jpeg,Juno Beach,26.89355469,-80.05680847,United States,Not Juvenile
209401489.0,2024-04-25 18:55:00,2024-04-25,https://www.inaturalist.org/observations/209401489,https://inaturalist-open-data.s3.amazonaws.com/photos/370573905/medium.jpg,"Boca Raton, FL, USA",26.34573746,-80.07035828000001,United States,Not Juvenile
209438125.0,2024-02-28 14:05:39-05:00,2024-02-28,https://www.inaturalist.org/observations/209438125,https://inaturalist-open-data.s3.amazonaws.com/photos/370632788/medium.jpg,"Oleta River State Park, North Miami, FL, US",25.902205,-80.135025,United States,Not Juvenile
209553497.0,2024-04-21 00:00:00,2024-04-21,https://www.inaturalist.org/observations/209553497,https://static.inaturalist.org/photos/370809421/medium.jpeg,"Delray Beach, FL 33483, USA",26.46142179,-80.05795239999999,United States,Not Juvenile
209621102.0,2024-01-20 11:32:00-05:00,2024-01-20,https://www.inaturalist.org/observations/209621102,https://inaturalist-open-data.s3.amazonaws.com/photos/370909651/medium.jpg,"Jupiter Island, FL, US",26.99625717,-80.08800347,United States,Not Juvenile
209669029.0,2024-04-26 13:18:55-04:00,2024-04-26,https://www.inaturalist.org/observations/209669029,https://inaturalist-open-data.s3.amazonaws.com/photos/370985793/medium.jpg,"John D. MacArthur Beach State Park, North Palm Beach, FL, US",26.82260199,-80.03791773,United States,Not Juvenile
209676416.0,2024-04-26 13:30:00-04:00,2024-04-26,https://www.inaturalist.org/observations/209676416,https://inaturalist-open-data.s3.amazonaws.com/photos/370997114/medium.jpg,"Key Biscayne, Key Biscayne, FL, US",25.71876498,-80.14856433,United States,Not Juvenile
209684384.0,2024-04-26 11:19:12-04:00,2024-04-26,https://www.inaturalist.org/observations/209684384,https://inaturalist-open-data.s3.amazonaws.com/photos/371009595/medium.jpg,"Fort Lauderdale Beach, Fort Lauderdale, FL, US",26.110925,-80.10411117,United States,Not Juvenile
209758571.0,2024-04-26 13:29:16,2024-04-26,https://www.inaturalist.org/observations/209758571,https://static.inaturalist.org/photos/371126095/medium.jpeg,"Tequesta, FL 33469, USA",26.96471111,-80.07947778,United States,Not Juvenile
209964058.0,2024-04-24 00:00:00,2024-04-24,https://www.inaturalist.org/observations/209964058,https://static.inaturalist.org/photos/371467410/medium.jpeg,"Dania Beach, FL 33004, USA",26.05595278,-80.11159591,United States,Not Juvenile
210150604.0,2024-04-27 09:56:22-04:00,2024-04-27,https://www.inaturalist.org/observations/210150604,https://inaturalist-open-data.s3.amazonaws.com/photos/371755557/medium.jpg,"Singer Island, Juno Beach, FL, US",26.8668521,-80.04798936,United States,Not Juvenile
210160214.0,2024-04-27 09:54:32-04:00,2024-04-27,https://www.inaturalist.org/observations/210160214,https://inaturalist-open-data.s3.amazonaws.com/photos/371770572/medium.jpg,"North Atlantic Ocean, Juno Beach, FL, US",26.86721667,-80.0480805,United States,Not Juvenile
210214265.0,2024-04-27 11:33:00-04:00,2024-04-27,https://www.inaturalist.org/observations/210214265,https://static.inaturalist.org/photos/371851099/medium.jpg,"Singer Island, Riviera Beach, FL, US",26.79487817,-80.03170053,United States,Not Juvenile
210216297.0,2024-04-27 11:36:10-04:00,2024-04-27,https://www.inaturalist.org/observations/210216297,https://static.inaturalist.org/photos/371854037/medium.jpg,"Singer Island, Riviera Beach, FL, US",26.79533247,-80.03162929,United States,Not Juvenile
210226700.0,2024-04-27 11:51:46-04:00,2024-04-27,https://www.inaturalist.org/observations/210226700,https://static.inaturalist.org/photos/371869997/medium.jpg,"Singer Island, Riviera Beach, FL, US",26.79667831,-80.03158855,United States,Not Juvenile
210232518.0,2024-04-27 12:00:36-04:00,2024-04-27,https://www.inaturalist.org/observations/210232518,https://static.inaturalist.org/photos/371880243/medium.jpg,"Singer Island, Riviera Beach, FL, US",26.79507385,-80.03168687,United States,Not Juvenile
210254560.0,2024-04-27 10:31:27-04:00,2024-04-27,https://www.inaturalist.org/observations/210254560,https://inaturalist-open-data.s3.amazonaws.com/photos/371912799/medium.jpg,"North Atlantic Ocean, FL, US",26.89707833,-80.05751117,United States,Not Juvenile
210389730.0,2024-04-27 12:48:43,2024-04-27,https://www.inaturalist.org/observations/210389730,https://static.inaturalist.org/photos/372129506/medium.jpeg,"North Palm Beach, FL, USA",26.82005833,-80.03748333,United States,Not Juvenile
210430152.0,2024-04-27 11:59:20-04:00,2024-04-27,https://www.inaturalist.org/observations/210430152,https://inaturalist-open-data.s3.amazonaws.com/photos/372195255/medium.jpg,"Singer Island, Jupiter, FL, US",26.90610833,-80.06083617,United States,Not Juvenile
210439853.0,2024-04-27 13:36:04-04:00,2024-04-27,https://www.inaturalist.org/observations/210439853,https://static.inaturalist.org/photos/372211462/medium.jpg,"Dr. Von D. Mizell-Eula Johnson State Park, Hollywood, FL, US",26.07943396,-80.10995331000001,United States,Not Juvenile
210456109.0,2024-04-27 09:56:12-04:00,2024-04-27,https://www.inaturalist.org/observations/210456109,https://inaturalist-open-data.s3.amazonaws.com/photos/372237546/medium.jpg,"Singer Island, Jupiter, FL, US",26.93329667,-80.06877783,United States,Not Juvenile
210475396.0,2024-04-27 11:23:00-04:00,2024-04-27,https://www.inaturalist.org/observations/210475396,https://inaturalist-open-data.s3.amazonaws.com/photos/372271068/medium.jpg,"Singer Island, Jupiter, FL, US",26.91615833,-80.06414717,United States,Not Juvenile
210537149.0,2024-04-27 14:53:01-04:00,2024-04-27,https://www.inaturalist.org/observations/210537149,https://inaturalist-open-data.s3.amazonaws.com/photos/372377473/medium.jpg,"Crandon Park, Key Biscayne, FL, US",25.71196167,-80.151375,United States,Not Juvenile
210602587.0,2024-04-27 14:11:00,2024-04-27,https://www.inaturalist.org/observations/210602587,https://inaturalist-open-data.s3.amazonaws.com/photos/372480103/medium.jpeg,"Miami-Dade County, FL, USA",25.70264444,-80.15386944000001,United States,Not Juvenile
210609547.0,2022-02-25 10:16:17-05:00,2022-02-25,https://www.inaturalist.org/observations/210609547,https://inaturalist-open-data.s3.amazonaws.com/photos/372497363/medium.jpg,"Straits of Florida, Miami Beach, FL, US",25.81738833,-80.1206055,United States,Not Juvenile
210778758.0,2024-04-28 08:28:24-04:00,2024-04-28,https://www.inaturalist.org/observations/210778758,https://static.inaturalist.org/photos/372769415/medium.jpg,"North Atlantic Ocean, Briny Breezes, FL, US",26.50926667,-80.050225,United States,Not Juvenile
210852775.0,2024-04-28 08:56:20-04:00,2024-04-28,https://www.inaturalist.org/observations/210852775,https://inaturalist-open-data.s3.amazonaws.com/photos/372881079/medium.jpg,"Straits of Florida, FL, US",25.671175,-80.15284717,United States,Not Juvenile
210855118.0,2024-04-28 09:02:00-04:00,2024-04-28,https://www.inaturalist.org/observations/210855118,https://inaturalist-open-data.s3.amazonaws.com/photos/372884516/medium.jpg,"Straits of Florida, FL, US",25.66904667,-80.153825,United States,Not Juvenile
210879348.0,2024-04-28 11:26:14-04:00,2024-04-28,https://www.inaturalist.org/observations/210879348,https://inaturalist-open-data.s3.amazonaws.com/photos/372921436/medium.jpg,"Key Biscayne, Key Biscayne, FL, US",25.72424482,-80.14773139,United States,Not Juvenile
210883999.0,2024-04-28 11:33:01,2024-04-28,https://www.inaturalist.org/observations/210883999,https://inaturalist-open-data.s3.amazonaws.com/photos/372932560/medium.jpeg,"Broward County, US-FL, US",26.06533212,-80.11095733,United States,Not Juvenile
210886467.0,2024-04-28 11:36:47-04:00,2024-04-28,https://www.inaturalist.org/observations/210886467,https://static.inaturalist.org/photos/372933254/medium.jpg,"Straits of Florida, FL, US",25.72509656,-80.14791173,United States,Not Juvenile
210888474.0,2024-04-28 11:39:23-04:00,2024-04-28,https://www.inaturalist.org/observations/210888474,https://inaturalist-open-data.s3.amazonaws.com/photos/372937438/medium.jpg,"Key Biscayne, Key Biscayne, FL, US",25.72511846,-80.14795745,United States,Not Juvenile
210890383.0,2024-04-28 11:36:34-04:00,2024-04-28,https://www.inaturalist.org/observations/210890383,https://static.inaturalist.org/photos/372939367/medium.jpg,"Straits of Florida, Key Biscayne, FL, US",25.72514642,-80.14791906,United States,Not Juvenile
210894858.0,2024-04-28 11:48:25-04:00,2024-04-28,https://www.inaturalist.org/observations/210894858,https://inaturalist-open-data.s3.amazonaws.com/photos/372947174/medium.jpg,"Key Biscayne, Key Biscayne, FL, US",25.72535645,-80.1479825,United States,Not Juvenile
210913786.0,2024-04-28 12:15:33,2024-04-28,https://www.inaturalist.org/observations/210913786,https://inaturalist-open-data.s3.amazonaws.com/photos/372973722/medium.jpeg,"Duck Key, FL 33050, USA",24.73142668,-80.99778168,United States,Not Juvenile
210968627.0,2024-04-28 12:29:21,2024-04-28,https://www.inaturalist.org/observations/210968627,https://inaturalist-open-data.s3.amazonaws.com/photos/373060886/medium.jpeg,"Shorewood Condo, Cape Canaveral, FL 32920, USA",28.4018427,-80.59211859999999,United States,Not Juvenile
211072493.0,2024-04-27 16:56:35-04:00,2024-04-27,https://www.inaturalist.org/observations/211072493,https://static.inaturalist.org/photos/373226202/medium.jpg,"Key Biscayne, Key Biscayne, FL, US",25.726374999999997,-80.14846667,United States,Not Juvenile
211096634.0,2024-04-28 12:14:35-04:00,2024-04-28,https://www.inaturalist.org/observations/211096634,https://inaturalist-open-data.s3.amazonaws.com/photos/373264133/medium.jpg,"North Atlantic Ocean, North Palm Beach, FL, US",26.82288667,-80.03808617,United States,Not Juvenile
211126558.0,2024-04-28 12:27:00-04:00,2024-04-28,https://www.inaturalist.org/observations/211126558,https://inaturalist-open-data.s3.amazonaws.com/photos/373312221/medium.jpg,"Jupiter Beach Park, Jupiter, FL, US",26.94036147,-80.07075676,United States,Not Juvenile
211133277.0,2024-04-28 12:58:00-04:00,2024-04-28,https://www.inaturalist.org/observations/211133277,https://inaturalist-open-data.s3.amazonaws.com/photos/373323110/medium.jpg,"North Atlantic Ocean, FL, US",26.94134857,-80.07114779999999,United States,Not Juvenile
211178172.0,2024-04-28 18:51:47,2024-04-28,https://www.inaturalist.org/observations/211178172,https://inaturalist-open-data.s3.amazonaws.com/photos/373398225/medium.jpeg,"Barrier Island, Fort Lauderdale, FL, USA",26.14388281,-80.10165553,United States,Not Juvenile
211182983.0,2024-04-28 18:59:53,2024-04-28,https://www.inaturalist.org/observations/211182983,https://inaturalist-open-data.s3.amazonaws.com/photos/373406581/medium.jpeg,"Birch Park Finger Streets, Fort Lauderdale, FL, USA",26.144882,-80.1021478,United States,Not Juvenile
211185782.0,2024-04-28 19:04:58,2024-04-28,https://www.inaturalist.org/observations/211185782,https://inaturalist-open-data.s3.amazonaws.com/photos/373411258/medium.jpeg,"Barrier Island, Fort Lauderdale, FL, USA",26.14760042,-80.10108308,United States,Not Juvenile
211194893.0,2024-04-28 19:20:17-04:00,2024-04-28,https://www.inaturalist.org/observations/211194893,https://inaturalist-open-data.s3.amazonaws.com/photos/373426055/medium.jpg,"Hillsboro Bay, Pompano Beach, FL, US",26.25308326,-80.08403755,United States,Not Juvenile
211197033.0,2024-04-28 19:24:11-04:00,2024-04-28,https://www.inaturalist.org/observations/211197033,https://inaturalist-open-data.s3.amazonaws.com/photos/373429946/medium.jpg,"North Ocean Park, Pompano Beach, FL, US",26.25415649,-80.08382575,United States,Not Juvenile
211200157.0,2024-04-28 19:30:00-04:00,2024-04-28,https://www.inaturalist.org/observations/211200157,https://inaturalist-open-data.s3.amazonaws.com/photos/373435321/medium.jpg,"Broward County, US-FL, US",26.25386609,-80.0845381,United States,Not Juvenile
211330848.0,2024-04-27 09:16:59-04:00,2024-04-27,https://www.inaturalist.org/observations/211330848,https://inaturalist-open-data.s3.amazonaws.com/photos/373649013/medium.jpg,"North Atlantic Ocean, FL, US",26.941675,-80.07118333,United States,Not Juvenile
211334834.0,2024-04-27 09:54:59-04:00,2024-04-27,https://www.inaturalist.org/observations/211334834,https://inaturalist-open-data.s3.amazonaws.com/photos/373655948/medium.jpg,"North Atlantic Ocean, FL, US",26.942280000000004,-80.0713945,United States,Not Juvenile
211487589.0,2024-04-28 17:52:49-04:00,2024-04-28,https://www.inaturalist.org/observations/211487589,https://inaturalist-open-data.s3.amazonaws.com/photos/373896770/medium.jpg,"Straits of Florida, Fort Lauderdale, FL, US",26.12573333,-80.10310283,United States,Not Juvenile
211502108.0,2024-04-29 08:01:48,2024-04-29,https://www.inaturalist.org/observations/211502108,https://inaturalist-open-data.s3.amazonaws.com/photos/373918445/medium.jpeg,"Key Biscayne, FL 33149, USA",25.74999705,-80.14452008,United States,Not Juvenile
211545925.0,2024-04-29 09:27:39-04:00,2024-04-29,https://www.inaturalist.org/observations/211545925,https://inaturalist-open-data.s3.amazonaws.com/photos/373984550/medium.jpg,"Virginia Key, Miami, FL, US",25.75371167,-80.1465,United States,Not Juvenile
211549308.0,2024-04-28 20:05:41,2024-04-28,https://www.inaturalist.org/observations/211549308,https://static.inaturalist.org/photos/373989607/medium.jpeg,"Pelican Condo, New Smyrna Beach, FL 32169, USA",29.01952778,-80.88436111,United States,Not Juvenile
211575968.0,2022-02-28 11:59:00-04:00,2022-02-28,https://www.inaturalist.org/observations/211575968,https://static.inaturalist.org/photos/374028662/medium.jpg,"S Atlantic Ave, Daytona Beach, FL, US",29.1583668,-80.97184846,United States,Not Juvenile
211746002.0,2024-04-29 09:28:15-04:00,2024-04-29,https://www.inaturalist.org/observations/211746002,https://inaturalist-open-data.s3.amazonaws.com/photos/374284092/medium.jpg,"Straits of Florida, Miami, FL, US",25.75303884,-80.14630675000001,United States,Not Juvenile
211959409.0,2024-04-29 19:48:23-04:00,2024-04-29,https://www.inaturalist.org/observations/211959409,https://inaturalist-open-data.s3.amazonaws.com/photos/374621088/medium.jpg,"North Atlantic Ocean, FL, US",26.89866597,-80.05808083000001,United States,Not Juvenile
211970030.0,2024-04-29 20:06:00-04:00,2024-04-29,https://www.inaturalist.org/observations/211970030,https://inaturalist-open-data.s3.amazonaws.com/photos/374638212/medium.jpg,"North Atlantic Ocean, FL, US",26.89591978,-80.05714603,United States,Not Juvenile
212231434.0,2024-04-28 15:59:23-04:00,2024-04-28,https://www.inaturalist.org/observations/212231434,https://static.inaturalist.org/photos/375061979/medium.jpg,"Straits of Florida, FL, US",26.10405283,-80.10418617,United States,Not Juvenile
212300525.0,2024-04-30 12:37:53-04:00,2024-04-30,https://www.inaturalist.org/observations/212300525,https://inaturalist-open-data.s3.amazonaws.com/photos/375181493/medium.jpg,"Wavecrest Ave, Indialantic, FL, US",28.09104717,-80.56492,United States,Not Juvenile
212320579.0,2024-04-30 13:18:48-04:00,2024-04-30,https://www.inaturalist.org/observations/212320579,https://inaturalist-open-data.s3.amazonaws.com/photos/375217148/medium.jpg,"Wavecrest Ave, Indialantic, FL, US",28.0885445,-80.56395833,United States,Not Juvenile
212456735.0,2024-04-30 19:22:11-04:00,2024-04-30,https://www.inaturalist.org/observations/212456735,https://inaturalist-open-data.s3.amazonaws.com/photos/375452012/medium.jpg,"North Atlantic Ocean, FL, US",28.10919167,-80.57095333,United States,Not Juvenile
212566282.0,2024-04-28 16:00:52-04:00,2024-04-28,https://www.inaturalist.org/observations/212566282,https://static.inaturalist.org/photos/375643517/medium.jpg,"Canaveral National Seashore, Cape Canaveral, FL, US",28.77550833,-80.72257167000001,United States,Not Juvenile
212601432.0,2024-04-29 08:09:35-04:00,2024-04-29,https://www.inaturalist.org/observations/212601432,https://inaturalist-open-data.s3.amazonaws.com/photos/375704529/medium.jpg,"Virginia Key, Miami, FL, US",25.75024441,-80.14538896,United States,Not Juvenile
212638674.0,2024-04-27 10:14:08-04:00,2024-04-27,https://www.inaturalist.org/observations/212638674,https://inaturalist-open-data.s3.amazonaws.com/photos/375768852/medium.jpg,"North Atlantic Ocean, Juno Beach, FL, US",26.89233333,-80.05603049999999,United States,Not Juvenile
212667502.0,2024-04-26 14:33:00,2024-04-26,https://www.inaturalist.org/observations/212667502,https://inaturalist-open-data.s3.amazonaws.com/photos/375815181/medium.jpeg,"Miami-Dade County, FL, USA",25.71991212,-80.14807137,United States,Juvenile
212677655.0,2024-04-28 10:29:14-04:00,2024-04-28,https://www.inaturalist.org/observations/212677655,https://inaturalist-open-data.s3.amazonaws.com/photos/375836735/medium.jpg,"Red Reef Park, Boca Raton, FL, US",26.3625997,-80.06868829999999,United States,Not Juvenile
212703377.0,2024-05-01 16:15:14,2024-05-01,https://www.inaturalist.org/observations/212703377,https://inaturalist-open-data.s3.amazonaws.com/photos/375882836/medium.jpeg,"S Atlantic Ave/ S 16th St (SE Corner), Cocoa Beach, FL 32931, USA",28.28984107,-80.60655306,United States,Not Juvenile
212723335.0,2024-05-01 17:29:10-04:00,2024-05-01,https://www.inaturalist.org/observations/212723335,https://inaturalist-open-data.s3.amazonaws.com/photos/375919852/medium.jpg,"North Atlantic Ocean, Cocoa Beach, FL, US",28.28968048,-80.60641089,United States,Not Juvenile
212750853.0,2024-05-01 19:06:32-04:00,2024-05-01,https://www.inaturalist.org/observations/212750853,https://inaturalist-open-data.s3.amazonaws.com/photos/375969895/medium.jpg,"SR-A1A, Indian Harbour Beach, FL, US",28.14415833,-80.58114667,United States,Not Juvenile
212754010.0,2024-04-28 08:32:00,2024-04-28,https://www.inaturalist.org/observations/212754010,https://inaturalist-open-data.s3.amazonaws.com/photos/375971215/medium.jpeg,"Hollywood, FL, USA",26.06550651,-80.11103975,United States,Not Juvenile
212944809.0,Thu May 02 2024 14:06:19 GMT -0400 (GMT-4),2024-05-02,https://www.inaturalist.org/observations/212944809,https://static.inaturalist.org/photos/376314181/medium.jpeg,Cape Canaveral,28.39481926,-80.59498596,United States,Not Juvenile
213195979.0,2024-04-27 10:31:56-04:00,2024-04-27,https://www.inaturalist.org/observations/213195979,https://inaturalist-open-data.s3.amazonaws.com/photos/376766553/medium.jpg,"North Atlantic Ocean, Juno Beach, FL, US",26.89081667,-80.05553333,United States,Not Juvenile
213271608.0,Fri May 03 2024 18:59:08 GMT -0400 (EDT),2024-05-03,https://www.inaturalist.org/observations/213271608,https://inaturalist-open-data.s3.amazonaws.com/photos/376901080/medium.jpeg,Miami-Dade County,25.83978271,-80.11876678,United States,Not Juvenile
213313698.0,2024-05-03 10:00:00,2024-05-03,https://www.inaturalist.org/observations/213313698,https://inaturalist-open-data.s3.amazonaws.com/photos/376981124/medium.jpeg,"Cocoa Beach, FL 32931, USA",28.32000015,-80.60755145,United States,Not Juvenile
213440218.0,2024-05-04 09:58:23-04:00,2024-05-04,https://www.inaturalist.org/observations/213440218,https://inaturalist-open-data.s3.amazonaws.com/photos/377207775/medium.jpg,"North Atlantic Ocean, Cape Canaveral, FL, US",28.39374167,-80.59503833000001,United States,Not Juvenile
213440574.0,2024-05-04 10:02:12-04:00,2024-05-04,https://www.inaturalist.org/observations/213440574,https://inaturalist-open-data.s3.amazonaws.com/photos/377216862/medium.jpg,"Cape Canaveral, FL, US",28.3949,-80.59490333000001,United States,Not Juvenile
213442443.0,2024-05-04 10:02:55-04:00,2024-05-04,https://www.inaturalist.org/observations/213442443,https://inaturalist-open-data.s3.amazonaws.com/photos/377211818/medium.jpg,"Cape Canaveral, FL, US",28.394924999999997,-80.594895,United States,Not Juvenile
213446654.0,2024-05-04 12:36:41-04:00,2024-05-04,https://www.inaturalist.org/observations/213446654,https://inaturalist-open-data.s3.amazonaws.com/photos/377219538/medium.jpg,"North Atlantic Ocean, FL, US",29.48990833,-81.13115,United States,Not Juvenile
213505339.0,2024-04-28 10:33:00-04:00,2024-04-28,https://www.inaturalist.org/observations/213505339,https://inaturalist-open-data.s3.amazonaws.com/photos/377326975/medium.jpg,"North Atlantic Ocean, Juno Beach, FL, US",26.89189667,-80.0559695,United States,Not Juvenile
213565713.0,2024-03-05 14:24:30-05:00,2024-03-05,https://www.inaturalist.org/observations/213565713,https://inaturalist-open-data.s3.amazonaws.com/photos/377653731/medium.jpg,"T.Y. Park, Hollywood, FL, US",26.0398425,-80.17556895,United States,Not Juvenile
213574713.0,2024-04-28 11:31:00-04:00,2024-04-28,https://www.inaturalist.org/observations/213574713,https://inaturalist-open-data.s3.amazonaws.com/photos/377453732/medium.jpg,"North Atlantic Ocean, Juno Beach, FL, US",26.89232,-80.05603049999999,United States,Not Juvenile
213631525.0,2024-04-29 12:46:00,2024-04-29,https://www.inaturalist.org/observations/213631525,https://static.inaturalist.org/photos/377554496/medium.jpeg,"Miami-Dade County, FL, USA",25.51926111,-80.33061944,United States,Not Juvenile
213793244.0,2024-05-05 16:21:42-04:00,2024-05-05,https://www.inaturalist.org/observations/213793244,https://inaturalist-open-data.s3.amazonaws.com/photos/377845682/medium.jpg,"Wavecrest Ave, Indialantic, FL, US",28.08932268,-80.56418282,United States,Not Juvenile
213856549.0,Sun May 05 2024 20:29:54 GMT -0400 (EDT),2024-05-05,https://www.inaturalist.org/observations/213856549,https://inaturalist-open-data.s3.amazonaws.com/photos/377961185/medium.jpeg,St. Johns County,29.92475891,-81.29354858,United States,Not Juvenile
213870920.0,2024-05-05 18:13:49,2024-05-05,https://www.inaturalist.org/observations/213870920,https://static.inaturalist.org/photos/377985882/medium.jpeg,"Duck Key, FL 33050, USA",24.74080567,-80.98022929999999,United States,Not Juvenile
213989527.0,2024-04-18 06:49:16-04:00,2024-04-18,https://www.inaturalist.org/observations/213989527,https://static.inaturalist.org/photos/378197373/medium.jpg,"Straits of Florida, FL, US",25.76897833,-80.13030283,United States,Not Juvenile
214036257.0,2024-05-04 07:54:44-04:00,2024-05-04,https://www.inaturalist.org/observations/214036257,https://inaturalist-open-data.s3.amazonaws.com/photos/378280281/medium.jpg,"Evelyn Ct, Cape Canaveral, FL, US",28.3882865,-80.60633949999999,United States,Not Juvenile
214037685.0,2024-05-06 15:05:50-04:00,2024-05-06,https://www.inaturalist.org/observations/214037685,https://inaturalist-open-data.s3.amazonaws.com/photos/378282991/medium.jpg,"North Atlantic Ocean, Atlantic Beach, FL, US",30.33092036,-81.39442749999999,United States,Not Juvenile
214109043.0,2024-05-06 21:45:20-04:00,2024-05-06,https://www.inaturalist.org/observations/214109043,https://static.inaturalist.org/photos/379154527/medium.jpg,"Cape Canaveral, FL, US",28.40463333,-80.59107167,United States,Not Juvenile
214119138.0,2024-05-06 20:23:24,2024-05-06,https://www.inaturalist.org/observations/214119138,https://inaturalist-open-data.s3.amazonaws.com/photos/378437474/medium.jpeg,"St Johns County, FL, USA",29.84640556,-81.26451389,United States,Not Juvenile
214282649.0,2024-05-07 08:07:39-04:00,2024-05-07,https://www.inaturalist.org/observations/214282649,https://static.inaturalist.org/photos/378741430/medium.jpg,"Naval Station Mayport, Jacksonville, FL, US",30.39044167,-81.395325,United States,Not Juvenile
214386759.0,2024-05-08 10:08:21-04:00,2024-05-08,https://www.inaturalist.org/observations/214386759,https://inaturalist-open-data.s3.amazonaws.com/photos/378937869/medium.jpg,"North Atlantic Ocean, Saint Augustine, FL, US",29.948625399999997,-81.30241886,United States,Not Juvenile
214442953.0,Wed May 08 2024 15:19:14 GMT -0400 (EDT),2024-05-08,https://www.inaturalist.org/observations/214442953,https://inaturalist-open-data.s3.amazonaws.com/photos/379039504/medium.jpeg,Bald Head Island,33.850341799999995,-77.98442841,United States,Not Juvenile
214496924.0,2024-05-07 16:53:22-04:00,2024-05-07,https://www.inaturalist.org/observations/214496924,https://inaturalist-open-data.s3.amazonaws.com/photos/379140950/medium.jpg,"North Atlantic Ocean, FL, US",30.245955,-81.37803667,United States,Not Juvenile
214567829.0,2024-05-08 17:17:36-04:00,2024-05-08,https://www.inaturalist.org/observations/214567829,https://inaturalist-open-data.s3.amazonaws.com/photos/379274064/medium.jpg,"Straits of Florida, Hollywood, FL, US",26.07141117,-80.11035283,United States,Not Juvenile
214578673.0,2024-05-07 20:00:54-04:00,2024-05-07,https://www.inaturalist.org/observations/214578673,https://inaturalist-open-data.s3.amazonaws.com/photos/379293415/medium.jpg,"North Atlantic Ocean, Neptune Beach, FL, US",30.31323333,-81.39250833,United States,Not Juvenile
214678490.0,2024-03-27 12:04:03-04:00,2024-03-27,https://www.inaturalist.org/observations/214678490,https://static.inaturalist.org/photos/379478590/medium.jpg,"Hollywood Beach, Hollywood, FL, US",25.98863333,-80.1171945,United States,Not Juvenile
215580622.0,2024-05-12 08:26:37,2024-05-12,https://www.inaturalist.org/observations/215580622,https://inaturalist-open-data.s3.amazonaws.com/photos/381163178/medium.jpeg,"Ocracoke, NC 27960, USA",35.11156277,-75.97535167,United States,Not Juvenile
216033019.0,2023-12-18 11:59:05,2023-12-18,https://www.inaturalist.org/observations/216033019,https://inaturalist-open-data.s3.amazonaws.com/photos/382019689/medium.jpeg,"New Smyrna Beach, FL 32169, USA",29.0708833,-80.91082882,United States,Not Juvenile
216334905.0,2024-04-25 17:10:31-04:00,2024-04-25,https://www.inaturalist.org/observations/216334905,https://inaturalist-open-data.s3.amazonaws.com/photos/384555085/medium.jpg,"El Mar Dr, FL, US",26.188905,-80.09494717,United States,Not Juvenile
216977321.0,2023-06-04 21:47:43-04:00,2023-06-04,https://www.inaturalist.org/observations/216977321,https://inaturalist-open-data.s3.amazonaws.com/photos/383792402/medium.jpg,"S Old Oregon Inlet Rd, Nags Head, NC, US",35.90125333,-75.591325,United States,Not Juvenile
217662127.0,2024-05-23 06:13:58-04:00,2024-05-23,https://www.inaturalist.org/observations/217662127,https://inaturalist-open-data.s3.amazonaws.com/photos/385086790/medium.jpg,"N Ocean Blvd, Pompano Beach, FL, US",26.24062328,-80.08701758000001,United States,Not Juvenile
217667169.0,2024-05-23 06:40:02-04:00,2024-05-23,https://www.inaturalist.org/observations/217667169,https://static.inaturalist.org/photos/385095892/medium.jpg,"North Atlantic Ocean, FL, US",29.84005833,-81.26366333,United States,Not Juvenile
217712348.0,2024-05-23 11:54:48-04:00,2024-05-23,https://www.inaturalist.org/observations/217712348,https://inaturalist-open-data.s3.amazonaws.com/photos/385185683/medium.jpg,"Hoffman Beach Rd, Atlantic Beach, NC, US",34.68629227,-76.8816291,United States,Not Juvenile
217800161.0,2024-05-23 11:54:20-04:00,2024-05-23,https://www.inaturalist.org/observations/217800161,https://inaturalist-open-data.s3.amazonaws.com/photos/385344433/medium.jpg,"Hoffman Beach Rd, Atlantic Beach, NC, US",34.68671167,-76.88047833,United States,Not Juvenile
217989860.0,2022-04-22 11:35:37,2022-04-22,https://www.inaturalist.org/observations/217989860,https://static.inaturalist.org/photos/385701623/medium.jpeg,"Volusia County, FL, USA",29.3613044,-81.07172609999999,United States,Not Juvenile
218205086.0,2023-01-23 11:49:15-05:00,2023-01-23,https://www.inaturalist.org/observations/218205086,https://inaturalist-open-data.s3.amazonaws.com/photos/386100177/medium.jpg,"Broward County, US-FL, US",26.076133499999997,-80.10988559,United States,Not Juvenile
218532781.0,2021-08-26 10:55:00-04:00,2021-08-26,https://www.inaturalist.org/observations/218532781,https://inaturalist-open-data.s3.amazonaws.com/photos/386710716/medium.jpg,"Haulover Beach, FL, US",25.90475175,-80.12144529,United States,Not Juvenile
218628839.0,2023-12-27 09:11:03-05:00,2023-12-27,https://www.inaturalist.org/observations/218628839,https://inaturalist-open-data.s3.amazonaws.com/photos/386894412/medium.jpg,"Gulf of Mexico, FL, US",24.81152251,-80.82635094,United States,Juvenile
218708342.0,2024-05-27 09:32:23-04:00,2024-05-27,https://www.inaturalist.org/observations/218708342,https://inaturalist-open-data.s3.amazonaws.com/photos/387042840/medium.jpg,"Atlantic Beach, NC, US",34.693130000000004,-76.68817833,United States,Not Juvenile
218898416.0,2024-05-28 10:28:30-04:00,2024-05-28,https://www.inaturalist.org/observations/218898416,https://inaturalist-open-data.s3.amazonaws.com/photos/387398306/medium.jpg,"North Atlantic Ocean, Beaufort, NC, US",34.70925931,-76.67358537,United States,Not Juvenile
218898850.0,2024-05-28 10:30:59-04:00,2024-05-28,https://www.inaturalist.org/observations/218898850,https://inaturalist-open-data.s3.amazonaws.com/photos/387399138/medium.jpg,"Front St, Beaufort, NC, US",34.70883094,-76.67239934,United States,Not Juvenile
218991272.0,2024-05-27 09:02:47-04:00,2024-05-27,https://www.inaturalist.org/observations/218991272,https://inaturalist-open-data.s3.amazonaws.com/photos/387568969/medium.jpg,"Atlantic Beach, NC, US",34.6933928,-76.69463689,United States,Not Juvenile
219075234.0,2024-05-28 12:28:44-04:00,2024-05-28,https://www.inaturalist.org/observations/219075234,https://static.inaturalist.org/photos/387731873/medium.jpg,"Atlantic Beach, NC, US",34.693475,-76.692695,United States,Not Juvenile
219205899.0,2024-04-03 12:26:51-03:00,2024-04-03,https://www.inaturalist.org/observations/219205899,https://static.inaturalist.org/photos/387972077/medium.jpg,"North Atlantic Ocean, FL, US",28.557767199999997,-80.56527931000001,United States,Not Juvenile
219221070.0,2024-05-28 12:28:47-04:00,2024-05-28,https://www.inaturalist.org/observations/219221070,https://inaturalist-open-data.s3.amazonaws.com/photos/388001707/medium.jpg,"Atlantic Beach, NC, US",34.69346667,-76.692725,United States,Not Juvenile
219233233.0,2021-09-21 01:54:00,2021-09-21,https://www.inaturalist.org/observations/219233233,https://inaturalist-open-data.s3.amazonaws.com/photos/388024838/medium.jpeg,"Frisco, NC 27936, USA",35.24673943,-75.58905246,United States,Not Juvenile
219241522.0,2024-05-12 17:12:00-04:00,2024-05-12,https://www.inaturalist.org/observations/219241522,https://inaturalist-open-data.s3.amazonaws.com/photos/388041300/medium.jpg,"FL, US",29.31345165,-81.04896664,United States,Not Juvenile
219336033.0,2024-04-11 11:18:00-04:00,2024-04-11,https://www.inaturalist.org/observations/219336033,https://inaturalist-open-data.s3.amazonaws.com/photos/388216603/medium.jpg,"SW 67th Ave, Pinecrest, FL, US",25.66568013,-80.30173151,United States,Not Juvenile
219890819.0,2024-06-01 21:22:20-04:00,2024-06-01,https://www.inaturalist.org/observations/219890819,https://inaturalist-open-data.s3.amazonaws.com/photos/389252378/medium.jpg,"Saint Augustine, FL, US",29.84981226,-81.26471739,United States,Not Juvenile
220008420.0,2024-06-02 08:22:56,2024-06-02,https://www.inaturalist.org/observations/220008420,https://inaturalist-open-data.s3.amazonaws.com/photos/389476173/medium.jpeg,"Lauderdale-By-The-Sea, FL, USA",26.18871389,-80.095075,United States,Not Juvenile
220159639.0,2024-02-12 12:35:01-05:00,2024-02-12,https://www.inaturalist.org/observations/220159639,https://static.inaturalist.org/photos/389759764/medium.jpg,"Biscayne Bay, Miami, FL, US",25.75443171,-80.19387916000001,United States,Not Juvenile
220226132.0,2024-06-03 07:40:07-04:00,2024-06-03,https://www.inaturalist.org/observations/220226132,https://inaturalist-open-data.s3.amazonaws.com/photos/389887599/medium.jpg,"Ashe Island, North Topsail Beach, NC, US",34.52055,-77.35707833000001,United States,Not Juvenile
220244661.0,2024-06-02 14:32:37-04:00,2024-06-02,https://www.inaturalist.org/observations/220244661,https://inaturalist-open-data.s3.amazonaws.com/photos/389921192/medium.jpg,"North Atlantic Ocean, Saint Augustine, FL, US",29.87256667,-81.26908,United States,Not Juvenile
220273357.0,2024-06-03 12:09:27-04:00,2024-06-03,https://www.inaturalist.org/observations/220273357,https://inaturalist-open-data.s3.amazonaws.com/photos/390459124/medium.jpg,"Ocean View Ln, Atlantic Beach, NC, US",34.68565083,-76.88685709,United States,Not Juvenile
220284394.0,2024-06-03 12:09:27-04:00,2024-06-03,https://www.inaturalist.org/observations/220284394,https://static.inaturalist.org/photos/389994128/medium.jpg,"North Atlantic Ocean, Atlantic Beach, NC, US",34.685680000000005,-76.88677167,United States,Not Juvenile
220336935.0,2024-06-03 09:10:48-04:00,2024-06-03,https://www.inaturalist.org/observations/220336935,https://inaturalist-open-data.s3.amazonaws.com/photos/390091700/medium.jpg,"North Carolina, US",34.70368184,-76.62148085,United States,Not Juvenile
220384303.0,2024-06-03 21:36:35-04:00,2024-06-03,https://www.inaturalist.org/observations/220384303,https://inaturalist-open-data.s3.amazonaws.com/photos/390184243/medium.jpg,"NC, US",34.697025,-76.76968333,United States,Not Juvenile
220578561.0,2024-06-04 19:47:55-04:00,2024-06-04,https://www.inaturalist.org/observations/220578561,https://static.inaturalist.org/photos/390546745/medium.jpg,"Salter Path Rd, Pine Knoll Shores, NC, US",34.69244294,-76.83151777,United States,Not Juvenile
220596200.0,2024-04-08 15:11:52-04:00,2024-04-08,https://www.inaturalist.org/observations/220596200,https://static.inaturalist.org/photos/390582195/medium.jpg,"North Atlantic Ocean, Juno Beach, FL, US",26.88957833,-80.0549305,United States,Not Juvenile
220669859.0,2024-06-05 08:31:24-04:00,2024-06-05,https://www.inaturalist.org/observations/220669859,https://inaturalist-open-data.s3.amazonaws.com/photos/390718460/medium.jpg,"North Atlantic Ocean, FL, US",29.03273617,-80.89118833,United States,Not Juvenile
220713401.0,2024-06-04 19:50:37-04:00,2024-06-04,https://www.inaturalist.org/observations/220713401,https://inaturalist-open-data.s3.amazonaws.com/photos/390795528/medium.jpg,"Salter Path Rd, Pine Knoll Shores, NC, US",34.69247833,-76.83145333,United States,Not Juvenile
220951203.0,Thu Jun 06 2024 14:44:33 GMT -0400 (EDT),2024-06-06,https://www.inaturalist.org/observations/220951203,https://static.inaturalist.org/photos/391241300/medium.jpeg,Atlantic Beach,34.696014399999996,-76.71202087,United States,Not Juvenile
221158383.0,2024-06-06 08:39:19-04:00,2024-06-06,https://www.inaturalist.org/observations/221158383,https://inaturalist-open-data.s3.amazonaws.com/photos/391631933/medium.jpg,"North Atlantic Ocean, Jacksonville Beach, FL, US",30.29327133,-81.3886294,United States,Not Juvenile
221658517.0,2024-02-02 11:48:28,2024-02-02,https://www.inaturalist.org/observations/221658517,https://inaturalist-open-data.s3.amazonaws.com/photos/392553776/medium.jpeg,"North Palm Beach, FL, USA",26.819837099999997,-80.03720222,United States,Not Juvenile
222542743.0,2023-12-26 11:46:18-05:00,2023-12-26,https://www.inaturalist.org/observations/222542743,https://static.inaturalist.org/photos/394222240/medium.jpg,"Virginia Key, Miami, FL, US",25.73469667,-80.1562945,United States,Not Juvenile
222718607.0,2024-02-17 15:13:32-05:00,2024-02-17,https://www.inaturalist.org/observations/222718607,https://inaturalist-open-data.s3.amazonaws.com/photos/394550565/medium.jpg,"Royal Palm Island, Hollywood, FL, US",26.03343818,-80.11408928,United States,Not Juvenile
222769555.0,2024-06-14 20:51:41,2024-06-14,https://www.inaturalist.org/observations/222769555,https://inaturalist-open-data.s3.amazonaws.com/photos/394647792/medium.jpeg,"Vilano Beach, FL 32084, USA",29.92694922,-81.29587099,United States,Not Juvenile
223204011.0,2024-06-16 17:39:21-04:00,2024-06-16,https://www.inaturalist.org/observations/223204011,https://inaturalist-open-data.s3.amazonaws.com/photos/395456466/medium.jpeg,Saint Augustine,29.700000000000003,-81.23,United States,Not Juvenile
223278751.0,2018-01-14 17:46:57,2018-01-14,https://www.inaturalist.org/observations/223278751,https://static.inaturalist.org/photos/395603478/medium.jpeg,"Lauderdale-By-The-Sea, FL, USA",26.18931457,-80.09533536,United States,Not Juvenile
223435728.0,Mon Jun 17 2024 18:48:32 GMT -0400 (EDT),2024-06-17,https://www.inaturalist.org/observations/223435728,https://inaturalist-open-data.s3.amazonaws.com/photos/396271633/medium.jpeg,Crescent Beach,29.74249268,-81.24189758,United States,Not Juvenile
223445424.0,2024-06-17 19:50:43,2024-06-17,https://www.inaturalist.org/observations/223445424,https://static.inaturalist.org/photos/395919302/medium.jpeg,"Nassau County, FL, USA",30.63043944,-81.43721084,United States,Not Juvenile
223579776.0,2024-06-17 06:25:05-04:00,2024-06-17,https://www.inaturalist.org/observations/223579776,https://static.inaturalist.org/photos/396169487/medium.jpg,"North Atlantic Ocean, Jekyll Island, GA, US",31.04029717,-81.41184167,United States,Not Juvenile
223600176.0,2024-06-17 19:18:00,2024-06-17,https://www.inaturalist.org/observations/223600176,https://inaturalist-open-data.s3.amazonaws.com/photos/396208648/medium.jpeg,"Edisto Island, SC 29438, USA",32.53912127,-80.28469681,United States,Not Juvenile
223646964.0,2024-06-18 08:46:10-04:00,2024-06-18,https://www.inaturalist.org/observations/223646964,https://static.inaturalist.org/photos/396298265/medium.jpg,"North Atlantic Ocean, Jekyll Island, GA, US",31.01571112,-81.42243,United States,Not Juvenile
223667254.0,2024-01-14 09:28:52-05:00,2024-01-14,https://www.inaturalist.org/observations/223667254,https://inaturalist-open-data.s3.amazonaws.com/photos/396337653/medium.jpg,"South Beach, FL, US",25.78220833,-80.12786117,United States,Not Juvenile
223965713.0,2024-06-20 09:09:58,2024-06-20,https://www.inaturalist.org/observations/223965713,https://static.inaturalist.org/photos/396890649/medium.jpeg,"Jekyll Island, GA 31527, USA",31.02603558,-81.41726676,United States,Not Juvenile
224169391.0,2024-06-21 07:19:31-04:00,2024-06-21,https://www.inaturalist.org/observations/224169391,https://inaturalist-open-data.s3.amazonaws.com/photos/397274109/medium.jpg,"Hilton Head Island, Hilton Head Island, SC, US",32.16741792,-80.7327397,United States,Not Juvenile
224178255.0,2024-06-21 06:26:00,2024-06-21,https://www.inaturalist.org/observations/224178255,https://inaturalist-open-data.s3.amazonaws.com/photos/397289502/medium.jpeg,"Horry County, SC, USA",33.74378037,-78.81231576,United States,Not Juvenile
224499754.0,2024-06-22 17:54:56-04:00,2024-06-22,https://www.inaturalist.org/observations/224499754,https://inaturalist-open-data.s3.amazonaws.com/photos/397901339/medium.jpg,"Old Bryan Dr, Myrtle Beach, SC, US",33.720212,-78.885521,United States,Not Juvenile
224539948.0,2024-06-22 12:27:56-04:00,2024-06-22,https://www.inaturalist.org/observations/224539948,https://static.inaturalist.org/photos/397983841/medium.jpg,"North Atlantic Ocean, Isle of Palms, SC, US",32.780944999999996,-79.79495333,United States,Not Juvenile
224622900.0,2024-06-23 09:12:16-04:00,2024-06-23,https://www.inaturalist.org/observations/224622900,https://inaturalist-open-data.s3.amazonaws.com/photos/398138944/medium.jpg,"Kiawah Island, Kiawah Island, SC, US",32.59769518,-80.10087133,United States,Not Juvenile
224684195.0,2024-06-23 09:57:00,2024-06-23,https://www.inaturalist.org/observations/224684195,https://inaturalist-open-data.s3.amazonaws.com/photos/398250288/medium.jpeg,"Georgetown County, SC, USA",33.13594722,-79.24072222,United States,Not Juvenile
224688845.0,2024-06-22 17:36:00,2024-06-22,https://www.inaturalist.org/observations/224688845,https://inaturalist-open-data.s3.amazonaws.com/photos/398258713/medium.jpeg,"Edisto Island, SC 29438, USA",32.53912127,-80.28469681,United States,Not Juvenile
224745994.0,2024-06-23 16:17:46-04:00,2024-06-23,https://www.inaturalist.org/observations/224745994,https://static.inaturalist.org/photos/398369065/medium.jpg,"North Edisto River, Seabrook Island, SC, US",32.57093641,-80.18751168,United States,Not Juvenile
225198181.0,2024-06-25 18:08:26-04:00,2024-06-25,https://www.inaturalist.org/observations/225198181,https://inaturalist-open-data.s3.amazonaws.com/photos/399237023/medium.jpg,"North Atlantic Ocean, Murrells Inlet, SC, US",33.53636293,-79.02640865000001,United States,Not Juvenile
225334342.0,2024-06-25 21:39:18-04:00,2024-06-25,https://www.inaturalist.org/observations/225334342,https://inaturalist-open-data.s3.amazonaws.com/photos/399495584/medium.jpg,"Myrtle Beach, SC, US",33.74813333,-78.80556333,United States,Not Juvenile
225340500.0,2024-06-26 13:04:05-04:00,2024-06-26,https://www.inaturalist.org/observations/225340500,https://static.inaturalist.org/photos/399507303/medium.jpg,"N Ocean Blvd, North Myrtle Beach, SC, US",33.83515167,-78.61999838,United States,Not Juvenile
225421469.0,2024-06-26 19:47:02-04:00,2024-06-26,https://www.inaturalist.org/observations/225421469,https://inaturalist-open-data.s3.amazonaws.com/photos/399662877/medium.jpg,"Myrtle Beach, SC, US",33.72395069,-78.8392325,United States,Not Juvenile
225423026.0,2024-06-26 20:28:48-04:00,2024-06-26,https://www.inaturalist.org/observations/225423026,https://static.inaturalist.org/photos/399666381/medium.jpg,"North Atlantic Ocean, North Myrtle Beach, SC, US",33.82444667,-78.65033000000001,United States,Not Juvenile
225682730.0,2024-06-23 06:50:22,2024-06-23,https://www.inaturalist.org/observations/225682730,https://inaturalist-open-data.s3.amazonaws.com/photos/400161497/medium.jpeg,"Kiawah Island, SC, USA",32.62086821,-80.03568001000001,United States,Not Juvenile
226257602.0,2024-06-30 13:02:36,2024-06-30,https://www.inaturalist.org/observations/226257602,https://inaturalist-open-data.s3.amazonaws.com/photos/401242056/medium.jpeg,"North Topsail Beach, NC, USA",34.4587328,-77.4873664,United States,Not Juvenile
226344773.0,2024-06-30 09:38:47-04:00,2024-06-30,https://www.inaturalist.org/observations/226344773,https://inaturalist-open-data.s3.amazonaws.com/photos/401414634/medium.jpg,"NC, US",34.64244171,-77.10075042,United States,Not Juvenile
227662423.0,2024-07-06 20:03:34,2024-07-06,https://www.inaturalist.org/observations/227662423,https://inaturalist-open-data.s3.amazonaws.com/photos/403903060/medium.jpeg,"Brunswick County, NC, USA",33.86803056,-78.50162499999999,United States,Not Juvenile
227844298.0,2024-06-15 17:14:25,2024-06-15,https://www.inaturalist.org/observations/227844298,https://static.inaturalist.org/photos/404244490/medium.jpeg,"Crescent Beach, FL 32080, USA",29.7597632,-81.2481557,United States,Not Juvenile
227871798.0,2024-07-07 15:01:06-04:00,2024-07-07,https://www.inaturalist.org/observations/227871798,https://static.inaturalist.org/photos/404296114/medium.jpg,"Louise Howard Ct, Emerald Isle, NC, US",34.65052449,-77.07673581,United States,Not Juvenile
228293916.0,2022-11-21 21:22:30-05:00,2022-11-21,https://www.inaturalist.org/observations/228293916,https://inaturalist-open-data.s3.amazonaws.com/photos/405096941/medium.jpg,"Miami Beach Boardwalk, FL, US",25.78648333,-80.12726667,United States,Not Juvenile
229044482.0,2024-07-13 09:36:20-04:00,2024-07-13,https://www.inaturalist.org/observations/229044482,https://inaturalist-open-data.s3.amazonaws.com/photos/406526955/medium.jpeg,"North Carolina, US",34.69577715,-77.10734069,United States,Not Juvenile
229533486.0,2024-07-15 10:29:36-04:00,2024-07-15,https://www.inaturalist.org/observations/229533486,https://inaturalist-open-data.s3.amazonaws.com/photos/407445008/medium.jpeg,"Martha's Vineyard, Edgartown, MA, US",41.35046167,-70.56386333,United States,Not Juvenile
230035471.0,2024-06-27 03:30:00,2024-06-27,https://www.inaturalist.org/observations/230035471,https://inaturalist-open-data.s3.amazonaws.com/photos/408406573/medium.jpeg,"Brunswick County, NC, USA",33.87081308,-78.49070918,United States,Not Juvenile
231461377.0,2021-11-25 09:52:52,2021-11-25,https://www.inaturalist.org/observations/231461377,https://static.inaturalist.org/photos/411098492/medium.jpeg,"South Beach, Miami Beach, FL 33139, USA",25.784144,-80.12767699999999,United States,Not Juvenile
232536523.0,2022-12-13 12:05:37,2022-12-13,https://www.inaturalist.org/observations/232536523,https://static.inaturalist.org/photos/413137334/medium.jpeg,"Wrightsville Beach, NC, USA",34.214584599999995,-77.7884054,United States,Not Juvenile
233021807.0,2024-07-31 15:24:37-04:00,2024-07-31,https://www.inaturalist.org/observations/233021807,https://static.inaturalist.org/photos/414069311/medium.jpeg,"Waties Island, North Myrtle Beach, SC, US",33.84781333,-78.56817000000001,United States,Not Juvenile
233377482.0,2023-12-16 08:25:00,2023-12-16,https://www.inaturalist.org/observations/233377482,https://inaturalist-open-data.s3.amazonaws.com/photos/414746665/medium.jpeg,"Brevard County, FL, USA",28.661340000000003,-80.63594499999999,United States,Not Juvenile
233377493.0,2023-12-16 09:38:00,2023-12-16,https://www.inaturalist.org/observations/233377493,https://inaturalist-open-data.s3.amazonaws.com/photos/414746745/medium.jpeg,"Brevard County, FL, USA",28.66131667,-80.63596000000001,United States,Not Juvenile
233723206.0,2021-12-25 12:57:14,2021-12-25,https://www.inaturalist.org/observations/233723206,https://static.inaturalist.org/photos/415401613/medium.jpg,"Boynton Beach Inlet, FL, USA",26.544538,-80.042867,United States,Not Juvenile
235158755.0,2024-05-07 14:02:00-04:00,2024-05-07,https://www.inaturalist.org/observations/235158755,https://inaturalist-open-data.s3.amazonaws.com/photos/418167273/medium.jpeg,"Anastasia State Park, St. Augustine, FL, US",29.87489044,-81.27054723,United States,Not Juvenile
237107095.0,2023-12-22 11:13:33-05:00,2023-12-22,https://www.inaturalist.org/observations/237107095,https://inaturalist-open-data.s3.amazonaws.com/photos/421929184/medium.jpeg,"Royal Palm Island, Sunny Isles Beach, FL, US",25.93954667,-80.11965833000001,United States,Not Juvenile
238176310.0,2022-03-11 12:12:02-05:00,2022-03-11,https://www.inaturalist.org/observations/238176310,https://inaturalist-open-data.s3.amazonaws.com/photos/423993922/medium.jpeg,"Eau Palm Beach Resort & Spa, Manalapan, FL, US",26.5837,-80.0377055,United States,Not Juvenile
238666624.0,2024-06-24 01:10:04,2024-06-24,https://www.inaturalist.org/observations/238666624,https://inaturalist-open-data.s3.amazonaws.com/photos/424938048/medium.jpeg,"Isle of Palms, SC, USA",32.779213999999996,-79.79892397,United States,Not Juvenile
239733681.0,2024-07-05 19:22:48-04:00,2024-07-05,https://www.inaturalist.org/observations/239733681,https://static.inaturalist.org/photos/427014389/medium.jpeg,"Ashe Island, Topsail Beach, NC, US",34.349720000000005,-77.64656167,United States,Not Juvenile
240526586.0,2024-01-27 10:55:35-05:00,2024-01-27,https://www.inaturalist.org/observations/240526586,https://inaturalist-open-data.s3.amazonaws.com/photos/428537332/medium.jpeg,"North Atlantic Ocean, Jupiter Island, FL, US",27.07235283,-80.11701117,United States,Not Juvenile
